candidate_id,source_row,target_position,resume_text,clean_skills,clean_skills_json,education_text,experience_text,years_experience,inferred_category,embedding,structured_sections,processed_resume,tokens,final_processed_resume
cand_00000,0,Senior Software Engineer,"Target position: Senior Software Engineer Objective: Big data analytics working and database warehouse manager with robust experience in handling all kinds of data. I have also used multiple cloud infrastructure services and am well acquainted with them. Currently in search of role that offers more of development. Skills: big data, hadoop, hive, python, mapreduce, spark, java, machine learning, cloud, hdfs, yarn, core java, data science, c++, data structures, dbms, rdbms, informatica, talend, amazon redshift, microsoft azure Education: ['B.Tech'] ['Electronics'] ['The Amity School of Engineering & Technology (ASET), Noida'] B.Sc in Computer Science & Engineering from a reputed university. Experience: At least 1 year ['Big Data Analyst'] Technical Support Troubleshooting Collaboration Documentation System Monitoring Software Deployment Training & Mentorship Industry Trends Field Visits Technical Support Troubleshooting Collaboration Documentation System Monitoring Software Deployment Training & Mentorship Industry Trends Field Visits ['Nov 2019'] ['Till Date']","[""big data"", ""hadoop"", ""hive"", ""python"", ""mapreduce"", ""spark"", ""java"", ""machine learning"", ""cloud"", ""hdfs"", ""yarn"", ""core java"", ""data science"", ""c++"", ""data structures"", ""dbms"", ""rdbms"", ""informatica"", ""talend"", ""amazon redshift"", ""microsoft azure""]","[""big data"", ""hadoop"", ""hive"", ""python"", ""mapreduce"", ""spark"", ""java"", ""machine learning"", ""cloud"", ""hdfs"", ""yarn"", ""core java"", ""data science"", ""c++"", ""data structures"", ""dbms"", ""rdbms"", ""informatica"", ""talend"", ""amazon redshift"", ""microsoft azure""]","['B.Tech'] ['Electronics'] ['The Amity School of Engineering & Technology (ASET), Noida'] B.Sc in Computer Science & Engineering from a reputed university.","At least 1 year ['Big Data Analyst'] Technical Support
Troubleshooting
Collaboration
Documentation
System Monitoring
Software Deployment
Training & Mentorship
Industry Trends
Field Visits Technical Support
Troubleshooting
Collaboration
Documentation
System Monitoring
Software Deployment
Training & Mentorship
Industry Trends
Field Visits ['Nov 2019'] ['Till Date']",1.0,INFORMATION-TECHNOLOGY,"[0.06282798945903778, 0.03344276547431946, -0.052133239805698395, -0.043887585401535034, 0.04524204134941101, 0.016655540093779564, -0.05059404671192169, -0.022055206820368767, 0.03531971573829651, -0.026899630203843117, 0.043325576931238174, 0.0053589665330946445, -0.023390525951981544, 0.12542881071567535, 0.005053569097071886, -0.03165363892912865, 0.007570191752165556, 0.0212195236235857, -0.04646657407283783, 0.0030849273316562176, 0.010449105873703957, -0.0028133699670434, -0.021675121039152145, 0.007660193368792534, -0.03813774883747101, 0.022511539980769157, 0.013746986165642738, 0.018126575276255608, 0.0028796186670660973, 0.00011302136408630759, 0.009400095790624619, -0.04695635661482811, -0.006860880181193352, -0.01375250518321991, 2.1585692593362182e-06, -0.029476789757609367, -0.005522737745195627, -0.0012638949556276202, 0.019921069964766502, -0.045176826417446136, 0.05474764481186867, -0.012653080746531487, -0.016577787697315216, 0.025672046467661858, -0.014214928261935711, -0.017129866406321526, 0.06504785269498825, -0.007328763138502836, 0.010650898329913616, 0.047944385558366776, 0.010888539254665375, -0.039965562522411346, -0.047809064388275146, -0.010674436576664448, 0.002121953759342432, -0.00864268559962511, -0.0309175793081522, 0.03241277113556862, 0.035048775374889374, 0.014981040731072426, -0.0033412573393434286, -0.05255470424890518, -0.04268811270594597, -0.011403744108974934, 0.05184091255068779, 0.06988836824893951, 0.028207480907440186, -0.010472266934812069, 0.016502680256962776, -0.03864229470491409, 0.03914063051342964, -0.030880700796842575, -0.010730309411883354, 0.03263861685991287, -0.01914680376648903, 0.006410730071365833, 0.012031273916363716, -0.03939242660999298, 0.02834319695830345, 0.008049306459724903, -0.004976586438715458, 0.028279025107622147, -0.04338741675019264, -0.056008823215961456, -0.012705245055258274, 0.04045037925243378, -0.002796880202367902, -0.009034661576151848, 0.015269600786268711, -0.03059612587094307, 0.04406990110874176, 0.013164163567125797, -0.03066861815750599, 0.025792505592107773, -0.09479168802499771, 0.004758620169013739, 0.038765646517276764, -0.03737857565283775, 0.02142149768769741, -4.297293344279751e-05, -0.038710977882146835, 0.02899930253624916, 0.02740071713924408, 0.0016809144290164113, 0.015736129134893417, 0.022212399169802666, 0.004602376371622086, -0.0054213725961744785, -0.021821964532136917, -0.04194289818406105, 0.02309015393257141, -0.031657200306653976, 0.0010327984346076846, -0.052207812666893005, 0.015723878517746925, 0.021719593554735184, -0.02255195379257202, 0.02941640093922615, 0.014074761420488358, -0.016866326332092285, 0.01669990085065365, 0.0272164698690176, 0.008311795070767403, 0.03578989580273628, -0.05371817946434021, -0.03752525523304939, -0.040428824722766876, 0.027989273890852928, 0.01899430714547634, -0.011221862398087978, -0.02105625532567501, 0.009294234216213226, 0.018040334805846214, -0.006232141051441431, 0.03263091295957565, 0.05736517906188965, 0.002008079783990979, 0.09378241002559662, -0.05289459973573685, 0.022169316187500954, 0.010427206754684448, -0.004786008037626743, -0.023065771907567978, 0.036377597600221634, -0.038182299584150314, -0.009714631363749504, -0.0311029851436615, 0.011331740766763687, -0.024846147745847702, 0.010969875380396843, 0.029716745018959045, -0.0419275239109993, -0.03004181757569313, -0.007884648628532887, 0.051822222769260406, 0.01599925570189953, 0.0002641009632498026, 0.012864134274423122, -0.0319843590259552, 0.006567645352333784, 0.0038657612167298794, -0.04489659518003464, 0.03489617630839348, 0.03416220843791962, -0.05102710425853729, 0.028066368773579597, 0.0395817905664444, 0.09167176485061646, -0.022408699616789818, 0.033475928008556366, 0.05332960560917854, -0.04356398060917854, 0.013625462539494038, 0.07527970522642136, 0.023487400263547897, 0.028514385223388672, 0.028767967596650124, -0.007655356545001268, 0.004150725901126862, 0.039836011826992035, -0.049935709685087204, -0.10877978801727295, 0.03566562384366989, 0.06673168390989304, 0.04395148903131485, -0.0030546949710696936, -0.029585864394903183, 0.04205429181456566, 0.011105894111096859, 0.03940042108297348, 0.04993445426225662, 0.0017627793131396174, -0.0512164831161499, 0.015837600454688072, 0.01097910851240158, 0.03971166908740997, -0.05917002260684967, -0.003721904009580612, -0.002722820732742548, -0.05513649433851242, -0.040521133691072464, -0.01514384988695383, 0.009284763596951962, -0.05339174345135689, 0.05726493522524834, -0.06335914134979248, -0.04426325112581253, -0.07170357555150986, 0.012870739214122295, 0.009814809076488018, 0.055383145809173584, 4.4285436160862446e-05, -0.04129047319293022, 0.016999416053295135, -0.045986223965883255, -0.0034423668403178453, 0.00646399799734354, -0.05903881415724754, 0.022810040041804314, -0.019142143428325653, -0.03127748519182205, 0.002834652317687869, -0.043420709669589996, 0.01533274631947279, 0.06956939399242401, 0.03652479499578476, 0.03501753509044647, 0.004771954845637083, 0.04245736449956894, 0.005348802078515291, 0.0062123555690050125, -0.006593315862119198, 0.007879365235567093, 0.025190269574522972, -0.021225538104772568, 0.04974409192800522, 0.034879814833402634, 0.02906481735408306, -0.05853547900915146, 0.03440976142883301, -0.012167767621576786, 0.00728833070024848, -0.01836162991821766, 0.026247987523674965, 0.014575013890862465, -0.01785643771290779, -0.06758939474821091, 0.04928804561495781, 0.007765069138258696, -0.05909349024295807, 0.01977759785950184, -0.009882309474050999, 0.03329465165734291, 0.09071607142686844, 0.007151317782700062, -0.07241979986429214, -0.02632153034210205, 0.061860207468271255, -0.07469987124204636, 0.024591626599431038, -0.0007277379627339542, -0.06176365539431572, 0.0027100560255348682, -0.0017987843602895737, 0.0035604662261903286, -0.07761429250240326, 0.03410312905907631, -0.015458840876817703, -0.0012541204923763871, 0.03547552973031998, 0.02933843992650509, 0.0473967082798481, 0.03881154954433441, -0.007742415182292461, -0.023812321946024895, -0.026984218508005142, 0.044688206166028976, 0.0478004589676857, -0.020221801474690437, 0.035873670130968094, 0.01839958317577839, -0.042256880551576614, 0.03594442084431648, 0.0399777851998806, -0.007794755510985851, 0.01602982170879841, -0.009874217212200165, 0.01672149822115898, 0.033865731209516525, 0.020791184157133102, -0.02362130954861641, 0.012284327298402786, 0.0001304421602981165, -0.02534862980246544, -0.03905225917696953, 0.02547803707420826, -0.007005562074482441, 0.030870135873556137, -0.015881577506661415, 0.010669196955859661, -0.05296194180846214, 0.016751807183027267, 0.058759745210409164, -0.017233362421393394, 0.016705751419067383, 0.03418135643005371, -0.002676508156582713, 0.07536061108112335, 0.008842114359140396, -0.12016501277685165, 0.012935161590576172, -0.01060740277171135, 0.0348956398665905, -0.017968298867344856, -0.008854489773511887, 0.0008909395546652377, -0.022599171847105026, -0.005298929754644632, -0.005057491362094879, 0.04031815007328987, -0.03897074982523918, -0.0089413458481431, -0.04013308510184288, -0.007960357703268528, 0.015152488835155964, -0.08242142200469971, -0.12190055102109909, -0.058460529893636703, 0.011220156215131283, -0.06850548833608627, 0.010587675496935844, -0.07831168919801712, -0.028655895963311195, -0.03741917759180069, 0.036249030381441116, -0.09029603749513626, -0.03301050513982773, -0.0671309232711792, 0.015394574031233788, -0.02875683456659317, -0.019580423831939697, 0.013152705505490303, -0.013008401729166508, 0.0595000796020031, 0.0011917644878849387, -0.030852770432829857, 0.04963165521621704, -0.005834633018821478, -0.027136271819472313, 0.039772290736436844, 0.020417392253875732, 0.05032576993107796, 0.028842037543654442, -0.03711388632655144, -0.006928070914000273, -0.0715937614440918, 0.0417349636554718, 0.056035615503787994, -0.017983946949243546, 0.06655911356210709, -0.02382945641875267, 0.017699306830763817, 0.0028887412045150995, -0.060310449451208115, -0.041243165731430054, 0.018128545954823494, -0.01834428869187832, -0.08419451117515564, 0.023444561287760735, -0.005009440239518881, 0.005687397439032793, -0.04923616722226143, -0.002820668974891305, -0.02947976440191269, -0.03931865096092224, 0.008707885630428791, 0.01177078578621149, 0.015214811079204082, -0.05058620125055313, 0.03628968819975853, 0.060274917632341385, -0.06957600265741348, 0.02105436846613884, 0.007818244397640228, -0.0032273547258228064, -0.036471590399742126, 0.005838634446263313, -0.013524670153856277, -0.03576773777604103, 0.024334730580449104, -0.008265523239970207, 0.008849821984767914, -0.03268057852983475, -0.056533340364694595, 0.03207460045814514, -0.015032674185931683, -0.039296235889196396, 0.0019459105096757412, 0.017751086503267288, 0.0011676470749080181, 0.0003726123832166195, -0.014542543329298496, -0.015204077586531639, 0.03656814619898796, -0.046784766018390656, -0.029328498989343643, 0.04265140742063522, 0.00043646551785059273, -0.0037501701153814793, 0.09925216436386108, -0.004297536797821522, 0.036688923835754395, 0.011863522231578827, 0.04510572925209999, 0.022540844976902008, -0.025780072435736656, -0.028358157724142075, 0.010166226886212826, 0.04359055310487747, -0.06883098930120468, 0.0554339699447155, 0.0350484661757946, 0.060605358332395554, 0.0015726343262940645, 0.01601272262632847, -0.04807141050696373, 0.002597033977508545, 0.032050762325525284, 0.038754746317863464, -0.053393058478832245, -0.037636350840330124, 0.036057088524103165, 0.036346420645713806, 0.035929445177316666, 0.02945058047771454, -0.023421533405780792, 0.04930369183421135, 0.013448398560285568, -0.008268509060144424, 0.047433074563741684, 0.007553343661129475, 0.038434285670518875, 0.03572002053260803, 0.08171449601650238, 0.052937064319849014, -0.030764879658818245, -0.017717989161610603, 0.019222071394324303, -0.019430626183748245, -0.003615136258304119, 0.12320850789546967, -0.030664050951600075, -0.002245747484266758, -0.001792705268599093, 0.019784174859523773, -0.06261202692985535, -0.06248689442873001, 0.01823733188211918, 0.0011226678034290671, -0.010477183386683464, 0.00828524213284254, 0.02325606159865856, -0.01359934825450182, -0.011461421847343445, -0.07427952438592911, 0.023299209773540497, 0.009758471511304379, -0.06537441164255142, 0.0013338414719328284, -0.09689991921186447, 0.017157480120658875, -0.05315099656581879, -0.05428573861718178, 0.01241397112607956, 0.0076051317155361176, -0.007911449298262596, -0.047947753220796585, 0.06633808463811874, 0.028093183413147926, -0.011563380248844624, 0.013593759387731552, -0.009798655286431313, 0.03755558282136917, -0.06780321151018143, -0.00912265945225954, 0.008795658126473427, 0.04900487884879112, -0.0017108952160924673, -0.029867403209209442, -0.03495151177048683, 0.06600834429264069, 0.0015960849123075604, 0.02351567894220352, -0.01768108457326889, 0.057207994163036346, -0.03366346284747124, -0.03706527128815651, 0.02650364302098751, 0.03535278141498566, 0.04838382452726364, 0.01792808435857296, -0.008691995404660702, 0.007069921586662531, -0.033697888255119324, -0.006604350171983242, -0.04482496902346611, -0.0497669093310833, 0.0066657597199082375, -0.035626184195280075, -0.0021491828374564648, 0.016757020726799965, -0.007559012155979872, -0.03706918656826019, -0.047326117753982544, 0.043674636632204056, -0.01657433621585369, -0.015111171640455723, -0.016674352809786797, 0.01928859017789364, -0.006710141431540251, -0.004187776241451502, -0.012060634791851044, -0.027865029871463776, 0.013558907434344292, 0.006014916114509106, 0.016390981152653694, -0.0172256026417017, -0.02194364182651043, 0.024893444031476974, 0.025958219543099403, 0.020695015788078308, -0.0018860023701563478, -0.06403202563524246, -0.020977318286895752, 0.015143797732889652, 0.018222322687506676, 0.040832292288541794, 0.033552173525094986, 0.04820826277136803, 0.03582645580172539, 0.012046925723552704, 0.021877244114875793, -0.004625038709491491, -0.029403598979115486, -0.031486812978982925, -0.05130394920706749, -0.04252461716532707, 0.014742562547326088, 0.05224514752626419, 0.02206460013985634, 0.026367763057351112, -0.0585622638463974, -0.02561039663851261, 0.019037926569581032, -0.015567249618470669, -5.693421664867315e-33, 0.05665232613682747, -0.0329056940972805, 0.025872591882944107, -0.027575992047786713, -0.04158377647399902, -0.009450423531234264, 0.02368992194533348, -0.02969001792371273, -0.04282556474208832, 0.004065013490617275, -0.007876494899392128, -0.0003410911886021495, 0.011598432436585426, 0.03869421035051346, 0.0022646847646683455, 0.05781319737434387, -0.0034275201614946127, 0.016466589644551277, -0.011781346052885056, 0.03910962864756584, -0.03393258899450302, -0.0013523036614060402, -0.021755699068307877, -0.03269147127866745, -0.03997569903731346, -0.036219339817762375, -0.012306617572903633, 0.0416710302233696, 0.006138170138001442, 0.011920107528567314, 0.050399456173181534, -0.01523193996399641, 0.007701302412897348, -0.013180151581764221, 0.0004275701357983053, 0.01434110477566719, -0.027414660900831223, 0.012614584527909756, -0.01547546312212944, 0.041218068450689316, 0.024634573608636856, 0.024805089458823204, -0.007617177441716194, 0.007308213971555233, -0.020376082509756088, 0.0027109847869724035, 0.0022800432052463293, 0.01961241289973259, 0.005139559973031282, -0.03170961141586304, -0.01128373946994543, 0.0031760476995259523, -0.07723064720630646, 0.06418871134519577, -0.05315893143415451, 0.04235928878188133, 0.00961148552596569, -0.014673199504613876, -0.04686761274933815, 0.017029382288455963, -0.023697268217802048, 0.023625673726201057, 0.022860266268253326, 0.014126088470220566, -0.0004203566932119429, -0.0024820060934871435, 0.04724150151014328, 0.0008082569693215191, 0.028628874570131302, -0.011121343821287155, -0.03188159316778183, 0.029661940410733223, -0.04088521748781204, -0.04910555109381676, -0.017904266715049744, -0.11014897376298904, -0.0016193903284147382, -0.003702231217175722, 0.009969324804842472, -0.007076924201101065, -0.02637888304889202, 0.03973511978983879, -0.02305722050368786, -0.022221282124519348, 0.051132284104824066, -0.0031225872226059437, -0.020387932658195496, -0.0029191032517701387, 0.027075624093413353, -0.012832175008952618, -0.03957545384764671, 0.08015849441289902, -0.011648892425000668, 0.014435237273573875, 0.07129077613353729, 0.01931581273674965, -0.03427189216017723, 0.0054254308342933655, 0.02283218689262867, -0.0230561550706625, 0.0198709424585104, -0.028721868991851807, 0.016825523227453232, 0.02331952564418316, 0.040307849645614624, 0.023336226120591164, -0.006135160103440285, -0.021582476794719696, -0.06985596567392349, 0.009418744593858719, 0.005188615061342716, 0.036901507526636124, -0.03730485215783119, -0.04045414552092552, -0.0562419630587101, -0.01164987962692976, 0.04877825453877449, -0.004946509376168251, 0.039136286824941635, 0.01440807618200779, 0.03144047036767006, 0.0075852470472455025, 0.02618510089814663, -0.056746531277894974, 0.019810836762189865, -0.007848398759961128, 0.014590833336114883, -0.1080043837428093, -0.0092930281534791, -0.05002365633845329, 0.00131639139726758, 0.026074253022670746, 2.7487868692332995e-07, -0.004137010779231787, 0.0031507457606494427, -0.04349212348461151, 0.008681540377438068, 0.01555855106562376, -0.007314164191484451, -0.010167463682591915, -0.040971994400024414, 0.0012097037397325039, 0.045623648911714554, -0.02204933948814869, -0.03828118368983269, -0.020476223900914192, -0.051628030836582184, 0.0010570500744506717, -0.13353502750396729, -0.03877757489681244, -0.016940919682383537, -0.08196033537387848, 0.06460101157426834, 0.04476708173751831, 0.02289247140288353, 0.026919128373265266, -0.010727161541581154, 0.02258942276239395, -0.03338928893208504, -0.035969629883766174, 0.03530211001634598, 0.06074611470103264, 0.1282959282398224, -0.014811632223427296, 0.014658784493803978, 0.0038542684633284807, 0.013731269165873528, -0.004042106680572033, -0.0006572254351340234, 0.018514128401875496, 0.027153097093105316, 0.025706790387630463, 0.047539595514535904, 0.03437729924917221, 0.020057974383234978, 0.011771278455853462, -0.013871508650481701, 0.07267297059297562, -0.004145239945501089, -0.05444394797086716, -0.007169479038566351, -0.032902587205171585, -0.03191610425710678, -0.014152506366372108, 0.014425335451960564, -0.028470251709222794, -0.02941206656396389, -0.004513813182711601, -0.024908075109124184, -0.0881304144859314, 0.007852546870708466, 0.03223525732755661, 0.030372977256774902, -0.006272125989198685, -0.0051629142835736275, 0.0165428314357996, 0.041195210069417953, 0.06943490356206894, 0.028767729178071022, 0.029425134882330894, 3.176897231428305e-34, 0.034302033483982086, 0.032542888075113297, 0.015430068597197533, -0.04622144624590874, 0.07703303545713425, -0.044412340968847275, 0.04721629247069359, -0.028226634487509727, -0.009972946718335152, 0.003200011793524027, -0.015769021585583687]","{'Experience': 'in handling all kinds of data. I have also used multiple cloud infrastructure services and am well acquainted with them. Currently in search of role that offers more of development.', 'Education': "": ['B.Tech'] ['Electronics'] ['The Amity School of Engineering & Technology (ASET), Noida'] B.Sc in Computer Science & Engineering from a reputed university."", 'Skills': ': big data, hadoop, hive, python, mapreduce, spark, java, machine learning, cloud, hdfs, yarn, core java, data science, c++, data structures, dbms, rdbms, informatica, talend, amazon redshift, microsoft azure'}",target position senior software engineer objective big data analytics working and database warehouse manager with robust experience in handling all kinds of data. i have also used multiple cloud infrastructure services and am well acquainted with them. currently in search of role that offers more of development. skills big data hadoop hive python mapreduce spark java machine learning cloud hdfs yarn core java data science c++ data structures dbms rdbms informatica talend amazon redshift microsoft azure education b.tech electronics the amity school of engineering technology aset noida b.sc in computer science engineering from a reputed university. experience at least 1 year big data analyst technical support troubleshooting collaboration documentation system monitoring software deployment training mentorship industry trends field visits technical support troubleshooting collaboration documentation system monitoring software deployment training mentorship industry trends field visits nov 2019 till date,"['target', 'position', 'senior', 'software', 'engineer', 'objective', 'big', 'data', 'analytics', 'working', 'database', 'warehouse', 'manager', 'robust', 'experience', 'handling', 'kind', 'data', 'also', 'used', 'multiple', 'cloud', 'infrastructure', 'service', 'well', 'acquainted', 'currently', 'search', 'role', 'offer', 'development', 'skill', 'big', 'data', 'hadoop', 'hive', 'python', 'mapreduce', 'spark', 'java', 'machine', 'learning', 'cloud', 'hdfs', 'yarn', 'core', 'java', 'data', 'science', 'c++', 'data', 'structure', 'dbms', 'rdbms', 'informatica', 'talend', 'amazon', 'redshift', 'microsoft', 'azure', 'education', 'b', 'tech', 'electronics', 'amity', 'school', 'engineering', 'technology', 'aset', 'noida', 'b', 'sc', 'computer', 'science', 'engineering', 'reputed', 'university', 'experience', 'least', 'year', 'big', 'data', 'analyst', 'technical', 'support', 'troubleshooting', 'collaboration', 'documentation', 'system', 'monitoring', 'software', 'deployment', 'training', 'mentorship', 'industry', 'trend', 'field', 'visit', 'technical', 'support', 'troubleshooting', 'collaboration', 'documentation', 'system', 'monitoring', 'software', 'deployment', 'training', 'mentorship', 'industry', 'trend', 'field', 'visit', 'nov', 'till', 'date']",target position senior software engineer objective big data analytics working database warehouse manager robust experience handling kind data also used multiple cloud infrastructure service well acquainted currently search role offer development skill big data hadoop hive python mapreduce spark java machine learning cloud hdfs yarn core java data science c++ data structure dbms rdbms informatica talend amazon redshift microsoft azure education b tech electronics amity school engineering technology aset noida b sc computer science engineering reputed university experience least year big data analyst technical support troubleshooting collaboration documentation system monitoring software deployment training mentorship industry trend field visit technical support troubleshooting collaboration documentation system monitoring software deployment training mentorship industry trend field visit nov till date
cand_00001,1,Machine Learning (ML) Engineer,"Target position: Machine Learning (ML) Engineer Objective: Fresher looking to join as a data analyst and junior data scientist. Experienced in creating meaningful data dashboards and evaluation models. Skills: data analysis, data analytics, business analysis, sas, powerbi, tableau, data visualization, business analytics, machine learning Education: ['B.Sc (Maths)', 'M.Sc (Science) (Statistics)'] ['Mathematics', 'Statistics'] ['Delhi University - Hansraj College', 'Delhi University - Hansraj College'] M.Sc in Computer Science & Engineering or in any relevant discipline from a reputed University Experience: At least 5 year(s) ['Business Analyst'] Machine Learning Leadership Cross-Functional Collaboration Strategy Development ML/NLP Infrastructure Prototype Transformation ML System Design Algorithm Research Application Development Dataset Selection ML Testing Statistical Analysis R&D in ML/NLP Text Representation Data Pipeline Design Statistical Data Analysis Model Training Team Collaboration Research Reporting Algorithm Analysis Machine Learning Leadership Cross-Functional Collaboration Strategy Development ML/NLP Infrastructure Prototype Transformation ML System Design Algorithm Research Application Development Dataset Selection ML Testing Statistical Analysis R&D in ML/NLP Text Representation Data Pipeline Design Statistical Data Analysis Model Training Team Collaboration Research Reporting Algorithm Analysis ['Sep 2019'] ['Till Date']","[""data analysis"", ""data analytics"", ""business analysis"", ""sas"", ""powerbi"", ""tableau"", ""data visualization"", ""business analytics"", ""machine learning""]","[""data analysis"", ""data analytics"", ""business analysis"", ""sas"", ""powerbi"", ""tableau"", ""data visualization"", ""business analytics"", ""machine learning""]","['B.Sc (Maths)', 'M.Sc (Science) (Statistics)'] ['Mathematics', 'Statistics'] ['Delhi University - Hansraj College', 'Delhi University - Hansraj College'] M.Sc in Computer Science & Engineering or in any relevant discipline from a reputed University","At least 5 year(s) ['Business Analyst'] Machine Learning Leadership
Cross-Functional Collaboration
Strategy Development
ML/NLP Infrastructure
Prototype Transformation
ML System Design
Algorithm Research
Application Development
Dataset Selection
ML Testing
Statistical Analysis
R&D in ML/NLP
Text Representation
Data Pipeline Design
Statistical Data Analysis
Model Training
Team Collaboration
Research Reporting
Algorithm Analysis Machine Learning Leadership
Cross-Functional Collaboration
Strategy Development
ML/NLP Infrastructure
Prototype Transformation
ML System Design
Algorithm Research
Application Development
Dataset Selection
ML Testing
Statistical Analysis
R&D in ML/NLP
Text Representation
Data Pipeline Design
Statistical Data Analysis
Model Training
Team Collaboration
Research Reporting
Algorithm Analysis ['Sep 2019'] ['Till Date']",5.0,INFORMATION-TECHNOLOGY,"[0.038818471133708954, 0.016407284885644913, -0.04155665636062622, -0.04380759969353676, 0.039911895990371704, 0.012901297770440578, -0.019838621839880943, -0.03994489088654518, 0.018734358251094818, -0.03830249235033989, 0.03677288070321083, 0.025491809472441673, 0.0036031308118253946, 0.1251394897699356, 0.02748679183423519, -0.030652688816189766, 0.011096342466771603, 0.01710512861609459, -0.022604841738939285, -0.005562471691519022, -0.02189607359468937, -0.011575332842767239, -0.026439739391207695, -0.007525538560003042, -0.021366724744439125, -0.01588633842766285, -0.00012489539221860468, 0.04283714294433594, 0.0023461754899472, -0.02102499268949032, 0.013272483833134174, -0.036819521337747574, -0.015292655676603317, 0.008775235153734684, 2.1239732177491533e-06, -0.0523250587284565, 0.008041751570999622, 0.02386331930756569, 0.016777995973825455, -0.08607824891805649, 0.032945066690444946, -0.0007322129094973207, 0.015122804790735245, 0.01662108488380909, -0.06221383437514305, 0.03346848487854004, 0.05049978941679001, -0.006803162861615419, 0.04280969500541687, 0.07520686835050583, 0.0073580266907811165, -0.04712684080004692, 0.023510627448558807, 0.0022583126556128263, 0.013627676293253899, -0.035842373967170715, -0.005755084566771984, 0.06013181060552597, -0.021306337788701057, -0.006262240931391716, 0.02097715623676777, -0.01878218911588192, -0.02688729576766491, -0.02300981804728508, 0.07067305594682693, 0.05275282636284828, 0.01969045028090477, -0.03924509137868881, -0.014766662381589413, -0.0033808546140789986, 0.005795951932668686, -0.015952160581946373, -0.036042649298906326, 0.00013237999519333243, 0.01278422586619854, 0.0024451192002743483, -0.00939631275832653, -0.03448230028152466, 0.01076030358672142, -0.004052439238876104, -0.02421419881284237, 0.038237061351537704, -0.030134722590446472, -0.0320211723446846, -0.01038452424108982, 0.03977125883102417, -0.005681895185261965, -0.004625117871910334, 0.05374845117330551, -0.037138573825359344, 0.050710223615169525, 0.022223103791475296, -0.04279699549078941, 0.01053951308131218, -0.06491407752037048, -0.005633325316011906, 0.017344720661640167, -0.041413869708776474, -0.0039961570873856544, -0.02083946019411087, -0.007022364065051079, 0.009164489805698395, 0.03158492594957352, 0.0068769254721701145, -0.029446261003613472, 0.031018419191241264, 0.03831028565764427, 0.006228515412658453, -0.023936761543154716, -0.05118582025170326, 0.020799385383725166, -0.02654985710978508, -0.02420678175985813, -0.023090865463018417, 0.011006215587258339, 0.06504818797111511, -0.03440558910369873, 0.05328576639294624, 0.005753775127232075, -0.03854929283261299, 0.04084048420190811, 0.022303730249404907, 0.009147808887064457, 0.050986792892217636, -0.06271621584892273, -0.02779327891767025, -0.004369266796857119, 0.04213009774684906, 0.0340009480714798, -0.032017938792705536, 0.026588477194309235, 0.024062881246209145, -0.0025186685379594564, -0.009364076890051365, 0.027660787105560303, 0.061217911541461945, 0.01917591504752636, 0.09025350958108902, -0.06728789955377579, 0.03024793043732643, 0.03393731266260147, -0.04402942210435867, -0.003382437163963914, 0.03346183896064758, -0.006613295525312424, 0.005117607302963734, -0.014733122661709785, -0.031097523868083954, -0.005559143144637346, 0.028105586767196655, 0.019314713776111603, 0.002660058904439211, -0.04156412184238434, -0.004091495182365179, 0.01976427435874939, 0.007310704328119755, 0.0023152739740908146, 0.013039574027061462, 0.011999215930700302, 0.02424468658864498, -0.003495156764984131, -0.03013850934803486, 0.02474350854754448, 0.03335368633270264, -0.023570649325847626, -0.007713998667895794, -0.001225334475748241, 0.08845672011375427, -0.053284451365470886, -0.0011276835575699806, 0.03138565644621849, -0.03361210599541664, 0.0034033560659736395, 0.041592665016651154, 0.01695411466062069, 0.022735105827450752, 0.03248501569032669, -0.005044793244451284, 0.014061887748539448, 0.020048493519425392, -0.012354608625173569, -0.11858319491147995, 0.02632235363125801, 0.08044308423995972, 0.006245550233870745, -0.005378187634050846, -0.01608322188258171, 0.06179023161530495, -0.010001879185438156, 0.004931796342134476, 0.025856435298919678, 0.010993590578436852, -0.07120354473590851, 0.003749706782400608, -0.008109877817332745, 0.0024478950072079897, -0.050253383815288544, -0.027904309332370758, -0.016653474420309067, -0.06893346458673477, -0.08718495070934296, -0.03844064474105835, -0.016217196360230446, -0.0405522957444191, 0.05034744739532471, -0.035144783556461334, -0.018384266644716263, -0.09094192832708359, -0.01455035712569952, -0.019685344770550728, 0.07183139771223068, -0.025072131305933, -0.03782578930258751, -0.004028690978884697, -0.0443430095911026, 0.0014459744561463594, -0.02522597461938858, -0.04621613025665283, 0.02049102820456028, -0.03357771784067154, -0.02386094629764557, -0.010916944593191147, -0.07463701069355011, 0.0281775314360857, 0.017120888456702232, 0.04410099238157272, 0.03269927576184273, 0.012613445520401001, 0.06134738028049469, 0.02323097735643387, 0.018904054537415504, 0.009045535698533058, 0.017488110810518265, 0.033036038279533386, 0.00710289366543293, 0.03798447549343109, 0.033977992832660675, 0.0037462343461811543, -0.020774107426404953, -0.02185807190835476, -0.03743867203593254, 0.04923802241683006, -0.0016397427534684539, 0.009065509773790836, 0.0020488628651946783, -0.013316960074007511, -0.06868249922990799, 0.02914954163134098, 0.00533812353387475, -0.03414968028664589, 0.010056423023343086, -0.0016679838299751282, 0.03525804355740547, 0.028443945571780205, -0.007994956336915493, -0.01729063130915165, -0.04082237929105759, 0.07774713635444641, -0.06430577486753464, 0.028702080249786377, -0.04048917442560196, -0.03355224058032036, 0.034315310418605804, -0.008310412056744099, 0.004119054414331913, -0.05167737230658531, 0.035823218524456024, 0.0069667580537498, -0.018868599086999893, 0.04366014525294304, 0.04088292643427849, 0.04158194735646248, 0.0036142391618341208, -0.010324136354029179, -0.019053101539611816, -0.034295566380023956, 0.037693966180086136, 0.036518558859825134, -0.03865427151322365, 0.06191733479499817, -0.014241737313568592, -0.035113610327243805, 0.029604993760585785, 0.007814965210855007, -0.03387673944234848, 0.03635749593377113, 0.023000894114375114, -0.03718861937522888, 0.060245584696531296, 0.01590709574520588, -0.0075033740140497684, 0.002164057455956936, -0.012962809763848782, -0.007907901890575886, -0.04902051016688347, 0.035543445497751236, 0.018110858276486397, 0.06999693065881729, -0.021250160411000252, 0.03593886271119118, -0.013362801633775234, 0.03261124715209007, 0.05425027385354042, 0.019965415820479393, 0.04041670262813568, 0.05904267728328705, 0.011747431941330433, 0.01655646786093712, 0.00036706749233417213, -0.09027887135744095, -0.017029983922839165, -0.021310564130544662, 0.045176636427640915, 0.043141499161720276, 0.016063321381807327, -0.05905672907829285, -0.05769156292080879, 0.009720695205032825, -0.017436018213629723, 0.053626127541065216, -0.04825843870639801, -0.06634347140789032, -0.02572399191558361, -0.0423070453107357, 0.015467360615730286, -0.10107110440731049, -0.10673701763153076, -0.024300729855895042, 0.026618091389536858, -0.028332363814115524, 0.0031195110641419888, -0.05937565490603447, 0.013346306048333645, -0.05880162492394447, 0.030009333044290543, -0.06789541989564896, -0.030930476263165474, -0.042242586612701416, 0.030052099376916885, -0.01944487914443016, -0.028968840837478638, 0.03575688973069191, -0.05219581350684166, 0.02155696414411068, 0.017537977546453476, 0.017778880894184113, 0.027818018570542336, -0.04478299245238304, -0.05459405481815338, 0.061444658786058426, 0.04126420244574547, 0.027947012335062027, 0.01498791016638279, -0.035361118614673615, -0.0072548785246908665, -0.07774152606725693, 0.054970789700746536, 0.0377243310213089, -0.005821175407618284, 0.0011174269020557404, 0.005729861557483673, -0.0036449474282562733, -0.008830679580569267, -0.021884992718696594, -0.04043462127447128, 0.0033648875541985035, -0.02974327839910984, -0.028173847123980522, 0.033149316906929016, 0.006642566528171301, -0.0008378984057344496, -0.018659114837646484, 0.010815298184752464, -0.021821770817041397, -0.02594141475856304, -0.028689317405223846, -0.016133444383740425, -0.01995125785470009, -0.039127789437770844, 0.048866868019104004, 0.08056610077619553, -0.06470789015293121, 0.037974003702402115, 0.010039038956165314, 0.011562895029783249, -0.029287278652191162, -0.0036189178936183453, -0.024518469348549843, -0.03850981965661049, 0.018156306818127632, -0.009502564556896687, -0.04627866670489311, -0.08521725237369537, -0.08144940435886383, 0.02099393866956234, -0.005775412078946829, -0.004808872006833553, -0.0008964253356680274, 0.01662946306169033, 0.017423884943127632, 0.018521470949053764, -0.04037805274128914, -0.04528312757611275, 0.014147569425404072, -0.04521014913916588, 0.010471831075847149, 0.034884974360466, 0.019483357667922974, -0.045228950679302216, 0.05118872597813606, -0.016953006386756897, 0.03683437034487724, 0.01582282781600952, 0.05539520084857941, 0.03685538098216057, -0.047720443457365036, -0.0019393193069845438, 0.008605558425188065, 0.022433364763855934, -0.06632743030786514, 0.045705560594797134, 0.03512011095881462, 0.0508558563888073, -0.017682615667581558, 0.03229255974292755, -0.054840631783008575, 0.02709221839904785, -0.009721978567540646, 0.057955268770456314, -0.02853962779045105, -0.022018881514668465, 0.038327254354953766, 0.008752330206334591, 0.030552173033356667, -0.025522204115986824, -0.03903663903474808, 0.08690867573022842, -0.029255809262394905, -0.01880725845694542, 0.022682402282953262, -0.03898995369672775, 0.030435390770435333, 0.03346674144268036, 0.04893716424703598, 0.045563630759716034, -0.04392486438155174, -0.011326484382152557, -0.004880321677774191, 0.00018680257198866457, 0.02378719113767147, 0.1306956708431244, -0.05510834977030754, -0.002548667136579752, -0.02492603287100792, 0.010950002819299698, -0.07681117951869965, -0.053746771067380905, 0.021119926124811172, 0.012807992286980152, -0.004101663362234831, 0.015134125016629696, 0.026276567950844765, -0.034622564911842346, -0.030736485496163368, -0.049560800194740295, 0.022682292386889458, 0.029655074700713158, -0.030659792944788933, -0.027129696682095528, -0.04172506928443909, -0.008791024796664715, -0.03659067302942276, -0.04438040405511856, 0.01933285780251026, 0.004715561866760254, 0.00454903906211257, -0.04657752066850662, 0.050719648599624634, -0.02619422972202301, 0.008755141869187355, 0.06186340004205704, 0.009697970934212208, 0.03339896723628044, -0.08917629718780518, -0.012706715613603592, 0.04128571227192879, 0.03504551574587822, 0.014467090368270874, -0.03896551951766014, -0.04191504791378975, 0.06395955383777618, 0.035577256232500076, 0.02288946695625782, -0.062203992158174515, 0.011342822574079037, -0.06426932662725449, -0.027405377477407455, 0.08584751933813095, 0.043836966156959534, 0.09011880308389664, -0.013638717122375965, -0.01644696295261383, 0.0028629652224481106, -0.06977653503417969, 0.013608282431960106, -0.05463347211480141, -0.05032578855752945, 0.01802997663617134, -0.034754082560539246, -0.00813288614153862, 0.007155057042837143, 0.01650274731218815, -0.04485684633255005, -0.003970365505665541, 0.024051764979958534, -0.013930023647844791, -0.009528013877570629, -0.007952473126351833, 0.025905728340148926, 0.003267608117312193, 0.015311208553612232, -0.008615975268185139, -0.01924857497215271, 0.022242102771997452, 0.01708371751010418, 0.030836790800094604, -0.010821395553648472, -0.016035186126828194, 0.006978644989430904, 0.014127310365438461, 0.016884950920939445, 0.013855837285518646, -0.06541500985622406, -0.013787547126412392, 0.02677527256309986, 0.03085864707827568, 0.06455030292272568, 0.03741665557026863, 0.029025796800851822, 0.02882862091064453, -0.009570741094648838, -0.034306351095438004, 0.0001093571845558472, -0.013003870844841003, -0.0062109846621751785, -0.04126644507050514, -0.06916704773902893, 0.0345754437148571, 0.04660367965698242, -0.010904578492045403, 0.0030598302837461233, -0.01646737940609455, 0.014267927035689354, 0.013904433697462082, -0.01830717734992504, -5.340087532135321e-33, 0.04988418519496918, -0.02231709100306034, 0.03598637133836746, -0.007120552938431501, -0.022361457347869873, 0.010948424227535725, 0.0031049661338329315, -0.040972061455249786, -0.061549171805381775, 0.0024680672213435173, -0.0313924215734005, 0.031147001311182976, 0.015507091768085957, 0.024172799661755562, 0.006633102428168058, 0.061633892357349396, 0.0027400869876146317, 0.009266695939004421, 0.024807142093777657, -0.01709737628698349, -0.053089287132024765, 0.019930267706513405, -0.05226574093103409, -0.04399710148572922, 6.315478822216392e-05, -0.050976235419511795, -0.015942232683300972, 0.02199648879468441, 0.003049151971936226, 0.015064207836985588, 0.0645439624786377, -0.03228957951068878, 0.026165900751948357, -0.022379016503691673, -0.023953283205628395, 0.003116034669801593, -0.018659062683582306, 0.016887594014406204, -0.005234335083514452, 0.04841607064008713, 0.0030365518759936094, 0.04335024207830429, 0.011373113840818405, -0.003972554113715887, -0.0013217353262007236, -0.03273162990808487, 0.010907065123319626, 0.017517214640975, 0.015556135214865208, -0.025707779452204704, -0.03855903819203377, 0.02867625281214714, -0.049080122262239456, 0.0800025686621666, -0.004499595612287521, 0.03467581793665886, 0.009653313085436821, -0.04924396798014641, -0.0643295869231224, 0.03624329715967178, -0.005248391069471836, 0.0003186935209669173, 0.028863314539194107, 0.019504522904753685, 0.006683759856969118, 0.004835565108805895, 0.0737285241484642, 0.005417477805167437, 0.027961906045675278, 0.0031042005866765976, -0.0352305993437767, 0.05325538292527199, -0.009985268115997314, -0.03147011250257492, -0.016116200014948845, -0.0848422721028328, -0.06258100271224976, 0.03165293484926224, 0.024836866185069084, -0.0016661511035636067, -0.06281516700983047, 0.04147202521562576, -0.03323434665799141, -0.007238076068460941, 0.04469282925128937, -0.027643606066703796, -0.007283487357199192, -0.019663022831082344, 0.017313985154032707, -0.025181563571095467, -0.04415488243103027, 0.06083003804087639, -0.016260845586657524, -0.004900433123111725, 0.0517556369304657, -0.004893952049314976, 0.010891895741224289, 0.00832181703299284, 0.01329847238957882, 0.00677064061164856, 0.007637091912329197, -0.004915289115160704, 0.007493825163692236, 0.027774034067988396, 0.08032192289829254, 0.04002245143055916, 0.021423473954200745, 0.007054045796394348, -0.06826905161142349, -0.02526284195482731, 0.00801446009427309, 0.023629063740372658, -0.008076685480773449, -0.0007118337089195848, -0.04491385817527771, 0.010989578440785408, 0.03134705126285553, -0.03251614794135094, 0.035806287080049515, 0.03220580518245697, 0.0153937553986907, -0.023705799132585526, 0.007910880260169506, -0.03164882957935333, 0.016994180157780647, -0.012841845862567425, -0.010691042989492416, -0.048103414475917816, 0.017858248203992844, -0.06967804580926895, 0.011149059981107712, -0.01970202475786209, 2.64357538526383e-07, -0.007079772651195526, 0.027031274512410164, -0.035543251782655716, 0.009683032520115376, 0.006664928514510393, -0.030717505142092705, -0.0234726220369339, -0.021933501586318016, 0.009230302646756172, 0.0414607934653759, 0.0025864471681416035, -0.04092619568109512, -0.0358084999024868, 0.0006987984525039792, -0.018392639234662056, -0.08508388698101044, -0.04121611267328262, -0.033342666923999786, -0.04945589229464531, 0.062290895730257034, 0.024030327796936035, 0.0397813618183136, 0.04690348729491234, -0.014215103350579739, 0.008400489576160908, -0.048153992742300034, -0.08092627674341202, 0.005521844606846571, 0.05083276331424713, 0.0847034752368927, 0.06424454599618912, -0.02159075438976288, 0.03435799106955528, 0.07405093312263489, -0.011114828288555145, 0.02553192339837551, 0.05046391859650612, 0.035546235740184784, -0.023806482553482056, 0.06699857115745544, 0.05946715176105499, 0.01732156053185463, 0.018270233646035194, -0.030551517382264137, 0.08718175441026688, -0.003210880095139146, -0.051613640040159225, -0.028409112244844437, -0.054897017776966095, 0.011255059391260147, 0.0010979705257341266, 0.03782153129577637, 0.0052432045340538025, -0.006769408937543631, 0.0031374297104775906, -0.03382549062371254, -0.04177302122116089, 0.019153524190187454, 0.0348542220890522, -0.012567463330924511, 0.01066177524626255, -0.029546556994318962, 0.011946946382522583, 0.03198537230491638, 0.0897296890616417, 0.015201311558485031, 0.03126927465200424, 3.1488235794302878e-34, 0.03656480088829994, 0.0036461695563048124, 0.01210723351687193, -0.033178217709064484, 0.05981355905532837, -0.06816177070140839, 0.03243502229452133, -0.022528471425175667, -0.012555470690131187, -0.027972951531410217, -0.053335510194301605]","{'Experience': 'd in creating meaningful data dashboards and evaluation models.', 'Education': "": ['B.Sc (Maths)', 'M.Sc (Science) (Statistics)'] ['Mathematics', 'Statistics'] ['Delhi University - Hansraj College', 'Delhi University - Hansraj College'] M.Sc in Computer Science & Engineering or in any relevant discipline from a reputed University"", 'Skills': ': data analysis, data analytics, business analysis, sas, powerbi, tableau, data visualization, business analytics, machine learning'}",target position machine learning ml engineer objective fresher looking to join as a data analyst and junior data scientist. experienced in creating meaningful data dashboards and evaluation models. skills data analysis data analytics business analysis sas powerbi tableau data visualization business analytics machine learning education b.sc maths m.sc science statistics mathematics statistics delhi university hansraj college delhi university hansraj college m.sc in computer science engineering or in any relevant discipline from a reputed university experience at least 5 year s business analyst machine learning leadership cross functional collaboration strategy development ml nlp infrastructure prototype transformation ml system design algorithm research application development dataset selection ml testing statistical analysis r d in ml nlp text representation data pipeline design statistical data analysis model training team collaboration research reporting algorithm analysis machine learning leadership cross functional collaboration strategy development ml nlp infrastructure prototype transformation ml system design algorithm research application development dataset selection ml testing statistical analysis r d in ml nlp text representation data pipeline design statistical data analysis model training team collaboration research reporting algorithm analysis sep 2019 till date,"['target', 'position', 'machine', 'learning', 'ml', 'engineer', 'objective', 'fresher', 'looking', 'join', 'data', 'analyst', 'junior', 'data', 'scientist', 'experienced', 'creating', 'meaningful', 'data', 'dashboard', 'evaluation', 'model', 'skill', 'data', 'analysis', 'data', 'analytics', 'business', 'analysis', 'sa', 'powerbi', 'tableau', 'data', 'visualization', 'business', 'analytics', 'machine', 'learning', 'education', 'b', 'sc', 'math', 'sc', 'science', 'statistic', 'mathematics', 'statistic', 'delhi', 'university', 'hansraj', 'college', 'delhi', 'university', 'hansraj', 'college', 'sc', 'computer', 'science', 'engineering', 'relevant', 'discipline', 'reputed', 'university', 'experience', 'least', 'year', 'business', 'analyst', 'machine', 'learning', 'leadership', 'cross', 'functional', 'collaboration', 'strategy', 'development', 'ml', 'nlp', 'infrastructure', 'prototype', 'transformation', 'ml', 'system', 'design', 'algorithm', 'research', 'application', 'development', 'dataset', 'selection', 'ml', 'testing', 'statistical', 'analysis', 'r', 'ml', 'nlp', 'text', 'representation', 'data', 'pipeline', 'design', 'statistical', 'data', 'analysis', 'model', 'training', 'team', 'collaboration', 'research', 'reporting', 'algorithm', 'analysis', 'machine', 'learning', 'leadership', 'cross', 'functional', 'collaboration', 'strategy', 'development', 'ml', 'nlp', 'infrastructure', 'prototype', 'transformation', 'ml', 'system', 'design', 'algorithm', 'research', 'application', 'development', 'dataset', 'selection', 'ml', 'testing', 'statistical', 'analysis', 'r', 'ml', 'nlp', 'text', 'representation', 'data', 'pipeline', 'design', 'statistical', 'data', 'analysis', 'model', 'training', 'team', 'collaboration', 'research', 'reporting', 'algorithm', 'analysis', 'sep', 'till', 'date']",target position machine learning ml engineer objective fresher looking join data analyst junior data scientist experienced creating meaningful data dashboard evaluation model skill data analysis data analytics business analysis sa powerbi tableau data visualization business analytics machine learning education b sc math sc science statistic mathematics statistic delhi university hansraj college delhi university hansraj college sc computer science engineering relevant discipline reputed university experience least year business analyst machine learning leadership cross functional collaboration strategy development ml nlp infrastructure prototype transformation ml system design algorithm research application development dataset selection ml testing statistical analysis r ml nlp text representation data pipeline design statistical data analysis model training team collaboration research reporting algorithm analysis machine learning leadership cross functional collaboration strategy development ml nlp infrastructure prototype transformation ml system design algorithm research application development dataset selection ml testing statistical analysis r ml nlp text representation data pipeline design statistical data analysis model training team collaboration research reporting algorithm analysis sep till date
cand_00002,2,"Executive/ Senior Executive- Trade Marketing, Hygiene Products","Target position: Executive/ Senior Executive- Trade Marketing, Hygiene Products Objective: Skills: software development, machine learning, deep learning, risk assessment, requirement gathering, application support, javascript, python, docker, html, hive, css, c++, brand promotion, campaign management, field supervision, merchandising, promotional activities, trade marketing, unified payment interface, risk prediction, big data, spark, pyspark Education: ['B.Tech'] ['Electronics/Telecommunication'] ['Birla Institute of Technology (BIT), Ranchi'] Master of Business Administration (MBA) Experience: At least 3 years ['Software Developer (Machine Learning Engineer)'] Trade Marketing Executive Brand Visibility, Sales Targets Field Marketing, Campaigns, Product Distribution Brand Head Excel, KPIs Tracking Trade Marketing Executive Brand Visibility, Sales Targets Field Marketing, Campaigns, Product Distribution Brand Head Excel, KPIs Tracking ['June 2018'] ['Till Date']","[""software development"", ""machine learning"", ""deep learning"", ""risk assessment"", ""requirement gathering"", ""application support"", ""javascript"", ""python"", ""docker"", ""html"", ""hive"", ""css"", ""c++"", ""brand promotion"", ""campaign management"", ""field supervision"", ""merchandising"", ""promotional activities"", ""trade marketing"", ""unified payment interface"", ""risk prediction"", ""big data"", ""spark"", ""pyspark""]","[""software development"", ""machine learning"", ""deep learning"", ""risk assessment"", ""requirement gathering"", ""application support"", ""javascript"", ""python"", ""docker"", ""html"", ""hive"", ""css"", ""c++"", ""brand promotion"", ""campaign management"", ""field supervision"", ""merchandising"", ""promotional activities"", ""trade marketing"", ""unified payment interface"", ""risk prediction"", ""big data"", ""spark"", ""pyspark""]","['B.Tech'] ['Electronics/Telecommunication'] ['Birla Institute of Technology (BIT), Ranchi'] Master of Business Administration (MBA)","At least 3 years ['Software Developer (Machine Learning Engineer)'] Trade Marketing Executive
Brand Visibility, Sales Targets
Field Marketing, Campaigns, Product Distribution
Brand Head
Excel, KPIs Tracking Trade Marketing Executive
Brand Visibility, Sales Targets
Field Marketing, Campaigns, Product Distribution
Brand Head
Excel, KPIs Tracking ['June 2018'] ['Till Date']",3.0,INFORMATION-TECHNOLOGY,"[0.05784870311617851, 0.004059996455907822, -0.03691127896308899, -0.053641464561223984, 0.07488514482975006, 0.005337785463780165, -0.07059039175510406, 0.011579280719161034, 0.02062462829053402, -0.06968192011117935, 0.043509598821401596, -0.017938269302248955, 0.002314196899533272, 0.12274858355522156, 0.01772570237517357, 0.0008902206318452954, -0.007305783219635487, 0.028543926775455475, -0.0027495098765939474, 0.007978660054504871, -0.015111280605196953, 0.020981110632419586, -0.03988833352923393, -0.001350529259070754, 0.0006249670987017453, -0.02246255613863468, 0.025562146678566933, 0.000906346132978797, 0.002007571514695883, -0.015926122665405273, 0.042776044458150864, -0.025373168289661407, 0.027303529903292656, -0.05073566734790802, 1.9040600136577268e-06, -0.014504688791930676, 0.006675213575363159, -0.01915183663368225, -0.003638342721387744, -0.03769359737634659, 0.03185209259390831, 0.0005406144773587584, -0.0007564450497739017, 0.0481036901473999, -0.017255563288927078, 0.03190690279006958, 0.05081149935722351, 0.03592520207166672, 0.012478191405534744, 0.09921082109212875, -0.0010654593352228403, -0.03287580981850624, -0.02233060821890831, -0.010001803748309612, -0.018720008432865143, -0.0745151937007904, 0.010911576449871063, -0.05006587132811546, -0.013921534642577171, 0.0024647600948810577, 0.004291260614991188, -0.022299550473690033, -0.045729976147413254, -0.013107589446008205, 0.03894250839948654, 0.03982184827327728, 0.03594142198562622, -0.06710987538099289, 0.009949959814548492, -0.03138475865125656, -0.008451429195702076, -0.006228893529623747, -0.0406634658575058, 0.023660825565457344, -0.006952386349439621, -0.027205972000956535, 0.004785891156643629, -0.015993712469935417, -0.0019491653656587005, 0.03826897591352463, -0.020710237324237823, 0.05143474414944649, -0.019756020978093147, -0.04327921196818352, 0.02441568672657013, 0.0977402999997139, -0.012606937438249588, -0.0032747373916208744, 0.03157348558306694, -0.05021356791257858, 0.045316871255636215, 0.019111910834908485, -0.0017759230686351657, 0.006886303890496492, -0.05514616519212723, -0.011585851199924946, 0.07468381524085999, -0.017042558640241623, 0.038511451333761215, -0.03825663402676582, 0.015244979411363602, 0.011174079030752182, 0.043039001524448395, -0.010699858888983727, -0.02150110714137554, 0.042160846292972565, 0.00784521084278822, -0.0003278455988038331, -0.05377385392785072, -0.0022643175907433033, 0.0011473202612251043, -0.008321123197674751, -0.05738997831940651, -0.06331148743629456, -0.02967141568660736, 0.06433437019586563, -0.05986364930868149, -0.027611002326011658, 0.003184746950864792, -0.007332019042223692, 0.09137904644012451, 0.018158381804823875, -0.027410726994276047, 0.006260113324970007, -0.062015119940042496, -0.007574122864753008, -0.011434887535870075, 0.014209508895874023, -0.00021947090863250196, 0.02053583785891533, 0.021958818659186363, 0.010157040320336819, 0.00014192075468599796, -0.036896634846925735, -0.013367564417421818, 0.04390690103173256, -0.013413646258413792, 0.045500341802835464, -0.08538895100355148, 0.07453402876853943, 0.023525681346654892, -0.027381110936403275, -0.01209987886250019, 0.026532910764217377, -0.014767083339393139, -0.05171475186944008, -0.015576262027025223, -0.00676758261397481, 0.028593024238944054, 0.009142743423581123, -0.013275530189275742, -0.019493188709020615, 0.026782574132084846, -0.019686684012413025, 0.030404357239603996, 0.011616569943726063, 0.035062212496995926, -0.01983044296503067, -0.01748659834265709, 0.026340121403336525, -0.023689810186624527, -0.05282491445541382, 0.0007147413562051952, 0.03735525161027908, -0.05200967192649841, -0.009939142502844334, 0.058141496032476425, 0.036977045238018036, -0.026119349524378777, 0.006924245040863752, 0.008029910735785961, -0.03931276127696037, 0.001696825260296464, 0.08197806030511856, 0.023607319220900536, -0.015104621648788452, 0.03259114921092987, -0.06930072605609894, 0.029960131272673607, 0.021522793918848038, -0.043449949473142624, -0.12177051603794098, 0.036934271454811096, 0.011575042270123959, 0.02085280790925026, 0.0429970920085907, -0.013140185736119747, 0.03377094492316246, -0.023002799600362778, 0.032599497586488724, 0.0363069511950016, -0.014728513546288013, -0.038245316594839096, -0.013648088090121746, 0.017157884314656258, 0.022840501740574837, -0.07387324422597885, -0.029227906838059425, -0.01637604460120201, -0.0585322342813015, -0.04012009873986244, 0.007203336805105209, -0.0017106719315052032, -0.004382412414997816, 0.02323850989341736, -0.032015956938266754, -0.017816510051488876, -0.0747971311211586, -0.04053189605474472, 0.03829551115632057, 0.04259640723466873, -0.020928742364048958, -0.024899501353502274, -0.01419245358556509, -0.005506445653736591, -0.014802258461713791, 0.01128482073545456, -0.018435807898640633, 0.011731607839465141, -0.03250832483172417, -0.011059573851525784, 0.026969509199261665, -0.022571612149477005, 0.0090321134775877, 0.039549488574266434, -0.01773647777736187, 0.007366477511823177, 0.005851275287568569, 0.036606211215257645, 0.04884795472025871, 0.04588080197572708, 0.004192946013063192, 0.013505997136235237, -0.06016865000128746, 0.0063507999293506145, 0.003538158256560564, 0.07572493702173233, 0.005823458079248667, -0.03071260079741478, 0.030059095472097397, -0.06480462849140167, 0.04214908182621002, 0.013536910526454449, 0.00042634853161871433, -0.017366457730531693, 0.03341171145439148, -0.03713499754667282, 0.016792425885796547, 0.021086685359477997, -0.013406980782747269, 0.030853774398565292, 0.03834475204348564, 0.0464608408510685, 0.08149173855781555, -0.051473844796419144, -0.017626434564590454, -0.05731054022908211, 0.009364216588437557, -0.09707619994878769, 0.03906887769699097, -0.006684836465865374, -0.016720803454518318, 0.018977677449584007, 0.004279117099940777, 0.042724091559648514, -0.05942343547940254, 0.025041941553354263, -0.022266605868935585, 0.015789762139320374, 0.03911737725138664, 0.0332627072930336, 0.03511573374271393, 0.033546190708875656, 0.027220165356993675, -0.003848323365673423, -0.051757216453552246, 0.04926517605781555, 0.02978653460741043, -0.05456344038248062, 0.06592830270528793, 0.03102189674973488, -0.0718468502163887, 0.009097055532038212, 0.045996349304914474, -0.011495094746351242, 0.022033561021089554, 0.015222813934087753, -0.009470995515584946, -0.04914718121290207, 0.03726297244429588, -0.005884306039661169, -0.002570080803707242, 0.011520404368638992, -0.050759028643369675, -0.08469144254922867, 0.03316441550850868, -0.010004001669585705, 0.030358372256159782, 0.013205792754888535, 0.0047307065688073635, -0.018251022323966026, 0.03291387856006622, 0.027531689032912254, -0.01668119803071022, 0.016445670276880264, 0.047839850187301636, 0.01946393959224224, 0.026019908487796783, -0.00663327518850565, -0.04772480949759483, -0.03396807610988617, 0.00555984815582633, 0.025873836129903793, 0.012227572500705719, 0.02634652704000473, -0.016506744548678398, -0.05294753238558769, 0.02123785950243473, -0.04528093338012695, 0.07202531397342682, -0.02615010179579258, -0.03501032665371895, -0.06079557165503502, -0.019182192161679268, 0.0335712656378746, -0.05949036777019501, -0.10596735775470734, 0.007381575182080269, -0.012129174545407295, -0.0687619149684906, 0.023071100935339928, -0.04598963260650635, -0.02251802384853363, -0.03869905695319176, 0.007923233322799206, -0.06956108659505844, 0.004904064349830151, -0.0670974925160408, 0.029300495982170105, -0.022811807692050934, -0.05238547548651695, 0.009530854411423206, -0.04904221370816231, 0.0029997488018125296, 0.044386252760887146, 0.00579961808398366, 0.05702945217490196, 0.028377752751111984, -0.07546593248844147, 0.059825316071510315, -0.019970543682575226, 0.03816035017371178, 0.02006179466843605, -0.010565544478595257, -0.011054483242332935, -0.011011333204805851, 0.08045051246881485, 0.007906623184680939, -0.023383310064673424, 0.030787453055381775, -0.02456861175596714, -0.007260797545313835, -0.03303924575448036, 0.00025088369147852063, -0.04131399840116501, 0.022692272439599037, -0.024668078869581223, -0.05316274240612984, 0.028528105467557907, -0.0009834771044552326, -0.01190585270524025, -0.006545461714267731, 0.017806796357035637, 0.012688705697655678, -0.012212719768285751, 0.00902157835662365, -0.0027399291284382343, -0.0016887316014617682, -0.08326835185289383, 0.007278562989085913, 0.06664295494556427, 0.006762384437024593, 0.06165432184934616, 0.016281645745038986, -0.008873557671904564, -0.048572637140750885, 0.035058390349149704, -0.042841587215662, -0.01408549677580595, 0.02632278949022293, 0.015796484425663948, 0.003685686271637678, -0.07716803252696991, -0.014980250038206577, -0.020489785820245743, 0.011785769835114479, 0.02588619478046894, -0.005919259041547775, 0.013996683992445469, -0.01339093130081892, -0.002753547625616193, 0.020153377205133438, -0.05380040034651756, 0.04854852333664894, -0.017329009249806404, -0.045572083443403244, 0.06257615983486176, 0.02894696593284607, -0.022516705095767975, 0.03713557496666908, 0.0036720975767821074, 0.01132410578429699, -0.018548928201198578, 0.05290871858596802, 0.022607998922467232, -0.07406619191169739, -0.004922278691083193, 0.08335008472204208, 0.017176294699311256, -0.10051193088293076, 0.054879080504179, 0.037862617522478104, 0.02800270915031433, 0.03664100915193558, 0.012017742730677128, -0.019999463111162186, -0.0031456705182790756, -0.020256754010915756, 0.041977476328611374, -0.046196673065423965, -0.06639822572469711, 0.05652603507041931, -0.02476668916642666, 0.02610921859741211, 0.0070751928724348545, -0.014164877124130726, 0.07891356945037842, -0.03643985837697983, 0.007744842208921909, 0.0005603012978099287, -0.003301718272268772, 0.07334430515766144, 0.03438383340835571, 0.05713159218430519, 0.021440474316477776, -0.03561679646372795, -0.01065628882497549, 0.08047625422477722, -0.048211608082056046, -0.007113058120012283, 0.1389836221933365, -0.08881311863660812, 0.016654936596751213, -0.017085794359445572, 0.002591940341517329, -0.05863253027200699, -0.05463440716266632, 0.04339300096035004, -0.01456972025334835, -0.014183218590915203, 0.015842264518141747, 0.031949494034051895, -0.02197505347430706, 0.0006742461700923741, -0.012353545986115932, 0.0026751081459224224, 0.03240715712308884, 0.0025764384772628546, -7.100737275322899e-05, -0.04271451011300087, 0.018688460811972618, -0.013016540557146072, -0.003566647879779339, -0.005500717554241419, 0.04148024320602417, -0.007700944785028696, 0.016379455104470253, 0.10963650047779083, -0.007336309179663658, 0.04472721740603447, 0.0215922724455595, 0.008091993629932404, 0.038605496287345886, -0.04821589216589928, -0.033403925597667694, 0.04092603921890259, 0.05025657266378403, 0.007037285249680281, -0.03562958166003227, -0.027680454775691032, 0.08204159885644913, -0.0015366000588983297, 0.02718351222574711, -0.06715993583202362, 0.021304553374648094, -0.01605931483209133, -8.376371988561004e-05, 0.03131421282887459, -0.01649383455514908, 0.07931327819824219, 0.004615314304828644, -0.014529294334352016, 0.011055395007133484, -0.053827304393053055, -0.009597173891961575, -0.031454432755708694, -0.04898005723953247, 0.01896977238357067, -0.03781504929065704, 0.002842504298314452, -0.0609845295548439, 0.0105070685967803, 0.004854700993746519, 0.01302450243383646, 0.00973233487457037, 0.008040942251682281, 0.027232931926846504, -0.09057919681072235, 0.02635684795677662, -0.027290023863315582, 0.009030068293213844, -0.03523697331547737, -0.02250131033360958, 0.000764776486903429, 0.02311737835407257, 0.011904088780283928, 0.0184247475117445, 0.0034238595981150866, 0.045214638113975525, 0.03726087510585785, 0.02758823335170746, -0.02750459872186184, -0.04830457270145416, -0.009173412807285786, -0.009424371644854546, 0.0440799742937088, 0.07081524282693863, 0.06218434125185013, 0.029952963814139366, 0.018406685441732407, 0.006275644991546869, -0.029280539602041245, 0.04668157920241356, 0.0011968340259045362, -0.014954958111047745, -6.1484943216782995e-06, -0.06969534605741501, 0.0090668685734272, 0.027442503720521927, -0.00485867029055953, -0.028908172622323036, -0.03507177531719208, 0.03835360333323479, 0.05876725912094116, -0.018205726519227028, -5.1639242753012465e-33, 0.008454183116555214, -0.009503521956503391, 0.031454093754291534, 0.03328532725572586, -0.016586191952228546, 0.004799456335604191, 0.036295920610427856, -0.05150638893246651, -0.022074103355407715, 0.018009796738624573, -0.015995856374502182, -0.002333541866391897, 0.010518178343772888, 0.028389329090714455, 0.032587237656116486, 0.05558443069458008, 0.0027558181900531054, 0.024189280346035957, 0.005014382768422365, -0.04909960925579071, -0.027110399678349495, 0.042171262204647064, 0.007371994201093912, 0.0318763293325901, -0.005392306484282017, -0.05865683779120445, -0.011452448554337025, 0.04114673659205437, 0.033930737525224686, 0.026418816298246384, 0.0394805446267128, -0.035356439650058746, 0.012821551412343979, -0.020994972437620163, 0.013707873411476612, 0.008332549594342709, -0.029199153184890747, 0.01183190755546093, -0.023410627618432045, 0.03596050292253494, -0.01455989945679903, 0.016201332211494446, -0.016137387603521347, -0.010172152891755104, 0.0034548852127045393, -0.01128504890948534, 0.002955063944682479, -0.021760564297437668, 0.04097793996334076, 0.0051683103665709496, -0.03278012201189995, -0.0036361925303936005, -0.014223450794816017, 0.05562026798725128, 0.00578553369268775, 0.015655972063541412, 0.008484556339681149, 0.00160297192633152, -0.029054997488856316, -0.028338292613625526, -0.0679444968700409, 0.022042378783226013, 0.018305383622646332, -0.02393919788300991, -0.040292270481586456, -0.002080813981592655, 0.02415722794830799, 0.016563843935728073, 0.06028137356042862, 0.017258893698453903, -0.053293611854314804, 0.029423179104924202, -0.08202023804187775, -0.021747706457972527, -0.006445123348385096, -0.06064508110284805, -0.013445905409753323, 0.015351890586316586, 0.016483571380376816, 0.0019403331680223346, -0.03966576233506203, 0.026814697310328484, 0.02397065982222557, -0.02170288749039173, 0.046275362372398376, -0.01157230045646429, -0.028865201398730278, -0.01669738069176674, 0.05501524731516838, 0.012280091643333435, -0.020896384492516518, 0.03353341668844223, -0.0404353104531765, -0.0013094793539494276, 0.08138090372085571, -0.03543693572282791, -0.00624247407540679, -0.02152719907462597, 0.013542440719902515, -0.0261737871915102, 0.00726328743621707, -0.004703926388174295, -0.010450954549014568, 0.008126742206513882, 0.025348400697112083, 0.015434597618877888, 0.004053005017340183, -0.028226099908351898, -0.022239679470658302, -0.006298758089542389, 0.019170936197042465, -0.0027657467871904373, -0.01921302080154419, -0.03370114415884018, -0.054904986172914505, -0.0352410189807415, 0.029210655018687248, -0.023558903485536575, 0.039298273622989655, -0.009731458500027657, 0.034950267523527145, -0.012599349953234196, 0.06661931425333023, -0.05168086662888527, -0.011133670806884766, 0.015282762236893177, -0.015896527096629143, -0.028065698221325874, -0.009580045938491821, -0.06789982318878174, 0.006388254463672638, 0.0008258599555119872, 2.486276571289636e-07, -0.0024589700624346733, 0.04800524190068245, -0.043483980000019073, 0.015141531825065613, -0.025886133313179016, -0.022633463144302368, -0.05174502730369568, -0.011425847187638283, 0.010462883859872818, 0.0017409037100151181, -0.0004502219962887466, -0.06548207998275757, -0.047482263296842575, -0.026724323630332947, -0.06576863676309586, -0.06996455043554306, -0.025341371074318886, -0.04599592462182045, -0.049877431243658066, 0.03364668786525726, -0.003780126804485917, 0.0630243793129921, 0.06088889017701149, -0.023010598495602608, 0.02349122427403927, -0.03390590101480484, -0.014789765700697899, -0.007713658735156059, 0.012375432066619396, 0.06532042473554611, -0.005254369229078293, -0.03921770304441452, 0.007896971888840199, 0.04273330047726631, -0.022661997005343437, 0.035398755222558975, 0.07402627170085907, 0.07725686579942703, -0.0016671092016622424, 0.04307260364294052, 0.02348889783024788, 0.011180421337485313, 0.007774176076054573, -0.014421213418245316, 0.025899432599544525, -0.012072404846549034, -0.031170066446065903, -0.030394170433282852, -0.07458855211734772, 0.028272805735468864, -0.018701307475566864, 0.02989371307194233, 0.011015656404197216, -0.039400581270456314, -0.0030796914361417294, -0.023040425032377243, -0.040505021810531616, 0.02434338629245758, 0.0417616069316864, 0.004136647563427687, -0.005877112038433552, -0.05073925107717514, 0.01240058708935976, 0.021936537697911263, 0.0731075257062912, -0.021211426705121994, 0.00881172250956297, 2.8347679935002953e-34, 0.04885556176304817, -0.00833599828183651, 0.02505858801305294, -0.03277413174510002, 0.03896951302886009, -0.057862892746925354, 0.016396615654230118, -0.01834092102944851, -0.009313124231994152, -0.059642475098371506, -0.04912011697888374]","{'Experience': "": At least 3 years ['Software Developer (Machine Learning Engineer)'] Trade Marketing Executive Brand Visibility, Sales Targets Field Marketing, Campaigns, Product Distribution Brand Head Excel, KPIs Tracking Trade Marketing Executive Brand Visibility, Sales Targets Field Marketing, Campaigns, Product Distribution Brand Head Excel, KPIs Tracking ['June 2018'] ['Till Date']"", 'Education': "": ['B.Tech'] ['Electronics/Telecommunication'] ['Birla Institute of Technology (BIT), Ranchi'] Master of Business Administration (MBA)"", 'Skills': ': software development, machine learning, deep learning, risk assessment, requirement gathering, application support, javascript, python, docker, html, hive, css, c++, brand promotion, campaign management, field supervision, merchandising, promotional activities, trade marketing, unified payment interface, risk prediction, big data, spark, pyspark'}",target position executive senior executive trade marketing hygiene products objective skills software development machine learning deep learning risk assessment requirement gathering application support javascript python docker html hive css c++ brand promotion campaign management field supervision merchandising promotional activities trade marketing unified payment interface risk prediction big data spark pyspark education b.tech electronics telecommunication birla institute of technology bit ranchi master of business administration mba experience at least 3 years software developer machine learning engineer trade marketing executive brand visibility sales targets field marketing campaigns product distribution brand head excel kpis tracking trade marketing executive brand visibility sales targets field marketing campaigns product distribution brand head excel kpis tracking june 2018 till date,"['target', 'position', 'executive', 'senior', 'executive', 'trade', 'marketing', 'hygiene', 'product', 'objective', 'skill', 'software', 'development', 'machine', 'learning', 'deep', 'learning', 'risk', 'assessment', 'requirement', 'gathering', 'application', 'support', 'javascript', 'python', 'docker', 'html', 'hive', 'cs', 'c++', 'brand', 'promotion', 'campaign', 'management', 'field', 'supervision', 'merchandising', 'promotional', 'activity', 'trade', 'marketing', 'unified', 'payment', 'interface', 'risk', 'prediction', 'big', 'data', 'spark', 'pyspark', 'education', 'b', 'tech', 'electronics', 'telecommunication', 'birla', 'institute', 'technology', 'bit', 'ranchi', 'master', 'business', 'administration', 'mba', 'experience', 'least', 'year', 'software', 'developer', 'machine', 'learning', 'engineer', 'trade', 'marketing', 'executive', 'brand', 'visibility', 'sale', 'target', 'field', 'marketing', 'campaign', 'product', 'distribution', 'brand', 'head', 'excel', 'kpis', 'tracking', 'trade', 'marketing', 'executive', 'brand', 'visibility', 'sale', 'target', 'field', 'marketing', 'campaign', 'product', 'distribution', 'brand', 'head', 'excel', 'kpis', 'tracking', 'june', 'till', 'date']",target position executive senior executive trade marketing hygiene product objective skill software development machine learning deep learning risk assessment requirement gathering application support javascript python docker html hive cs c++ brand promotion campaign management field supervision merchandising promotional activity trade marketing unified payment interface risk prediction big data spark pyspark education b tech electronics telecommunication birla institute technology bit ranchi master business administration mba experience least year software developer machine learning engineer trade marketing executive brand visibility sale target field marketing campaign product distribution brand head excel kpis tracking trade marketing executive brand visibility sale target field marketing campaign product distribution brand head excel kpis tracking june till date
cand_00003,3,Business Development Executive,"Target position: Business Development Executive Objective: To obtain a position in a fast-paced business office environment, demanding a strong organizational, technical, and interpersonal position utilizing my skills and attributes. Skills: accounts payables, accounts receivables, accounts payable, accounts receivable, administrative functions, trial balance, banking, budget, bi, closing, computer applications, credit, clients, data entry, delivery, driving, email, insurance, inventory, ledger, access, excel, outlook, powerpoint, word, mortgage loan, enterprise, policies, quickbooks, sales, sales reports, telecommunications, phone, workflow, written, fast typing skill, ieltsinternet browsing online work ability., g/l accounts, credit cards, reconcile, commission reports, credit checks, international travel, cash handling, customer communication, inventory reports, mortgage processing, analytical aptitude, credit reports, commercial auto underwriting, application review, personal auto underwriting, policy review, medical record review, document design, team performance Education: ['Computer Applications Specialist Certificate Program'] ['Computer Applications'] ['Martinez Adult Education, Business Training Center ï¼ City , State'] Bachelor/Honors Experience: 1 to 3 years ['Accountant', 'Accounts Receivable Clerk', 'Mortgage Underwriter', 'Commercial Auto Underwriter', 'Personal Auto Underwriter', 'Claims Examiner'] Apparel Sourcing Quality Garment Sourcing Reliable Partner Buyer/Vendor Communication Apparel Sourcing Quality Garment Sourcing Reliable Partner Buyer/Vendor Communication ['January 2011', 'January 2008', 'January 2006', 'January 2004', 'January 2001', 'N/A'] ['November 2015', 'January 2010', 'January 2008', 'January 2006', 'January 2004', None]","[""accounts payables"", ""accounts receivables"", ""accounts payable"", ""accounts receivable"", ""administrative functions"", ""trial balance"", ""banking"", ""budget"", ""bi"", ""closing"", ""computer applications"", ""credit"", ""clients"", ""data entry"", ""delivery"", ""driving"", ""email"", ""insurance"", ""inventory"", ""ledger"", ""access"", ""excel"", ""outlook"", ""powerpoint"", ""word"", ""mortgage loan"", ""enterprise"", ""policies"", ""quickbooks"", ""sales"", ""sales reports"", ""telecommunications"", ""phone"", ""workflow"", ""written"", ""fast typing skill"", ""ieltsinternet browsing online work ability."", ""g/l accounts"", ""credit cards"", ""reconcile"", ""commission reports"", ""credit checks"", ""international travel"", ""cash handling"", ""customer communication"", ""inventory reports"", ""mortgage processing"", ""analytical aptitude"", ""credit reports"", ""commercial auto underwriting"", ""application review"", ""personal auto underwriting"", ""policy review"", ""medical record review"", ""document design"", ""team performance""]","[""accounts payables"", ""accounts receivables"", ""accounts payable"", ""accounts receivable"", ""administrative functions"", ""trial balance"", ""banking"", ""budget"", ""bi"", ""closing"", ""computer applications"", ""credit"", ""clients"", ""data entry"", ""delivery"", ""driving"", ""email"", ""insurance"", ""inventory"", ""ledger"", ""access"", ""excel"", ""outlook"", ""powerpoint"", ""word"", ""mortgage loan"", ""enterprise"", ""policies"", ""quickbooks"", ""sales"", ""sales reports"", ""telecommunications"", ""phone"", ""workflow"", ""written"", ""fast typing skill"", ""ieltsinternet browsing online work ability."", ""g/l accounts"", ""credit cards"", ""reconcile"", ""commission reports"", ""credit checks"", ""international travel"", ""cash handling"", ""customer communication"", ""inventory reports"", ""mortgage processing"", ""analytical aptitude"", ""credit reports"", ""commercial auto underwriting"", ""application review"", ""personal auto underwriting"", ""policy review"", ""medical record review"", ""document design"", ""team performance""]","['Computer Applications Specialist Certificate Program'] ['Computer Applications'] ['Martinez Adult Education, Business Training Center ï¼ City , State'] Bachelor/Honors","1 to 3 years ['Accountant', 'Accounts Receivable Clerk', 'Mortgage Underwriter', 'Commercial Auto Underwriter', 'Personal Auto Underwriter', 'Claims Examiner'] Apparel Sourcing
Quality Garment Sourcing
Reliable Partner
Buyer/Vendor Communication Apparel Sourcing
Quality Garment Sourcing
Reliable Partner
Buyer/Vendor Communication ['January 2011', 'January 2008', 'January 2006', 'January 2004', 'January 2001', 'N/A'] ['November 2015', 'January 2010', 'January 2008', 'January 2006', 'January 2004', None]",3.0,FINANCE,"[0.019778592512011528, 0.05583859235048294, -0.015562583692371845, -0.03855457901954651, 0.03330591320991516, 0.020740794017910957, -0.06854544579982758, 0.05172549933195114, -0.02580251917243004, -0.05112230032682419, -0.02346677891910076, -0.04726371914148331, 0.03583984449505806, 0.025701409205794334, 0.0021132349502295256, 0.024708492681384087, -0.021344006061553955, 0.0866209864616394, 0.004325367975980043, -0.005528085399419069, -0.028478039428591728, 0.033678483217954636, -0.03469120338559151, 0.0021567759104073048, 0.006628946401178837, 0.001805859268642962, 0.03420712426304817, 0.02718554250895977, -0.009816285222768784, 0.024129780009388924, 0.01746772788465023, -0.006544225383549929, -0.007443064823746681, -0.06643722951412201, 2.1676037249562796e-06, -0.007575836963951588, -0.011432466097176075, -0.003549903864040971, -0.0493631437420845, -0.036764077842235565, 0.02224459871649742, -0.017841557040810585, -0.0013665497535839677, 0.009252047166228294, -0.0341678261756897, -0.021418320015072823, 0.0034263108391314745, -0.02073843404650688, 0.014403973706066608, 0.034194834530353546, -0.01190471462905407, -0.028081092983484268, -0.0015122892800718546, -0.05613864213228226, -0.017688119783997536, -0.04500078782439232, -0.010308543220162392, -0.036123789846897125, 0.053867779672145844, -0.026593221351504326, -0.0006033586105331779, -0.03463207185268402, -0.044414665549993515, -0.03546656668186188, 0.05202975496649742, 0.014919780194759369, 0.03388718515634537, -0.00605938583612442, 0.014845836907625198, -0.03422607108950615, 0.01756873168051243, 0.027413755655288696, -0.037593990564346313, 0.02437783032655716, 0.03454681858420372, 0.009138370864093304, -0.013200717978179455, -0.030715957283973694, 0.004247826058417559, -0.005116173066198826, -0.03168204426765442, 0.030000194907188416, -0.03968770056962967, -0.06830806285142899, 0.04849250614643097, 0.008608359843492508, -0.028089512139558792, -0.02719506435096264, 0.027600441128015518, -0.015292313881218433, 0.06661035120487213, -0.01748322881758213, 0.01965511590242386, 0.012277337722480297, -0.005448492709547281, 0.01495502982288599, 0.06968539953231812, 0.007268627639859915, 0.029296331107616425, 0.001209066715091467, 0.042334187775850296, 0.0024648013059049845, 0.028495516628026962, -0.011341135017573833, -0.014559108763933182, 0.02675340697169304, 0.014415550976991653, -0.02438846416771412, -0.05331128463149071, 0.01488831453025341, -0.011154625564813614, 0.004788271151483059, -0.05504675582051277, -0.0077253407798707485, -0.011800959706306458, 0.05227092280983925, -0.05320845544338226, -0.015736062079668045, 0.003568121697753668, 0.00014952177298255265, 0.053657252341508865, -0.010324159637093544, 0.0043641142547130585, 0.043941427022218704, -0.06747232377529144, -0.008706249296665192, 0.019836608320474625, -0.02504848875105381, -0.01616419479250908, -0.014887175522744656, 0.006981007754802704, 0.016085127368569374, 0.0011657781433314085, -0.04997925087809563, -0.0012339989189058542, 0.008111253380775452, 0.01888684369623661, 0.033295199275016785, -0.023181669414043427, 0.042890869081020355, -0.03376002982258797, -0.001326718949712813, 0.0006981349433772266, 0.02630193904042244, -0.020434292033314705, -0.03135918080806732, -0.03289202228188515, 0.007677786983549595, 0.03628586232662201, -0.0037707090377807617, 0.010000568814575672, -0.015443523414433002, 0.011299129575490952, -0.02278776839375496, 0.06662318855524063, 0.017089903354644775, 0.04891742393374443, 0.011560901999473572, -0.0038586824666708708, 0.043565720319747925, 0.007985899224877357, -0.05642653629183769, 0.008931780233979225, 0.061987463384866714, -0.05855874717235565, 0.03641880303621292, 0.06828851997852325, 0.09344597905874252, -0.0036103350576013327, 0.011355818249285221, 0.026246586814522743, -0.017489906400442123, -0.049020424485206604, 0.07066822797060013, 0.00040761311538517475, 0.03680267930030823, 0.050713345408439636, -0.041219525039196014, 0.04764069244265556, 0.03668159991502762, -0.02858123369514942, -0.10925635695457458, -0.0035698325373232365, 0.01266896165907383, 0.005994520150125027, 0.04129163920879364, 0.001386758522130549, 0.03898220881819725, -0.03702104091644287, 0.00844115111976862, 0.030604399740695953, 0.027474021539092064, -0.08058622479438782, 0.0003549904504325241, 0.0017296355217695236, 0.048763398081064224, -0.08516561985015869, 0.013483836315572262, -0.03240392729640007, -0.040544260293245316, -0.02106553502380848, -0.016092216596007347, -0.07436645776033401, 0.043894875794649124, 0.0623415969312191, 0.020098445937037468, 0.008950158022344112, -0.05190983787178993, -0.017736805602908134, 0.05555569380521774, 0.0602119043469429, 0.010164524428546429, -0.0066950698383152485, 0.008338150568306446, 0.010971439070999622, 0.038332585245370865, 0.0078109255991876125, 0.02338898926973343, 0.035911593586206436, -0.03979424387216568, 0.02426876127719879, 0.03639150783419609, -0.057515356689691544, -0.005484915804117918, 0.053486160933971405, -0.05564659461379051, 0.013092268258333206, 0.004157237708568573, 0.0200186800211668, 0.029387688264250755, -0.009304013103246689, -0.0030327618587762117, 0.00023930190945975482, -0.01801849715411663, -0.008392027579247952, 0.032992828637361526, 0.014117508195340633, 0.03766627982258797, -0.009410541504621506, 0.08598294854164124, -0.06362655013799667, -0.029491502791643143, 0.03557664901018143, 0.01838027499616146, -0.00850182306021452, 0.006196605507284403, -0.026677347719669342, -0.010814746841788292, 0.030087482184171677, -0.0017131133936345577, 0.010978409089148045, 0.0452377088367939, 0.027474958449602127, 0.05482793599367142, -0.02197294495999813, 0.008911356329917908, -0.03798865154385567, 0.04847325012087822, -0.11008822917938232, 0.025499805808067322, -0.05045301467180252, -0.04426352307200432, 0.010342667810618877, -0.04271635785698891, 0.0524434931576252, -0.019058484584093094, 0.01739325374364853, -0.00495162745937705, 0.027867501601576805, 0.026968955993652344, 0.0112219313159585, 0.05138137936592102, 0.03406348079442978, -0.0014876723289489746, 0.0035228643100708723, -0.021860362961888313, 0.009726135991513729, 0.07464542984962463, -0.042099304497241974, 0.01970663294196129, -0.005591173190623522, -0.06458001583814621, -0.0019113372545689344, 0.014655198901891708, -0.00542299821972847, -0.010262574069201946, -0.007410809397697449, -0.012400206178426743, -0.031527575105428696, 0.03224925696849823, 0.011768984608352184, 0.015567409805953503, 0.02071855217218399, -0.05036800354719162, -0.05039672926068306, 0.010961399413645267, -0.04680100083351135, 0.024417521432042122, -0.024947671219706535, 0.01643405854701996, -0.011194410733878613, 0.018038883805274963, 0.053970348089933395, -0.019657332450151443, 0.031196894124150276, 0.07879631221294403, 0.0009334354544989765, -0.00718447333201766, 0.007873862981796265, -0.05676506459712982, 0.007301954086869955, -0.003586189355701208, 0.06634823232889175, -0.03419334068894386, 0.013567127287387848, -0.023065609857439995, -0.03263207525014877, -0.0292375348508358, -0.03493412584066391, 0.02334822714328766, -0.036001116037368774, 0.014469237998127937, -0.05918683111667633, -0.0639672726392746, 0.02279227040708065, -0.011880800127983093, -0.04574029892683029, -0.03307381644845009, 0.003109507728368044, -0.05178147181868553, -0.0070247957482934, -0.04629175364971161, -0.007648450788110495, -0.03119679167866707, 0.0003590273263398558, -0.03905899077653885, 0.006244763731956482, -0.008045857772231102, 0.02877856232225895, -0.014071707613766193, -0.013838432729244232, 0.009598351083695889, -0.04929543659090996, 0.0431487038731575, 0.07432347536087036, 0.013076691888272762, 0.060999538749456406, 0.03280718997120857, -0.04204428195953369, 0.04148966073989868, -0.020452480763196945, 0.07695911079645157, -0.001615464803762734, -0.035903386771678925, -0.03147172927856445, -0.0006707986467517912, 0.044507402926683426, 0.054794665426015854, 0.00045771768782287836, -0.021965837106108665, -0.0651203915476799, -0.011815821751952171, -0.01759202964603901, 0.02796238288283348, 0.038043998181819916, 0.017309673130512238, 0.013599919155240059, -0.03946143016219139, -0.016897102817893028, -0.024179957807064056, -0.005440664943307638, 0.006043804343789816, -0.04436109960079193, 0.022203976288437843, -0.0037368470802903175, -0.011261855252087116, -0.02104717493057251, -0.029674287885427475, -0.05129951611161232, 0.008037279359996319, 0.11328288912773132, 0.02468092367053032, 0.07755997031927109, -0.03567219153046608, 0.0032330204267054796, 0.013187066651880741, 0.035184238106012344, -0.02011835388839245, -0.050770651549100876, 0.04880585893988609, 0.014077655039727688, 0.04488568753004074, -0.033114999532699585, -0.0021090598311275244, -0.03233593329787254, 0.02049999311566353, -0.024083247408270836, -0.01657642424106598, -0.009798756800591946, -4.773669206770137e-05, -0.007209391333162785, 0.007507845759391785, -0.031818702816963196, 0.05396577715873718, -0.007691971957683563, -0.06703074276447296, 0.06202075630426407, 0.015773940831422806, -0.0054476503282785416, 0.06074050813913345, -0.02193489857017994, 0.001254374161362648, -0.033210087567567825, 0.07786764204502106, -0.042287152260541916, -0.08159506320953369, 0.010262605734169483, 0.021052906289696693, 0.017105750739574432, -0.06508798897266388, 0.06994637846946716, 0.06746570020914078, 0.018809713423252106, 0.023181209340691566, 0.041608136147260666, -0.02473129704594612, 0.03526787832379341, -0.007791794370859861, 0.03729631006717682, -0.04840865358710289, -0.09599848836660385, 0.08634943515062332, 0.018084442242980003, -0.004891140852123499, -0.011060298420488834, -0.005602060817182064, 0.023647012189030647, -0.04065769165754318, 0.03502523526549339, -0.02870422601699829, -0.011727754026651382, 0.02544577419757843, 0.0691761001944542, 0.07229012250900269, -0.0003110557736363262, -0.038086071610450745, -0.04635017737746239, 0.05511392280459404, -0.031433697789907455, -0.005040978547185659, 0.07549384236335754, -0.01879597268998623, 0.012411355040967464, -0.09144734591245651, -0.013394310139119625, -0.06635237485170364, -0.04216434061527252, 0.0443681962788105, 0.03963131830096245, -0.01429662387818098, -0.029247945174574852, 0.026817793026566505, -0.04161568358540535, -0.007641803473234177, -0.02476399764418602, -0.015139053575694561, 0.005067911930382252, 0.004694752860814333, 0.01103497575968504, -0.05108681321144104, 0.009448950178921223, -0.005287865176796913, -0.020473875105381012, 0.006182554177939892, 0.07500940561294556, 0.004914553835988045, -0.03874829784035683, 0.06793243438005447, -0.06821050494909286, -0.02432943694293499, 0.03533435985445976, -0.03845508396625519, 0.040064770728349686, -0.07608679682016373, -0.03302933648228645, -0.01773981750011444, 0.007600004319101572, 0.022666383534669876, -0.022735757753252983, -0.0597921721637249, 0.079505056142807, -0.022427096962928772, 0.023324234411120415, -0.029063107445836067, -0.005222347564995289, -0.007711496669799089, -0.017540428787469864, 0.07137930393218994, -0.05467694625258446, 0.055444661527872086, -0.07254260778427124, -0.041046611964702606, 0.019221140071749687, -0.04286886751651764, -0.008975032716989517, 0.0037781111896038055, -0.05003015697002411, 0.05125810205936432, -0.052286241203546524, 0.042647771537303925, -0.047278594225645065, 0.012245221994817257, -0.019152024760842323, 0.023267259821295738, -0.0032959014642983675, 0.021276390179991722, -0.028067272156476974, -0.09356904774904251, 0.02848486788570881, -0.025229478254914284, 0.031013643369078636, -0.041603103280067444, -0.05456937849521637, 0.036762796342372894, -0.03816835582256317, -0.0023470348678529263, 0.03437759354710579, 0.030526652932167053, 0.008234765380620956, -0.007598161231726408, -0.023623432964086533, -0.04011409729719162, -0.060704804956912994, 0.031524814665317535, 0.00640657264739275, 0.019710473716259003, 0.0339091420173645, 0.07318193465471268, 0.005197563674300909, -0.015756798908114433, -0.06523304432630539, -0.01777387410402298, 0.05385524779558182, 0.0025770505890250206, -0.035230644047260284, 0.03493538871407509, -0.06152763217687607, 0.025846494361758232, 0.01911979354918003, 0.009579597041010857, -0.04326260834932327, -0.040187768638134, 0.0008229659870266914, 0.052214883267879486, -0.02637440711259842, -5.1029073022859386e-33, 0.005516731180250645, -0.038114067167043686, 0.03292619809508324, -0.04488568753004074, 0.0027928908821195364, -0.009376533329486847, 0.03855052962899208, -0.051857560873031616, -0.03975211828947067, -0.050542108714580536, -0.031242767348885536, 0.0011129974154755473, 0.0007114178733900189, 0.01026427373290062, -0.004053166136145592, 0.09486047923564911, -0.03129059076309204, -0.04216710850596428, -0.023851614445447922, -0.07244685292243958, -0.051716674119234085, 0.021337416023015976, 0.002509049139916897, -0.0009683009702712297, -0.010197071358561516, -0.03195510432124138, -0.014870323240756989, 0.02388606406748295, 0.06204204261302948, 0.006499061360955238, 0.018258361145853996, -0.029890457168221474, -0.003983383998274803, -0.025363892316818237, 0.024566173553466797, -0.023135969415307045, -0.021407539024949074, 0.019262172281742096, 0.00635587377473712, 0.016820697113871574, 0.03004484437406063, -0.0008701440528966486, -0.029682572931051254, -0.020119061693549156, 0.02655588462948799, -0.025339312851428986, -0.020061735063791275, -0.028813058510422707, 0.019559461623430252, 0.05827481299638748, -0.037490472197532654, -0.010450396686792374, -0.015469048172235489, 0.04213756322860718, -0.03833792731165886, 0.03213793411850929, 0.002347055356949568, -0.029003217816352844, -0.05312920734286308, -0.03745114803314209, -0.019073447212576866, 0.05074881389737129, 0.020101480185985565, -0.040885619819164276, -0.005474062170833349, 0.03237815201282501, 0.07234292477369308, 0.027058474719524384, 0.022919761016964912, -0.049417492002248764, 0.0047104633413255215, 0.02831958793103695, -0.02441399358212948, 0.0049932184629142284, 0.014154598116874695, -0.02979952096939087, -0.009812361560761929, 0.02446853183209896, 0.038933951407670975, -0.041297443211078644, -0.005610165651887655, 0.019459212198853493, -0.026359718292951584, -0.007300212979316711, 0.033345647156238556, 0.009260065853595734, -0.022973980754613876, -0.005943788215517998, 0.05761697143316269, 0.005025699734687805, 0.02864229492843151, 0.013519403524696827, -0.05067702755331993, 0.017969461157917976, 0.03374048322439194, 0.0007029506959952414, 0.00013165418931748718, -0.01436748169362545, -0.01802895963191986, -0.010907478630542755, -0.017974326387047768, 0.008392012678086758, -0.007473642472177744, 0.0466766282916069, -0.0011025592684745789, 0.03559945151209831, -0.007689229212701321, -0.013038791716098785, -0.03402482718229294, -0.007973636500537395, 0.028917739167809486, -0.015643971040844917, -4.085003092768602e-05, 0.0034756669774651527, -0.00021866062888875604, -0.04127463698387146, 0.03943082317709923, -0.024283623322844505, 0.028326822444796562, -0.048156943172216415, 0.05373065173625946, -0.022445550188422203, 0.05888965725898743, -0.006476043723523617, -0.016217324882745743, 0.0439099445939064, 0.03970011696219444, -0.01730448752641678, -0.03201878070831299, -0.0368637815117836, 0.03560669347643852, -0.01689748279750347, 2.827041498676408e-07, 0.02602304331958294, 0.010927916504442692, -0.03488565608859062, 0.03005160205066204, -0.0021585437934845686, -0.07784098386764526, -0.038446154445409775, -0.03521138057112694, 0.003082972252741456, 0.029672259464859962, 0.005625629797577858, -0.012014247477054596, -0.00016778685676399618, -0.022656681016087532, -0.035653144121170044, -0.0710737481713295, 0.028150638565421104, -0.0044722831808030605, -0.027257844805717468, -0.012638852000236511, 0.05743396282196045, 0.022690290585160255, 0.04849037528038025, -0.01595728099346161, 0.030694881454110146, 0.00073332799365744, -0.030415011569857597, 0.009294703602790833, -0.004104183986783028, 0.024802101776003838, 0.019867610186338425, -0.034004468470811844, 0.013807697221636772, 0.034713633358478546, -0.022759422659873962, 0.05259687826037407, 0.049177829176187515, 0.11029916256666183, -0.01049601286649704, 0.0307934507727623, 0.046973034739494324, -0.021599065512418747, 0.015034613199532032, 0.005723825190216303, 0.02945530042052269, -0.012747539207339287, -0.004739045165479183, 0.01821335405111313, -0.11021030694246292, 0.04704834893345833, -0.04398578777909279, 0.06462804973125458, -0.054234638810157776, -0.009067153558135033, 0.04291236773133278, -0.05618131905794144, -0.06455391645431519, 0.04488999769091606, 0.07189202308654785, 0.0057785483077168465, 0.011322090402245522, -0.023911943659186363, -0.0018144260393455625, 0.01798507757484913, 0.1062106117606163, 0.007866550236940384, -0.032002683728933334, 3.2551789562970786e-34, -0.008183939382433891, -0.010548590682446957, 0.07990624755620956, -0.04421624913811684, 0.08151564002037048, -0.045840099453926086, -0.0201445072889328, 0.004707092419266701, 0.0011830137809738517, -0.04515557736158371, -0.015995357185602188]","{'Experience': "": 1 to 3 years ['Accountant', 'Accounts Receivable Clerk', 'Mortgage Underwriter', 'Commercial Auto Underwriter', 'Personal Auto Underwriter', 'Claims Examiner'] Apparel Sourcing Quality Garment Sourcing Reliable Partner Buyer/Vendor Communication Apparel Sourcing Quality Garment Sourcing Reliable Partner Buyer/Vendor Communication ['January 2011', 'January 2008', 'January 2006', 'January 2004', 'January 2001', 'N/A'] ['November 2015', 'January 2010', 'January 2008', 'January 2006', 'January 2004', None]"", 'Education': "": ['Computer Applications Specialist Certificate Program'] ['Computer Applications'] ['Martinez Adult Education, Business Training Center ï¼ City , State'] Bachelor/Honors"", 'Skills': 'and attributes. Skills: accounts payables, accounts receivables, accounts payable, accounts receivable, administrative functions, trial balance, banking, budget, bi, closing, computer applications, credit, clients, data entry, delivery, driving, email, insurance, inventory, ledger, access, excel, outlook, powerpoint, word, mortgage loan, enterprise, policies, quickbooks, sales, sales reports, telecommunications, phone, workflow, written, fast typing skill, ieltsinternet browsing online work ability., g/l accounts, credit cards, reconcile, commission reports, credit checks, international travel, cash handling, customer communication, inventory reports, mortgage processing, analytical aptitude, credit reports, commercial auto underwriting, application review, personal auto underwriting, policy review, medical record review, document design, team performance'}",target position business development executive objective to obtain a position in a fast paced business office environment demanding a strong organizational technical and interpersonal position utilizing my skills and attributes. skills accounts payables accounts receivables accounts payable accounts receivable administrative functions trial balance banking budget bi closing computer applications credit clients data entry delivery driving email insurance inventory ledger access excel outlook powerpoint word mortgage loan enterprise policies quickbooks sales sales reports telecommunications phone workflow written fast typing skill ieltsinternet browsing online work ability. g l accounts credit cards reconcile commission reports credit checks international travel cash handling customer communication inventory reports mortgage processing analytical aptitude credit reports commercial auto underwriting application review personal auto underwriting policy review medical record review document design team performance education computer applications specialist certificate program computer applications martinez adult education business training center city state bachelor honors experience 1 to 3 years accountant accounts receivable clerk mortgage underwriter commercial auto underwriter personal auto underwriter claims examiner apparel sourcing quality garment sourcing reliable partner buyer vendor communication apparel sourcing quality garment sourcing reliable partner buyer vendor communication january 2011 january 2008 january 2006 january 2004 january 2001 n a november 2015 january 2010 january 2008 january 2006 january 2004 none,"['target', 'position', 'business', 'development', 'executive', 'objective', 'obtain', 'position', 'fast', 'paced', 'business', 'office', 'environment', 'demanding', 'strong', 'organizational', 'technical', 'interpersonal', 'position', 'utilizing', 'skill', 'attribute', 'skill', 'account', 'payable', 'account', 'receivables', 'account', 'payable', 'account', 'receivable', 'administrative', 'function', 'trial', 'balance', 'banking', 'budget', 'bi', 'closing', 'computer', 'application', 'credit', 'client', 'data', 'entry', 'delivery', 'driving', 'email', 'insurance', 'inventory', 'ledger', 'access', 'excel', 'outlook', 'powerpoint', 'word', 'mortgage', 'loan', 'enterprise', 'policy', 'quickbooks', 'sale', 'sale', 'report', 'telecommunication', 'phone', 'workflow', 'written', 'fast', 'typing', 'skill', 'ieltsinternet', 'browsing', 'online', 'work', 'ability', 'g', 'l', 'account', 'credit', 'card', 'reconcile', 'commission', 'report', 'credit', 'check', 'international', 'travel', 'cash', 'handling', 'customer', 'communication', 'inventory', 'report', 'mortgage', 'processing', 'analytical', 'aptitude', 'credit', 'report', 'commercial', 'auto', 'underwriting', 'application', 'review', 'personal', 'auto', 'underwriting', 'policy', 'review', 'medical', 'record', 'review', 'document', 'design', 'team', 'performance', 'education', 'computer', 'application', 'specialist', 'certificate', 'program', 'computer', 'application', 'martinez', 'adult', 'education', 'business', 'training', 'center', 'city', 'state', 'bachelor', 'honor', 'experience', 'year', 'accountant', 'account', 'receivable', 'clerk', 'mortgage', 'underwriter', 'commercial', 'auto', 'underwriter', 'personal', 'auto', 'underwriter', 'claim', 'examiner', 'apparel', 'sourcing', 'quality', 'garment', 'sourcing', 'reliable', 'partner', 'buyer', 'vendor', 'communication', 'apparel', 'sourcing', 'quality', 'garment', 'sourcing', 'reliable', 'partner', 'buyer', 'vendor', 'communication', 'january', 'january', 'january', 'january', 'january', 'n', 'november', 'january', 'january', 'january', 'january', 'none']",target position business development executive objective obtain position fast paced business office environment demanding strong organizational technical interpersonal position utilizing skill attribute skill account payable account receivables account payable account receivable administrative function trial balance banking budget bi closing computer application credit client data entry delivery driving email insurance inventory ledger access excel outlook powerpoint word mortgage loan enterprise policy quickbooks sale sale report telecommunication phone workflow written fast typing skill ieltsinternet browsing online work ability g l account credit card reconcile commission report credit check international travel cash handling customer communication inventory report mortgage processing analytical aptitude credit report commercial auto underwriting application review personal auto underwriting policy review medical record review document design team performance education computer application specialist certificate program computer application martinez adult education business training center city state bachelor honor experience year accountant account receivable clerk mortgage underwriter commercial auto underwriter personal auto underwriter claim examiner apparel sourcing quality garment sourcing reliable partner buyer vendor communication apparel sourcing quality garment sourcing reliable partner buyer vendor communication january january january january january n november january january january january none
cand_00004,4,Senior iOS Engineer,"Target position: Senior iOS Engineer Objective: Professional accountant with an outstanding work ethic and integrity seeking to make a valuable contribution utilizing strong analytical, organizational, communication, and computer skills. Skills: analytical reasoning, compliance testing knowledge, effective time management, public and private accounting, accounting, accounting systems, accounts payable, accounts receivable, administrative, ar, billing, closing, client, clients, financial, financial reports, preparation of financial reports, preparation of financial statements, fixed assets, managing, month-end closing, policies, maintain records, sales, tax, taxes, tax returns, annual reports, year-end, ios, ios app developer, ios application development, ios development, mobile apps developer ios, native ios, swift ios, swift ui, collections, ar aging, customer queries, sales and use tax audits, financial statements, gaap, asset, liability, capital account, accounting controls, audits, sales tax, business licenses, tax audits, financial reporting, cash projections, general ledger accounting, audit procedures, substantive tests, internal accounting, tests of compliance, audit programs Education: ['Bachelor of Business Administration'] ['Accounting'] ['Kent State University'] Bachelor of Science (BSc) in Computer Science Experience: At least 4 years ['Staff Accountant', 'Senior Accountant', 'Tax Analyst', 'Staff Accountant II', 'Staff Auditor II'] iOS Lifecycle Requirement Analysis Native Frameworks iOS Development API Integration Technical Communication UI Design Performance Optimization Feature Collaboration Bug Fixing Code Translation High-Performance Development Task Management Cross-Team Collaboration Code Quality iOS Lifecycle Requirement Analysis Native Frameworks iOS Development API Integration Technical Communication UI Design Performance Optimization Feature Collaboration Bug Fixing Code Translation High-Performance Development Task Management Cross-Team Collaboration Code Quality ['January 2016', 'January 2016', 'January 2012', 'January 2009', 'January 2006'] ['Current', 'January 2016', 'January 2015', 'January 2011', 'January 2009']","[""analytical reasoning"", ""compliance testing knowledge"", ""effective time management"", ""public and private accounting"", ""accounting"", ""accounting systems"", ""accounts payable"", ""accounts receivable"", ""administrative"", ""ar"", ""billing"", ""closing"", ""client"", ""clients"", ""financial"", ""financial reports"", ""preparation of financial reports"", ""preparation of financial statements"", ""fixed assets"", ""managing"", ""month-end closing"", ""policies"", ""maintain records"", ""sales"", ""tax"", ""taxes"", ""tax returns"", ""annual reports"", ""year-end"", ""ios"", ""ios app developer"", ""ios application development"", ""ios development"", ""mobile apps developer ios"", ""native ios"", ""swift ios"", ""swift ui"", ""collections"", ""ar aging"", ""customer queries"", ""sales and use tax audits"", ""financial statements"", ""gaap"", ""asset"", ""liability"", ""capital account"", ""accounting controls"", ""audits"", ""sales tax"", ""business licenses"", ""tax audits"", ""financial reporting"", ""cash projections"", ""general ledger accounting"", ""audit procedures"", ""substantive tests"", ""internal accounting"", ""tests of compliance"", ""audit programs""]","[""analytical reasoning"", ""compliance testing knowledge"", ""effective time management"", ""public and private accounting"", ""accounting"", ""accounting systems"", ""accounts payable"", ""accounts receivable"", ""administrative"", ""ar"", ""billing"", ""closing"", ""client"", ""clients"", ""financial"", ""financial reports"", ""preparation of financial reports"", ""preparation of financial statements"", ""fixed assets"", ""managing"", ""month-end closing"", ""policies"", ""maintain records"", ""sales"", ""tax"", ""taxes"", ""tax returns"", ""annual reports"", ""year-end"", ""ios"", ""ios app developer"", ""ios application development"", ""ios development"", ""mobile apps developer ios"", ""native ios"", ""swift ios"", ""swift ui"", ""collections"", ""ar aging"", ""customer queries"", ""sales and use tax audits"", ""financial statements"", ""gaap"", ""asset"", ""liability"", ""capital account"", ""accounting controls"", ""audits"", ""sales tax"", ""business licenses"", ""tax audits"", ""financial reporting"", ""cash projections"", ""general ledger accounting"", ""audit procedures"", ""substantive tests"", ""internal accounting"", ""tests of compliance"", ""audit programs""]",['Bachelor of Business Administration'] ['Accounting'] ['Kent State University'] Bachelor of Science (BSc) in Computer Science,"At least 4 years ['Staff Accountant', 'Senior Accountant', 'Tax Analyst', 'Staff Accountant II', 'Staff Auditor II'] iOS Lifecycle
Requirement Analysis
Native Frameworks
iOS Development
API Integration
Technical Communication
UI Design
Performance Optimization
Feature Collaboration
Bug Fixing
Code Translation
High-Performance Development
Task Management
Cross-Team Collaboration
Code Quality iOS Lifecycle
Requirement Analysis
Native Frameworks
iOS Development
API Integration
Technical Communication
UI Design
Performance Optimization
Feature Collaboration
Bug Fixing
Code Translation
High-Performance Development
Task Management
Cross-Team Collaboration
Code Quality ['January 2016', 'January 2016', 'January 2012', 'January 2009', 'January 2006'] ['Current', 'January 2016', 'January 2015', 'January 2011', 'January 2009']",4.0,FINANCE,"[0.05881429836153984, 0.0753575786948204, -0.03426152095198631, -0.038024723529815674, 0.0135869812220335, 0.018801400437951088, -0.033414896577596664, -0.010639375075697899, -0.02807893604040146, -0.05507759749889374, -0.0003351474879309535, 0.0011144425952807069, 0.04874209314584732, 0.052259109914302826, -0.010656344704329967, 0.03453667089343071, 0.01802641525864601, 0.017896326258778572, -0.009746842086315155, 0.03287813067436218, 0.022135043516755104, 0.034921374171972275, -0.02064615674316883, 0.006882122252136469, -0.015797704458236694, 0.0050669522024691105, 0.044987186789512634, 0.031713470816612244, -0.023834167048335075, 0.012390512973070145, 0.021578464657068253, -0.02631339430809021, -0.07010895013809204, -0.06016068905591965, 2.2472945602203254e-06, -0.005667758174240589, -0.029383910819888115, -0.024498941376805305, -0.016518129035830498, 0.008143739774823189, 0.0522347018122673, 0.030049195513129234, 0.0036099625285714865, 0.0327618233859539, -0.06627259403467178, 0.02875281125307083, 0.02093164063990116, -0.04141254723072052, 0.03840509057044983, 0.02479461021721363, 0.00548856146633625, -0.06362447887659073, 0.014897458255290985, -0.032060470432043076, -0.0545661486685276, -0.07209065556526184, -0.012139090336859226, -0.030810482800006866, 0.01323539949953556, -0.01722722314298153, 0.001934691215865314, -0.036526262760162354, -0.00039054080843925476, -0.05970291793346405, 0.04837729036808014, 0.021541127935051918, 0.02653191238641739, -0.03344577178359032, -0.006602767389267683, -0.05058889091014862, 0.0697813406586647, 0.010291416198015213, -0.01606711558997631, 0.014446019195020199, 0.012193912640213966, 0.00899621844291687, 0.0058038318529725075, -0.04274814948439598, -0.03006136417388916, 0.0024708665441721678, 0.0017190987709909678, 0.02983687072992325, -0.023940641433000565, -0.014603786170482635, 0.04780024662613869, -0.05932306498289108, -0.03997354209423065, -0.02164282649755478, 0.09912900626659393, 0.007783757988363504, 0.0029515563510358334, -0.007473605219274759, 0.009583023376762867, 0.050825972110033035, 0.027025405317544937, -0.0008398069185204804, 0.023263512179255486, -0.030166059732437134, -0.0026248665526509285, -0.005834268406033516, -0.018533922731876373, -0.01234387420117855, -0.013327282853424549, -0.00902034342288971, -0.03175979107618332, 0.0443190298974514, 0.0006349403993226588, -0.016823701560497284, -0.04669898375868797, 0.001131872646510601, 0.007067670579999685, 0.004554196260869503, -0.031956352293491364, 0.012956598773598671, -0.03089718148112297, 0.048521652817726135, -0.07002384960651398, -0.04637568071484566, 0.0006569683901034296, 0.01956080086529255, 0.08193375170230865, 0.040675319731235504, 0.02908087521791458, 0.026636632159352303, 0.0002476275258231908, -0.02036827616393566, -0.019285796210169792, -0.0009305990533903241, -0.014986386522650719, 0.0012379457475617528, 0.018247930333018303, 0.0003021906304638833, -0.001433198805898428, 0.001949675497598946, -0.008918574079871178, 0.027288857847452164, 0.0169814582914114, 0.06784551590681076, -0.06738884747028351, -0.008228707127273083, -0.03473865985870361, 0.015961946919560432, -0.03503096476197243, 0.00851110927760601, -0.03278357535600662, -0.04851460084319115, -0.00954627338796854, -0.019314724951982498, 0.019852999597787857, 0.0046066343784332275, 0.007368507795035839, -0.03557199984788895, -0.002037873025983572, -0.010899871587753296, 0.02099752612411976, 0.03134920820593834, 0.028469033539295197, 0.006492631044238806, -0.004946291446685791, 0.0005588816711679101, 0.026059560477733612, -0.03484932333230972, 0.04487907513976097, 0.031331297010183334, -0.046561017632484436, -0.0404822863638401, 0.030646832659840584, 0.07211020588874817, -0.058725226670503616, -0.046272557228803635, 0.017009789124131203, -0.017000747844576836, -0.010767345316708088, 0.049711987376213074, 0.003744484158232808, 0.023643285036087036, 0.06703293323516846, -0.020492753013968468, -0.0014778445474803448, -0.031758252531290054, 0.027319077402353287, -0.12297488749027252, -0.00044078510836698115, 0.05481060594320297, 0.030985236167907715, 0.02320280112326145, -0.043715402483940125, 0.031848352402448654, -0.01651703752577305, -0.037535205483436584, 0.005575509276241064, -0.029385210946202278, -0.14059558510780334, 0.027298664674162865, -0.013411900028586388, 0.03593691065907478, -0.04780044034123421, -0.026797182857990265, 0.008739275857806206, -0.05476944521069527, -0.04697331041097641, -0.05210425332188606, 0.03321026638150215, 0.03472450003027916, 0.03771917521953583, -0.015998374670743942, 0.012467040680348873, -0.07346171140670776, -0.01242124568670988, 0.018818913027644157, 0.06332068145275116, -0.03430357575416565, 0.022474275901913643, -0.005867402069270611, -0.020981034263968468, 0.01474884431809187, 0.00485679367557168, 0.021439537405967712, 0.03845429793000221, -0.015192247927188873, -0.013780524954199791, 0.009703967720270157, -0.014588956721127033, 0.0022165284026414156, 0.019437111914157867, -0.05331544950604439, 0.05985920503735542, 0.025634773075580597, -0.02389189600944519, 0.0505996011197567, -0.015614649280905724, -0.00558805838227272, -0.012345018796622753, 0.010910066775977612, 0.07973643392324448, 0.00827957782894373, 0.03831561282277107, 0.07401800900697708, -0.030178610235452652, 0.018803544342517853, -0.05332041159272194, 0.019242219626903534, 0.024552997201681137, 0.021178828552365303, -0.010086293332278728, -0.006313738878816366, 0.03294405713677406, 0.004589404445141554, -0.0007959886570461094, -0.003250998677685857, 0.0013921370264142752, 0.029241366311907768, 0.031519755721092224, 0.04394907131791115, -0.026612719520926476, -0.06773339211940765, -0.016213618218898773, 0.006710968911647797, -0.032633714377880096, 0.018786905333399773, -0.009694283828139305, -0.037874408066272736, -0.000957743963226676, 0.022031405940651894, 0.06307075172662735, -0.039975788444280624, -0.00870643462985754, -0.06375702470541, -0.028565142303705215, 0.032151952385902405, -0.009567568078637123, 0.03601619973778725, 0.048983894288539886, -0.01114962063729763, -0.0043571279384195805, -0.014960586093366146, -0.0209871344268322, 0.02062109485268593, -0.0248255655169487, 0.015131104737520218, 0.009136518463492393, -0.053709253668785095, -0.012042398564517498, -0.00029992416966706514, 0.005904769990593195, 0.0005750801647081971, 0.04507511481642723, -0.024770637974143028, 0.005903126206248999, -0.013832486234605312, -0.006454118527472019, -0.012664751149713993, 0.024841897189617157, -0.017520371824502945, -0.03974950686097145, 0.011353425681591034, -0.0437045618891716, 0.036877330392599106, -0.08809846639633179, 0.06597696989774704, -0.04438718780875206, -0.01691497303545475, 0.05421198904514313, -0.010884621180593967, 0.0850815400481224, 0.019289251416921616, 0.0364508219063282, 0.022183889523148537, 0.006206952966749668, -0.021649057045578957, -0.040602318942546844, 0.010784107260406017, 0.017606962472200394, -0.0073340036906301975, -0.01695714145898819, -0.01915661431849003, 0.00544513575732708, -0.0023632810916751623, -0.01547093503177166, 0.04233843833208084, -0.05253108963370323, -0.02253929153084755, -0.06366068869829178, -0.03036568872630596, 0.02667863480746746, -0.04408165067434311, -0.061487071216106415, -0.0334862545132637, 0.04445284232497215, -0.07715858519077301, -0.012470049783587456, -0.008280038833618164, -0.022157493978738785, -0.008416258729994297, -0.004318911582231522, -0.030662542209029198, -0.024007659405469894, -0.011997184716165066, -0.007188199087977409, -0.02344152331352234, -0.005285164341330528, 0.0020789694972336292, -0.0024325894191861153, 0.024271594360470772, 0.009933337569236755, -0.022648459300398827, 0.006806479766964912, 0.014099400490522385, -0.04526522010564804, 0.016232728958129883, 0.0021427005995064974, 0.06665432453155518, -0.0045563350431621075, -0.04218938201665878, 0.0037322668358683586, -0.035589080303907394, 0.041092466562986374, 0.0019467901438474655, -0.034794822335243225, -0.034693557769060135, -0.008558775298297405, -0.036220911890268326, 0.05323291942477226, 0.0611107163131237, 0.004899399355053902, 0.01100959163159132, 0.009397058747708797, -0.036546919494867325, -0.0268582534044981, 0.01734970323741436, -0.02401428483426571, 0.014940072782337666, -0.04163895919919014, 0.02897193841636181, -0.006372069474309683, -0.021087996661663055, -0.005960656329989433, 0.017348889261484146, -0.06760894507169724, 0.014565174467861652, 0.08629576861858368, -0.0019845771603286266, 0.05037336051464081, -0.04114830493927002, 0.020128868520259857, -0.006172276567667723, -0.0035446370020508766, -0.03222205117344856, 0.003228403627872467, 0.02963104657828808, 0.03278158977627754, 0.03387472406029701, -0.04610423371195793, -0.010635044425725937, -0.012200500816106796, -0.031802479177713394, -0.011921967379748821, -0.057764459401369095, 0.0007866034284234047, 0.018863871693611145, 0.01736546866595745, -0.0879029631614685, 0.021167248487472534, 0.019115420058369637, -0.023411711677908897, -0.07790114730596542, 0.13777367770671844, 0.00567606370896101, -0.015218510292470455, 0.058954592794179916, -0.002851327648386359, 0.011649195104837418, -0.024001508951187134, 0.053045544773340225, -0.05373232811689377, -0.02939014509320259, 0.024231242015957832, 0.050232142210006714, 0.015462873503565788, -0.06156885251402855, 0.026909353211522102, 0.04874950647354126, 0.035076532512903214, 0.01719323731958866, 0.07281193137168884, -0.034095920622348785, 0.020692093297839165, -0.035082511603832245, 0.014179530553519726, -0.030894501134753227, -0.05177481099963188, 0.033018507063388824, 0.009798146784305573, -0.007237246725708246, -0.09160252660512924, 0.07514673471450806, 0.06878747045993805, 0.028998667374253273, 0.006143573205918074, -0.006631585769355297, -0.035924170166254044, 0.03399890288710594, 0.024951137602329254, 0.04623028263449669, -0.012485715560615063, 0.0010869812685996294, 0.0038015353493392467, 0.040883466601371765, -0.04978768900036812, -0.0431157611310482, 0.09488966315984726, -0.031300440430641174, 0.024685386568307877, -0.04685306176543236, 0.007904025726020336, -0.03534448891878128, -0.03167117014527321, 0.03627029061317444, 0.025792879983782768, 0.011173221282660961, 0.009296320378780365, 0.028335554525256157, -0.022449642419815063, -0.01899486966431141, -0.014414874836802483, -0.007696842309087515, -0.008700793609023094, -0.04456029832363129, 0.010740376077592373, -0.058366477489471436, 0.028883207589387894, -0.027088498696684837, -0.030458278954029083, -0.061059169471263885, -0.01342979446053505, 0.03898812457919121, -0.01538535300642252, 0.08336547017097473, -0.02162124402821064, 0.013044976629316807, 0.0330815315246582, -0.03418947011232376, 0.058084748685359955, -0.07842227816581726, 0.02039213664829731, 0.01870536431670189, 0.03518339619040489, 0.023909419775009155, -0.017302624881267548, -0.08469732105731964, 0.08431465923786163, 0.006484122946858406, 0.0528668649494648, -0.0014028813457116485, 0.02173842117190361, -0.004297818057239056, 4.7571229515597224e-05, 0.06933344900608063, -0.04617844521999359, 0.07623612135648727, -0.07170812785625458, -0.02234787307679653, 0.0034069810062646866, -0.04114678129553795, -0.009525353088974953, -0.023971455171704292, -0.030941693112254143, 0.028138920664787292, -0.07476743310689926, 0.06749385595321655, -0.025270454585552216, 0.001758992439135909, -0.03433559834957123, 0.017150213941931725, 9.522038453724235e-05, 0.04318978264927864, -0.02494778484106064, -0.0633324682712555, 0.009810829535126686, -0.030059482902288437, 0.023576846346259117, -0.001319156726822257, -0.029349416494369507, 0.016268474981188774, -0.01326686516404152, -0.0017131867352873087, 0.02012268640100956, 0.016942305490374565, -0.034383803606033325, 0.03225713595747948, -0.021489771082997322, -0.006587218027561903, -0.12059959769248962, 0.035622891038656235, -0.00264432723633945, 0.021060137078166008, 0.07261156290769577, 0.001901033683679998, 0.021529236808419228, 0.03472902625799179, -0.03565271943807602, 0.022576255723834038, 0.0633954405784607, -0.025069570168852806, -0.00363441975787282, -0.0388006865978241, -0.05821852385997772, 0.02889329195022583, 0.03748815134167671, 0.010885735042393208, -0.019992908462882042, -0.07101113349199295, -0.013983536511659622, 0.011074624955654144, -0.030864067375659943, -5.559550490723919e-33, 0.002620320999994874, 0.008770006708800793, 0.03125349059700966, -0.015267973765730858, 0.012537797912955284, 0.0076642404310405254, 0.033612657338380814, -0.05385681986808777, -0.040090858936309814, -0.026598675176501274, -0.02515636384487152, 0.004425817169249058, -0.003881436074152589, 0.029128393158316612, 0.009341363795101643, 0.06321285665035248, 0.006696947850286961, -0.029868073761463165, 0.01967455819249153, -0.030004478991031647, -0.10227380692958832, 0.013224082998931408, -0.002767950529232621, 0.0014528705505654216, 0.01451350562274456, -0.0017232416430488229, -0.0050330376252532005, 0.020151294767856598, 0.026113878935575485, 0.012245013378560543, 0.03458980470895767, -0.06404991447925568, -0.0077671753242611885, -0.003796204924583435, 0.008905516006052494, 0.015146239660680294, -0.02964124083518982, -0.06282679736614227, 0.013620327226817608, 0.042749520391225815, 0.033836644142866135, -0.014291917905211449, 0.02991982363164425, 0.00788678415119648, -0.010593782179057598, -0.04169003665447235, 0.001350659062154591, 0.01278475858271122, 0.03914828225970268, 0.009448041208088398, -0.03115455061197281, -0.000776244152802974, -0.029445169493556023, 0.07060540467500687, -0.06722913682460785, 0.08973224461078644, -0.04092758148908615, -0.051972292363643646, 0.007253705058246851, -0.008064965717494488, -0.03296758607029915, 0.0077115511521697044, -0.004002944100648165, -0.021262992173433304, -0.04227319359779358, 0.0012276332126930356, 0.05676065385341644, -0.0032620951533317566, -0.040653835982084274, -0.0535697340965271, 0.00752393901348114, 0.015179850161075592, -0.0030445032753050327, 0.0017065812135115266, -0.037860240787267685, -0.021481163799762726, -0.020424185320734978, 0.04315369576215744, 0.03735430911183357, 0.052074600011110306, -0.027817385271191597, 0.012245315127074718, -0.03589753806591034, -0.00704305712133646, 0.07522953301668167, -6.65083498461172e-05, -0.02174042910337448, 0.0028344804886728525, 0.054047614336013794, -0.03653857111930847, 0.030861178413033485, 0.04139348492026329, -0.049469199031591415, -0.006405963096767664, 0.042261503636837006, -0.050804492086172104, 0.07109429687261581, 0.03037273697555065, 0.016614709049463272, 0.03538656234741211, -0.02809935435652733, 0.02111012488603592, 0.0009283286635763943, 0.03733121603727341, 0.04093383252620697, 0.02894243784248829, 0.020883958786725998, -0.004612947814166546, -0.04956058785319328, 0.012687395326793194, 0.01440674439072609, 0.024291537702083588, 0.0073746792040765285, 0.011499127373099327, -0.03204229474067688, 0.03264599293470383, 0.027723830193281174, -0.04899192973971367, 0.012791584245860577, -0.0545286126434803, 0.02929680049419403, -0.021933890879154205, 0.04751146584749222, 0.004236960783600807, -0.008569160476326942, -0.006424638442695141, 0.026408780366182327, -0.08415590226650238, -0.02320055477321148, -0.04337713494896889, -0.008675135672092438, -0.011399081908166409, 2.8264017259971297e-07, 0.011494548059999943, -0.010548301972448826, -0.030933909118175507, -0.011981016956269741, 0.01425157580524683, -0.062407463788986206, -0.01699705235660076, -0.042222071439027786, -0.015094984322786331, 0.022161340340971947, 0.0204186849296093, -0.052950844168663025, 0.032462526112794876, -0.00857079029083252, 0.03636597469449043, -0.06024060770869255, -0.02141338400542736, -0.002262057736515999, 0.0023865739349275827, 0.05714631453156471, 0.02775374986231327, 0.01095954142510891, 0.02954781800508499, -0.027947386726737022, -0.006776450667530298, -0.024922644719481468, -0.013033684343099594, 0.015292794443666935, 0.01869131438434124, 0.00791067536920309, 0.014987868256866932, -0.03134206309914589, 0.014098209328949451, 0.03566272184252739, 0.002362311352044344, -0.01382878702133894, 0.07192277163267136, 0.0804254412651062, -0.038279302418231964, 0.09087178856134415, 0.026307007297873497, -0.0004388836969155818, 0.017155470326542854, -0.003749661613255739, 0.03690662607550621, 0.03691057488322258, -0.03423406928777695, 0.025123296305537224, -0.04406893998384476, 0.04286997765302658, -0.0343034490942955, 0.08083957433700562, -0.0282175000756979, -0.047827791422605515, 0.0294994805008173, -0.01995965838432312, -0.074773870408535, 0.03794501721858978, 0.06365536153316498, 0.055465150624513626, 0.05167267844080925, 0.006352342665195465, -0.005398660432547331, 0.03502107784152031, 0.07455421984195709, -0.05832572281360626, 0.02019125409424305, 3.020671736316619e-34, -0.011275657452642918, -0.039739854633808136, 0.0431811586022377, -0.04265251383185387, 0.07203205674886703, -0.03624354302883148, 0.06028046831488609, 0.03295035660266876, 0.016176223754882812, 0.019560622051358223, -0.011236228980123997]","{'Experience': "": At least 4 years ['Staff Accountant', 'Senior Accountant', 'Tax Analyst', 'Staff Accountant II', 'Staff Auditor II'] iOS Lifecycle Requirement Analysis Native Frameworks iOS Development API Integration Technical Communication UI Design Performance Optimization Feature Collaboration Bug Fixing Code Translation High-Performance Development Task Management Cross-Team Collaboration Code Quality iOS Lifecycle Requirement Analysis Native Frameworks iOS Development API Integration Technical Communication UI Design Performance Optimization Feature Collaboration Bug Fixing Code Translation High-Performance Development Task Management Cross-Team Collaboration Code Quality ['January 2016', 'January 2016', 'January 2012', 'January 2009', 'January 2006'] ['Current', 'January 2016', 'January 2015', 'January 2011', 'January 2009']"", 'Education': "": ['Bachelor of Business Administration'] ['Accounting'] ['Kent State University'] Bachelor of Science (BSc) in Computer Science"", 'Skills': '. Skills: analytical reasoning, compliance testing knowledge, effective time management, public and private accounting, accounting, accounting systems, accounts payable, accounts receivable, administrative, ar, billing, closing, client, clients, financial, financial reports, preparation of financial reports, preparation of financial statements, fixed assets, managing, month-end closing, policies, maintain records, sales, tax, taxes, tax returns, annual reports, year-end, ios, ios app developer, ios application development, ios development, mobile apps developer ios, native ios, swift ios, swift ui, collections, ar aging, customer queries, sales and use tax audits, financial statements, gaap, asset, liability, capital account, accounting controls, audits, sales tax, business licenses, tax audits, financial reporting, cash projections, general ledger accounting, audit procedures, substantive tests, internal accounting, tests of compliance, audit programs'}",target position senior ios engineer objective professional accountant with an outstanding work ethic and integrity seeking to make a valuable contribution utilizing strong analytical organizational communication and computer skills. skills analytical reasoning compliance testing knowledge effective time management public and private accounting accounting accounting systems accounts payable accounts receivable administrative ar billing closing client clients financial financial reports preparation of financial reports preparation of financial statements fixed assets managing month end closing policies maintain records sales tax taxes tax returns annual reports year end ios ios app developer ios application development ios development mobile apps developer ios native ios swift ios swift ui collections ar aging customer queries sales and use tax audits financial statements gaap asset liability capital account accounting controls audits sales tax business licenses tax audits financial reporting cash projections general ledger accounting audit procedures substantive tests internal accounting tests of compliance audit programs education bachelor of business administration accounting kent state university bachelor of science bsc in computer science experience at least 4 years staff accountant senior accountant tax analyst staff accountant ii staff auditor ii ios lifecycle requirement analysis native frameworks ios development api integration technical communication ui design performance optimization feature collaboration bug fixing code translation high performance development task management cross team collaboration code quality ios lifecycle requirement analysis native frameworks ios development api integration technical communication ui design performance optimization feature collaboration bug fixing code translation high performance development task management cross team collaboration code quality january 2016 january 2016 january 2012 january 2009 january 2006 current january 2016 january 2015 january 2011 january 2009,"['target', 'position', 'senior', 'io', 'engineer', 'objective', 'professional', 'accountant', 'outstanding', 'work', 'ethic', 'integrity', 'seeking', 'make', 'valuable', 'contribution', 'utilizing', 'strong', 'analytical', 'organizational', 'communication', 'computer', 'skill', 'skill', 'analytical', 'reasoning', 'compliance', 'testing', 'knowledge', 'effective', 'time', 'management', 'public', 'private', 'accounting', 'accounting', 'accounting', 'system', 'account', 'payable', 'account', 'receivable', 'administrative', 'ar', 'billing', 'closing', 'client', 'client', 'financial', 'financial', 'report', 'preparation', 'financial', 'report', 'preparation', 'financial', 'statement', 'fixed', 'asset', 'managing', 'month', 'end', 'closing', 'policy', 'maintain', 'record', 'sale', 'tax', 'tax', 'tax', 'return', 'annual', 'report', 'year', 'end', 'io', 'io', 'app', 'developer', 'io', 'application', 'development', 'io', 'development', 'mobile', 'apps', 'developer', 'io', 'native', 'io', 'swift', 'io', 'swift', 'ui', 'collection', 'ar', 'aging', 'customer', 'query', 'sale', 'use', 'tax', 'audit', 'financial', 'statement', 'gaap', 'asset', 'liability', 'capital', 'account', 'accounting', 'control', 'audit', 'sale', 'tax', 'business', 'license', 'tax', 'audit', 'financial', 'reporting', 'cash', 'projection', 'general', 'ledger', 'accounting', 'audit', 'procedure', 'substantive', 'test', 'internal', 'accounting', 'test', 'compliance', 'audit', 'program', 'education', 'bachelor', 'business', 'administration', 'accounting', 'kent', 'state', 'university', 'bachelor', 'science', 'bsc', 'computer', 'science', 'experience', 'least', 'year', 'staff', 'accountant', 'senior', 'accountant', 'tax', 'analyst', 'staff', 'accountant', 'ii', 'staff', 'auditor', 'ii', 'io', 'lifecycle', 'requirement', 'analysis', 'native', 'framework', 'io', 'development', 'api', 'integration', 'technical', 'communication', 'ui', 'design', 'performance', 'optimization', 'feature', 'collaboration', 'bug', 'fixing', 'code', 'translation', 'high', 'performance', 'development', 'task', 'management', 'cross', 'team', 'collaboration', 'code', 'quality', 'io', 'lifecycle', 'requirement', 'analysis', 'native', 'framework', 'io', 'development', 'api', 'integration', 'technical', 'communication', 'ui', 'design', 'performance', 'optimization', 'feature', 'collaboration', 'bug', 'fixing', 'code', 'translation', 'high', 'performance', 'development', 'task', 'management', 'cross', 'team', 'collaboration', 'code', 'quality', 'january', 'january', 'january', 'january', 'january', 'current', 'january', 'january', 'january', 'january']",target position senior io engineer objective professional accountant outstanding work ethic integrity seeking make valuable contribution utilizing strong analytical organizational communication computer skill skill analytical reasoning compliance testing knowledge effective time management public private accounting accounting accounting system account payable account receivable administrative ar billing closing client client financial financial report preparation financial report preparation financial statement fixed asset managing month end closing policy maintain record sale tax tax tax return annual report year end io io app developer io application development io development mobile apps developer io native io swift io swift ui collection ar aging customer query sale use tax audit financial statement gaap asset liability capital account accounting control audit sale tax business license tax audit financial reporting cash projection general ledger accounting audit procedure substantive test internal accounting test compliance audit program education bachelor business administration accounting kent state university bachelor science bsc computer science experience least year staff accountant senior accountant tax analyst staff accountant ii staff auditor ii io lifecycle requirement analysis native framework io development api integration technical communication ui design performance optimization feature collaboration bug fixing code translation high performance development task management cross team collaboration code quality io lifecycle requirement analysis native framework io development api integration technical communication ui design performance optimization feature collaboration bug fixing code translation high performance development task management cross team collaboration code quality january january january january january current january january january january
cand_00005,5,AI Engineer,"Target position: AI Engineer Objective: To secure an IT specialist, desktop support, network administration, database administrator, technical support specialist or related position with a growing organization where my Microsoft certification, technical aptitude, networking, Windows and Mac OS, Apple and Android IOS, web development, application development, Linux, Microsoft applications, managing, testing, client support, help desk, technical support, troubleshooting, and leadership skills can benefit those who I work for as well as myself. Skills: microsoft applications, network security, networking, remote desktop and help desk management, verbal communication, technical support, team leadership, programming languages, on-call tech support, windows mac os, wiring/wire spicing cat3 cat5 cat5e coaxial, application development, voice over ip telephone, inventory management, python, r or java, tensorflow, pytorch, scikit-learn., windows applications, mac os and ios, network routers, cisco asa firewall, juniper net-screen, lans wans, cloud experience, windows and mac os, linux, web development, customer support, network administration Education: ['Bachelor Degree', 'Associate Degree'] ['Electronics and Communications Engineering Technology', 'Software Development'] ['Glen Oaks High School', 'Glen Oaks High School'] Bachelors or Masters degree in Computer Science, Engineering, or a related field. Experience: ['Engineering Systems Installer', 'IT Technician/QA Tester', 'Installation/Service Technician'] Machine Learning Design Data Analysis Model Training AI Integration Innovation Cross-Functional Collaboration Model Deployment Documentation Analytical Skills Communication Team Collaboration Machine Learning Design Data Analysis Model Training AI Integration Innovation Cross-Functional Collaboration Model Deployment Documentation Analytical Skills Communication Team Collaboration ['August 2006', 'August 2013', 'July 2014'] ['January 2013', 'September 2014', 'Current']","[""microsoft applications"", ""network security"", ""networking"", ""remote desktop and help desk management"", ""verbal communication"", ""technical support"", ""team leadership"", ""programming languages"", ""on-call tech support"", ""windows mac os"", ""wiring/wire spicing cat3 cat5 cat5e coaxial"", ""application development"", ""voice over ip telephone"", ""inventory management"", ""python"", ""r or java"", ""tensorflow"", ""pytorch"", ""scikit-learn."", ""windows applications"", ""mac os and ios"", ""network routers"", ""cisco asa firewall"", ""juniper net-screen"", ""lans wans"", ""cloud experience"", ""windows and mac os"", ""linux"", ""web development"", ""customer support"", ""network administration""]","[""microsoft applications"", ""network security"", ""networking"", ""remote desktop and help desk management"", ""verbal communication"", ""technical support"", ""team leadership"", ""programming languages"", ""on-call tech support"", ""windows mac os"", ""wiring/wire spicing cat3 cat5 cat5e coaxial"", ""application development"", ""voice over ip telephone"", ""inventory management"", ""python"", ""r or java"", ""tensorflow"", ""pytorch"", ""scikit-learn."", ""windows applications"", ""mac os and ios"", ""network routers"", ""cisco asa firewall"", ""juniper net-screen"", ""lans wans"", ""cloud experience"", ""windows and mac os"", ""linux"", ""web development"", ""customer support"", ""network administration""]","['Bachelor Degree', 'Associate Degree'] ['Electronics and Communications Engineering Technology', 'Software Development'] ['Glen Oaks High School', 'Glen Oaks High School'] Bachelors or Masters degree in Computer Science, Engineering, or a related field."," ['Engineering Systems Installer', 'IT Technician/QA Tester', 'Installation/Service Technician'] Machine Learning Design
Data Analysis
Model Training
AI Integration
Innovation
Cross-Functional Collaboration
Model Deployment
Documentation
Analytical Skills
Communication
Team Collaboration Machine Learning Design
Data Analysis
Model Training
AI Integration
Innovation
Cross-Functional Collaboration
Model Deployment
Documentation
Analytical Skills
Communication
Team Collaboration ['August 2006', 'August 2013', 'July 2014'] ['January 2013', 'September 2014', 'Current']",0.0,INFORMATION-TECHNOLOGY,"[0.025875668972730637, 0.04568507522344589, -0.027930302545428276, -0.05057172104716301, 0.01975022442638874, -0.0038268021307885647, 0.0285288505256176, -0.014812219887971878, 0.02622232772409916, -0.0332656130194664, 0.011378670111298561, 0.003341836156323552, -0.005507177673280239, 0.07640592753887177, 0.02309459261596203, -0.006886668037623167, 0.02459670789539814, 0.030735936015844345, 0.015524666756391525, -0.010532028041779995, -0.016337266191840172, 0.017365790903568268, -0.045232143253088, 0.01396043598651886, -0.0077110836282372475, -0.03299862518906593, 0.02819032035768032, 0.037219371646642685, 0.01408421527594328, 0.009989076294004917, 0.013866295106709003, -0.056099846959114075, -0.016311313956975937, -0.044605471193790436, 2.362759687457583e-06, -0.004333794582635164, -0.02603994868695736, -0.013189542107284069, 0.0005904249264858663, -0.04996589943766594, -0.0104442797601223, 0.031225448474287987, -0.008718290366232395, 0.0457804836332798, -0.05428647994995117, 0.06161357834935188, 0.0374336764216423, -0.00645111221820116, 0.06709101051092148, 0.05606155842542648, 0.0007414702558889985, -2.4832994313328527e-05, 0.004176054149866104, -0.023378996178507805, -0.05691036954522133, -0.06215936318039894, -0.019564785063266754, -0.01830911636352539, 0.009606878273189068, -0.011849626898765564, 0.0015520057640969753, -0.017629191279411316, -0.01424602884799242, -0.051426857709884644, 0.0819380134344101, 0.0581081248819828, 0.014815871603786945, -0.03447869420051575, -0.021611930802464485, -0.04306546971201897, 0.00971421878784895, 0.03251045197248459, -0.05930911377072334, 0.007139597553759813, 0.024716544896364212, 0.018157830461859703, 0.017754467204213142, -0.031354501843452454, 0.011751861311495304, 0.00016546928964089602, 0.020854543894529343, 0.023494888097047806, -0.07004018127918243, -0.03373229131102562, 0.005107588600367308, 0.056855637580156326, -0.0188765712082386, -0.014889828860759735, 0.07879985868930817, -0.019433772191405296, 0.06575504690408707, -0.011716097593307495, 0.04714586213231087, 0.03875652700662613, -0.058758918195962906, -0.014419336803257465, 0.0010740123689174652, -0.010693162679672241, -0.02825811319053173, -0.0007098009227775037, 0.007590761408209801, -0.002046882640570402, 0.052279338240623474, 0.011439351364970207, -0.025566576048731804, 0.040289536118507385, 0.004322003573179245, 0.028166066855192184, -0.06062857806682587, 0.007542830891907215, -0.03766603767871857, 0.0003040935844182968, -0.06484783440828323, 0.018907228484749794, 0.015400046482682228, 0.013662775047123432, -0.036408014595508575, 0.021063344553112984, -0.022180574014782906, 0.014166402630507946, 0.040298283100128174, 0.004682818427681923, 0.009434615261852741, 0.027187297120690346, -0.0324556902050972, -0.013931132853031158, 0.005845956038683653, 0.017229238525032997, -0.018609823659062386, -0.012517686933279037, 0.015270120464265347, 0.02497941255569458, -0.02386118844151497, -0.019400740042328835, 0.018170710653066635, 0.04477708786725998, 0.029323136433959007, 0.00236876611597836, -0.032525256276130676, -0.008177128620445728, -0.0005471390322782099, 0.01880735345184803, 0.001980424392968416, 0.032123416662216187, -0.056574415415525436, -0.0718301460146904, -0.02641044743359089, -0.03033388964831829, 0.022590113803744316, -0.007862168364226818, 0.01651872508227825, -0.021239960566163063, -0.002465495839715004, -0.012670457363128662, 0.05565351992845535, 0.01648280955851078, 0.019237861037254333, -0.03244905546307564, 0.00455817673355341, 0.061479728668928146, 0.02439684234559536, -0.04253021627664566, 0.022960273548960686, 0.05465158075094223, -0.052819572389125824, 0.005092864856123924, 0.04844561591744423, 0.06224188953638077, -0.03410743549466133, -0.010069165378808975, -0.0013788824435323477, -0.012870240025222301, 0.02667444571852684, 0.018399933353066444, 0.024442138150334358, 0.05426298826932907, 0.05209806188941002, -0.04034226015210152, 0.018075615167617798, 0.042001478374004364, -0.008753102272748947, -0.1102556362748146, 0.0003195161698386073, 0.049233369529247284, 0.005794047378003597, 0.006169919390231371, -0.002086950931698084, 0.07576112449169159, -0.042677123099565506, -0.005771635565906763, 0.0313984714448452, -0.01967497356235981, -0.06616280972957611, 0.03907254338264465, 0.03381676599383354, 0.013577964156866074, -0.06073345988988876, -0.05624580383300781, -0.03892258554697037, -0.02893682010471821, -0.038792528212070465, -0.05256865918636322, -0.06686419248580933, 0.05135635286569595, 0.02940494194626808, -0.030486492440104485, -0.05354803428053856, -0.08441706001758575, -0.031087953597307205, 0.04033173620700836, 0.055698417127132416, -0.023357432335615158, 0.004107386339455843, -0.002858866238966584, -0.03244626522064209, 0.022517001256346703, 0.0005567981861531734, 0.015070665627717972, 0.029809823259711266, -0.016444556415081024, -0.014203932136297226, 0.019194606691598892, -0.057438306510448456, 0.01971602253615856, 0.004320236854255199, -0.036213651299476624, 0.01900392770767212, -0.0015803289134055376, 0.04076389595866203, 0.050518423318862915, -0.010106032714247704, 0.02611381933093071, 0.0028939624316990376, 0.0016657342202961445, -0.04310695081949234, 0.024350591003894806, -0.032827842980623245, 0.10146523267030716, 0.009193381294608116, -0.00651222188025713, -0.04513247683644295, 0.02115296758711338, 0.013768542557954788, 0.023695828393101692, 0.007035118527710438, 0.009303521364927292, -0.018153375014662743, 0.04736611619591713, 0.00430842163041234, -0.011395866051316261, 0.006979967001825571, 0.0006435593240894377, -0.009361689910292625, 0.03879754990339279, -0.05930086225271225, -0.056846559047698975, -0.041900165379047394, 0.050058841705322266, -0.11885321140289307, 0.02041405439376831, -0.04309312254190445, -0.011580785736441612, 0.027378767728805542, -0.02026439644396305, 0.056775324046611786, -0.020922968164086342, 0.03882240131497383, -0.05442399904131889, 0.00770942447707057, 0.010891350917518139, 0.01875278912484646, 0.06921592354774475, -0.012946058064699173, -0.017734935507178307, -0.010442342609167099, -0.020730655640363693, -0.003903354750946164, 0.02401713654398918, -0.029048731550574303, 0.015594078227877617, 0.0029695366974920034, -0.06396335363388062, 0.0018301296513527632, -0.002854153048247099, -0.03710034862160683, 0.0009797706734389067, 0.03769877552986145, -0.03377842158079147, -0.014802277088165283, 0.055618587881326675, -0.01437501609325409, 0.026318203657865524, -0.009663881734013557, -0.011120524257421494, -0.02664199471473694, 0.013723485171794891, -0.051018521189689636, 0.055285435169935226, -0.008881820365786552, 0.04403938725590706, 0.0186722744256258, 0.04437122866511345, 0.04074597358703613, -0.011330381035804749, 0.03324359655380249, 0.04528303071856499, 0.007436263840645552, 0.016918178647756577, 0.009744573384523392, -0.047368135303258896, 0.0067830439656972885, 0.006878667511045933, 0.03055107221007347, 0.0016880701296031475, -0.027503833174705505, -0.026359923183918, -0.05221950262784958, -0.047264497727155685, -0.013622041791677475, 0.047460515052080154, -0.009668579325079918, -0.013442968018352985, -0.01021486334502697, -0.06893540173768997, 0.04705266281962395, -0.06242191419005394, -0.13116668164730072, -0.03604024276137352, 0.019860882312059402, -0.07166801393032074, 0.006799708586186171, 0.008269517682492733, -0.014564075507223606, -0.06252756714820862, -0.004281776491552591, -0.052081260830163956, -0.0037876968272030354, -0.0588071383535862, -0.020347952842712402, -0.023904280737042427, -0.0012544577475637197, 0.01865963265299797, -0.04534368962049484, 0.04415838047862053, 0.03627254068851471, 0.004096921067684889, -0.0013034300645813346, -0.015863660722970963, -0.005625695455819368, -0.00492818420752883, 0.05428187921643257, 0.08443069458007812, -0.0005555761745199561, -0.023789340630173683, 0.013165927492082119, -0.015406553633511066, 0.0560578890144825, 0.022147178649902344, -0.020954197272658348, -0.0161926057189703, -0.020636186003684998, 0.0005611946689896286, 0.047280069440603256, 0.01568411849439144, -0.044455476105213165, -0.002880746964365244, 0.028225749731063843, -0.06706518679857254, 0.020823439583182335, -0.01285239402204752, 0.02837052382528782, 0.0039329552091658115, 0.00018447788897901773, 0.016482621431350708, -0.014453590847551823, -0.0456085130572319, 0.00421604560688138, -0.011302233673632145, -0.04909446835517883, 0.02905680425465107, 0.08649912476539612, -0.03141389787197113, 0.07319968193769455, -0.02869831956923008, 0.02371497079730034, -0.009001025930047035, 0.00022651492326986045, -0.012336351908743382, -0.022856324911117554, 0.03463485836982727, 0.0010244714794680476, 0.01650138385593891, -0.06815148890018463, -0.025404319167137146, -0.0037319567054510117, -0.007586069870740175, -0.010461447760462761, -0.034667011350393295, 0.017530856654047966, 0.01642012409865856, 0.013187510892748833, 0.009670902974903584, -0.05932547524571419, 0.03873161971569061, -0.008350438438355923, 0.019169960170984268, 0.08685751259326935, -0.00951350387185812, -0.03075036220252514, 0.014702491462230682, 0.016691310331225395, 0.040435660630464554, 0.006225361488759518, 0.05690758302807808, 0.005094903986901045, -0.0733012780547142, 0.006179670337587595, 0.028299378231167793, 0.03271985799074173, -0.051649756729602814, 0.036162011325359344, 0.07983522117137909, 0.06869042664766312, -0.03424487262964249, 0.03529459610581398, -0.03568052873015404, 0.02024918608367443, 0.004950030706822872, 0.055067915469408035, -0.04577633738517761, -0.07956454157829285, 0.06253663450479507, 0.022275768220424652, 0.03037670999765396, 0.01091969944536686, -0.045119982212781906, 0.05527208745479584, -0.008504679426550865, 0.003995160572230816, -0.009137578308582306, -0.044668667018413544, 0.02657329849898815, 0.04993917793035507, 0.061461783945560455, -0.037380464375019073, -0.02671475149691105, 0.02205166220664978, 0.02274821512401104, 0.00244894134812057, -0.0023524919524788857, 0.09111975133419037, -0.018477842211723328, 0.011836852878332138, -0.07354530692100525, -0.03590928018093109, -0.050249844789505005, -0.06830224394798279, 0.0811106339097023, 0.020442752167582512, 0.023875057697296143, 0.00936978217214346, 0.03216911479830742, -0.028017524629831314, -0.00460630701854825, -0.04091941937804222, 0.030522102490067482, -0.020406607538461685, -0.02057785354554653, 0.01457881834357977, -0.019466036930680275, -0.001199766993522644, -0.025928400456905365, -0.020136423408985138, -0.01388507429510355, 0.04604264721274376, 0.016790874302387238, -0.03881409764289856, 0.05831175297498703, -0.06495978683233261, 0.024053774774074554, 0.05744079127907753, -0.04272603243589401, -0.0056756664998829365, -0.04888523742556572, -0.026686372235417366, 0.015337352640926838, 0.015504238195717335, 0.02023048885166645, -0.01705361157655716, -0.04804113507270813, 0.09267055988311768, -0.012613332830369473, 0.05163511261343956, -0.04240476340055466, 0.015813643112778664, -0.039868395775556564, -0.03127773851156235, 0.09723678976297379, -0.06314008682966232, 0.08303627371788025, -0.0468616783618927, -0.03937913849949837, 0.0020619488786906004, -0.013583517633378506, -0.018656639382243156, 0.006742623634636402, -0.04764004051685333, 0.03712350130081177, -0.05702191963791847, 0.006341240368783474, -0.046694912016391754, 0.04917512834072113, -0.06043247506022453, -0.08579833805561066, 0.023662308230996132, 0.06984961032867432, -0.018029777333140373, -0.008332991972565651, 0.015414221212267876, -0.025480857118964195, 0.05299101769924164, -0.006699840538203716, -0.04360903054475784, 0.05846736952662468, -0.002723089652135968, -0.01251740287989378, 0.04763418436050415, 0.03936310485005379, 0.040915731340646744, 0.015374456532299519, -0.028800958767533302, 0.005678900051862001, -0.07015389949083328, 0.015492893755435944, -0.018961448222398758, 0.001315307803452015, 0.0005910727777518332, 0.056182656437158585, -0.008464008569717407, -0.0061149573884904385, -0.04764336720108986, -0.018397022038698196, 0.008213519118726254, 0.0034229657612740993, -0.017445452511310577, 0.00012896655243821442, -0.027234595268964767, 0.048871997743844986, 0.023401198908686638, 0.012933237478137016, -0.003008713712915778, -0.08407335728406906, -0.014251118525862694, 0.03030506893992424, -0.024709194898605347, -5.6526569901487365e-33, 0.02777799405157566, -0.03182167187333107, 0.03397339954972267, -0.020629284903407097, -0.014757361263036728, -0.0010330642107874155, 0.03238026052713394, -0.00981963612139225, -0.07538608461618423, -0.05185752362012863, -0.0166640505194664, 0.033722683787345886, 0.021562155336141586, -0.0008814176544547081, -0.029219400137662888, 0.10338809341192245, 0.0010627099545672536, -0.028598228469491005, 0.006560773588716984, 0.003449945244938135, -0.06960325688123703, 0.013186097145080566, -0.005933363921940327, -0.06275410950183868, 0.009909216314554214, -0.010101409628987312, -0.01733477972447872, 0.006976890377700329, 0.0016741737490519881, -0.026748206466436386, 0.02337317168712616, -0.012535830959677696, 0.02567296102643013, -0.03391619399189949, 0.009927961975336075, 0.010156533680856228, -0.006755404639989138, 0.005001600831747055, -0.014718878082931042, -0.0019298553233966231, 0.023988939821720123, -0.04930729791522026, 0.0028364495374262333, -0.017733268439769745, 0.009925710037350655, -0.04061170294880867, 0.047254547476768494, 0.003923183307051659, 0.041308630257844925, 0.05044896900653839, -0.02489880658686161, 0.01041620597243309, -0.0653180405497551, 0.06974621117115021, -0.04483387619256973, 0.023663051426410675, -0.008016768842935562, -0.019163886085152626, -0.04513769969344139, 0.00795680657029152, -0.06132420524954796, 0.04169170558452606, 0.01425560936331749, -0.056574754416942596, -0.022976363077759743, 0.0176597461104393, 0.028241777792572975, 0.012806283310055733, 0.027526305988430977, -0.06790957599878311, -0.02030283771455288, 0.025928843766450882, -0.002029450610280037, -0.029961740598082542, -0.032389599829912186, -0.04362545907497406, -0.02830095961689949, 0.00192326121032238, 0.017205288633704185, 0.017986509948968887, -0.029090378433465958, 0.039189454168081284, -0.06351043283939362, 0.03391764685511589, 0.030632970854640007, -0.05933170020580292, -0.0016059288755059242, -0.012451648712158203, 0.039953336119651794, 0.002016431884840131, -0.03301239386200905, 0.03495882451534271, -0.02944166027009487, 0.02021467313170433, 0.1094231978058815, 0.0030646708328276873, 0.0037035075947642326, 0.01645863987505436, 0.007902253419160843, 0.014901945367455482, -0.021044699475169182, -0.014045492745935917, 0.02902686968445778, 0.028201697394251823, 0.059514593333005905, 0.02057979814708233, 0.0020425806287676096, 0.010872842743992805, -0.051431018859148026, -0.019401932135224342, 0.0004559914523269981, 0.009059879928827286, -0.004852272104471922, -0.015537491999566555, -0.006887995172291994, -0.004741501994431019, 0.040558282285928726, -0.012023860588669777, 0.014963173307478428, -0.03143102303147316, 0.019439104944467545, -0.03569110482931137, 0.016256581991910934, -0.02785133384168148, -0.021853141486644745, 0.02799677848815918, 0.0007510671275667846, 0.0045597064308822155, -0.0023716315627098083, -0.07259437441825867, 0.010108334012329578, -0.008749342523515224, 2.910077228079899e-07, -0.008216571062803268, 0.008667971007525921, -0.006169674918055534, 0.037708580493927, -0.012038839980959892, -0.030185099691152573, -0.0053527941927313805, -0.02028501033782959, 0.022230949252843857, 0.03603537008166313, 0.00811018981039524, 0.009823022410273552, -0.030270010232925415, -0.02191135473549366, 0.032356854528188705, -0.0979493036866188, -0.0016464934451505542, 0.004200485069304705, -0.03097441978752613, 0.017830543220043182, 0.12420818209648132, 0.03748459741473198, 0.05955247953534126, -0.020805880427360535, 0.013793953694403172, -0.026506531983613968, -0.06796629726886749, 0.034817855805158615, 0.026460187509655952, 0.012477651238441467, -0.009031236171722412, -0.011714213527739048, -0.009783213026821613, 0.07659130543470383, -0.011736421845853329, 0.002503717318177223, 0.005768575705587864, 0.09411635249853134, -0.043423376977443695, 0.045920804142951965, 0.05918453261256218, -0.0016978898784145713, 0.021432731300592422, -0.0007741862791590393, 0.049315448850393295, 0.007317683193832636, -0.022035015746951103, -0.017851194366812706, -0.0996117815375328, 0.022143615409731865, -0.025720031931996346, 0.05800662934780121, -0.005839947145432234, -0.018566196784377098, 0.012464489787817001, -0.04124300181865692, -0.0596730001270771, 0.02869241125881672, 0.04622253403067589, -0.00408039428293705, -0.0012982540065422654, -0.039504338055849075, 0.03245701640844345, -0.0037190252915024757, 0.07856221497058868, 0.0022782927844673395, -0.0058907815255224705, 3.4001608020254013e-34, -0.04797210916876793, -0.01368800364434719, 0.011735465377569199, 0.008316757157444954, 0.03949081525206566, -0.029152873903512955, -0.023862890899181366, -0.006686049047857523, -0.0005045763100497425, 0.0012788869207724929, -0.038233984261751175]","{'Experience': ', windows and mac os, linux, web development, customer support, network administration', 'Education': "": ['Bachelor Degree', 'Associate Degree'] ['Electronics and Communications Engineering Technology', 'Software Development'] ['Glen Oaks High School', 'Glen Oaks High School'] Bachelors or Masters degree in Computer Science, Engineering, or a related field."", 'Skills': 'can benefit those who I work for as well as myself. Skills: microsoft applications, network security, networking, remote desktop and help desk management, verbal communication, technical support, team leadership, programming languages, on-call tech support, windows mac os, wiring/wire spicing cat3 cat5 cat5e coaxial, application development, voice over ip telephone, inventory management, python, r or java, tensorflow, pytorch, scikit-learn., windows applications, mac os and ios, network routers, cisco asa firewall, juniper net-screen, lans wans, cloud'}",target position ai engineer objective to secure an it specialist desktop support network administration database administrator technical support specialist or related position with a growing organization where my microsoft certification technical aptitude networking windows and mac os apple and android ios web development application development linux microsoft applications managing testing client support help desk technical support troubleshooting and leadership skills can benefit those who i work for as well as myself. skills microsoft applications network security networking remote desktop and help desk management verbal communication technical support team leadership programming languages on call tech support windows mac os wiring wire spicing cat3 cat5 cat5e coaxial application development voice over ip telephone inventory management python r or java tensorflow pytorch scikit learn. windows applications mac os and ios network routers cisco asa firewall juniper net screen lans wans cloud experience windows and mac os linux web development customer support network administration education bachelor degree associate degree electronics and communications engineering technology software development glen oaks high school glen oaks high school bachelors or masters degree in computer science engineering or a related field. experience engineering systems installer it technician qa tester installation service technician machine learning design data analysis model training ai integration innovation cross functional collaboration model deployment documentation analytical skills communication team collaboration machine learning design data analysis model training ai integration innovation cross functional collaboration model deployment documentation analytical skills communication team collaboration august 2006 august 2013 july 2014 january 2013 september 2014 current,"['target', 'position', 'ai', 'engineer', 'objective', 'secure', 'specialist', 'desktop', 'support', 'network', 'administration', 'database', 'administrator', 'technical', 'support', 'specialist', 'related', 'position', 'growing', 'organization', 'microsoft', 'certification', 'technical', 'aptitude', 'networking', 'window', 'mac', 'o', 'apple', 'android', 'io', 'web', 'development', 'application', 'development', 'linux', 'microsoft', 'application', 'managing', 'testing', 'client', 'support', 'help', 'desk', 'technical', 'support', 'troubleshooting', 'leadership', 'skill', 'benefit', 'work', 'well', 'skill', 'microsoft', 'application', 'network', 'security', 'networking', 'remote', 'desktop', 'help', 'desk', 'management', 'verbal', 'communication', 'technical', 'support', 'team', 'leadership', 'programming', 'language', 'call', 'tech', 'support', 'window', 'mac', 'o', 'wiring', 'wire', 'spicing', 'cat3', 'cat5', 'cat5e', 'coaxial', 'application', 'development', 'voice', 'ip', 'telephone', 'inventory', 'management', 'python', 'r', 'java', 'tensorflow', 'pytorch', 'scikit', 'learn', 'window', 'application', 'mac', 'o', 'io', 'network', 'router', 'cisco', 'asa', 'firewall', 'juniper', 'net', 'screen', 'lan', 'wan', 'cloud', 'experience', 'window', 'mac', 'o', 'linux', 'web', 'development', 'customer', 'support', 'network', 'administration', 'education', 'bachelor', 'degree', 'associate', 'degree', 'electronics', 'communication', 'engineering', 'technology', 'software', 'development', 'glen', 'oak', 'high', 'school', 'glen', 'oak', 'high', 'school', 'bachelor', 'master', 'degree', 'computer', 'science', 'engineering', 'related', 'field', 'experience', 'engineering', 'system', 'installer', 'technician', 'qa', 'tester', 'installation', 'service', 'technician', 'machine', 'learning', 'design', 'data', 'analysis', 'model', 'training', 'ai', 'integration', 'innovation', 'cross', 'functional', 'collaboration', 'model', 'deployment', 'documentation', 'analytical', 'skill', 'communication', 'team', 'collaboration', 'machine', 'learning', 'design', 'data', 'analysis', 'model', 'training', 'ai', 'integration', 'innovation', 'cross', 'functional', 'collaboration', 'model', 'deployment', 'documentation', 'analytical', 'skill', 'communication', 'team', 'collaboration', 'august', 'august', 'july', 'january', 'september', 'current']",target position ai engineer objective secure specialist desktop support network administration database administrator technical support specialist related position growing organization microsoft certification technical aptitude networking window mac o apple android io web development application development linux microsoft application managing testing client support help desk technical support troubleshooting leadership skill benefit work well skill microsoft application network security networking remote desktop help desk management verbal communication technical support team leadership programming language call tech support window mac o wiring wire spicing cat3 cat5 cat5e coaxial application development voice ip telephone inventory management python r java tensorflow pytorch scikit learn window application mac o io network router cisco asa firewall juniper net screen lan wan cloud experience window mac o linux web development customer support network administration education bachelor degree associate degree electronics communication engineering technology software development glen oak high school glen oak high school bachelor master degree computer science engineering related field experience engineering system installer technician qa tester installation service technician machine learning design data analysis model training ai integration innovation cross functional collaboration model deployment documentation analytical skill communication team collaboration machine learning design data analysis model training ai integration innovation cross functional collaboration model deployment documentation analytical skill communication team collaboration august august july january september current
cand_00006,6,Senior iOS Engineer,"Target position: Senior iOS Engineer Objective: Skills: machine learning, linear regression, ridge regression, lasso regression, tableau, time series analysis, ios, ios app developer, ios application development, ios development, mobile apps developer ios, native ios, swift ios, swift ui Education: ['B.Tech'] ['IT'] ['DJR College and University'] Bachelor of Science (BSc) in Computer Science Experience: At least 4 years ['Intern'] iOS Lifecycle Requirement Analysis Native Frameworks iOS Development API Integration Technical Communication UI Design Performance Optimization Feature Collaboration Bug Fixing Code Translation High-Performance Development Task Management Cross-Team Collaboration Code Quality iOS Lifecycle Requirement Analysis Native Frameworks iOS Development API Integration Technical Communication UI Design Performance Optimization Feature Collaboration Bug Fixing Code Translation High-Performance Development Task Management Cross-Team Collaboration Code Quality ['Jan 2019'] ['Sep 2019']","[""machine learning"", ""linear regression"", ""ridge regression"", ""lasso regression"", ""tableau"", ""time series analysis"", ""ios"", ""ios app developer"", ""ios application development"", ""ios development"", ""mobile apps developer ios"", ""native ios"", ""swift ios"", ""swift ui""]","[""machine learning"", ""linear regression"", ""ridge regression"", ""lasso regression"", ""tableau"", ""time series analysis"", ""ios"", ""ios app developer"", ""ios application development"", ""ios development"", ""mobile apps developer ios"", ""native ios"", ""swift ios"", ""swift ui""]",['B.Tech'] ['IT'] ['DJR College and University'] Bachelor of Science (BSc) in Computer Science,"At least 4 years ['Intern'] iOS Lifecycle
Requirement Analysis
Native Frameworks
iOS Development
API Integration
Technical Communication
UI Design
Performance Optimization
Feature Collaboration
Bug Fixing
Code Translation
High-Performance Development
Task Management
Cross-Team Collaboration
Code Quality iOS Lifecycle
Requirement Analysis
Native Frameworks
iOS Development
API Integration
Technical Communication
UI Design
Performance Optimization
Feature Collaboration
Bug Fixing
Code Translation
High-Performance Development
Task Management
Cross-Team Collaboration
Code Quality ['Jan 2019'] ['Sep 2019']",4.0,INFORMATION-TECHNOLOGY,"[0.09565069526433945, 0.042642802000045776, -0.04479209706187248, -0.07114242017269135, 0.03355644270777702, 0.0026770809199661016, -0.014569244347512722, -0.029542425647377968, -0.019887171685695648, -0.06191856414079666, 0.06497107446193695, 0.023626036942005157, 0.017966967076063156, 0.061899326741695404, -0.033284079283475876, 0.01764604076743126, 0.024754194542765617, 0.027596034109592438, -0.030939823016524315, 0.025941958650946617, 0.020608387887477875, 0.0306811835616827, -0.015187239274382591, -0.013629120774567127, -0.04882456734776497, -0.01896754279732704, 0.03776320442557335, 0.061154697090387344, -0.02860061638057232, -0.032091233879327774, 0.031369805335998535, -0.03149927034974098, -0.08502911776304245, -0.06270121037960052, 2.101721065628226e-06, -0.007673016283661127, -0.004079530481249094, -0.02201070450246334, 0.017214227467775345, -0.031901903450489044, 0.030032722279429436, 0.034285929054021835, -8.65171750774607e-05, 0.04161019250750542, -0.04778994619846344, 0.01480946782976389, 0.041068896651268005, -0.024604016914963722, 0.03431844711303711, 0.04136592894792557, 0.011468968354165554, 0.0063075232319533825, 0.014758373610675335, -0.011366544291377068, -0.006699887569993734, -0.010272152721881866, -0.034471310675144196, -0.023535694926977158, 0.02647777646780014, 0.018639355897903442, 0.03320932015776634, -0.012513745576143265, -0.016378389671444893, -0.054587166756391525, 0.05039181560277939, 0.04874572902917862, 0.03302400931715965, -0.07249810546636581, -0.008811356499791145, -0.02637419104576111, 0.03179673105478287, 0.016728946939110756, -0.022547569125890732, 0.028411520645022392, -0.016195084899663925, 0.025212641805410385, 0.009275248274207115, -0.0629754289984703, -0.015255852602422237, 0.0019169604638591409, -0.03724624589085579, 0.030364785343408585, -0.022941485047340393, -0.05485822260379791, 0.036025386303663254, 0.02373976819217205, -0.02936526946723461, 0.011568418703973293, 0.06133457273244858, -0.020280035212635994, 0.046082478016614914, 0.0038060075603425503, 0.012293174862861633, 0.02452375553548336, -0.04100872203707695, -0.029575003311038017, 0.03659403324127197, -0.045144692063331604, -0.010155287571251392, -0.03179870918393135, -0.04710967093706131, -0.012225516140460968, 0.018377741798758507, 0.013093412853777409, -0.04277489334344864, 0.0006883024470880628, 0.0277114175260067, -0.050601933151483536, -0.07016242295503616, -0.024797582998871803, -0.0271369069814682, 0.03585309535264969, -0.04810112714767456, 0.0007017271709628403, -0.04512644559144974, 0.06158990412950516, -0.05395951867103577, -0.013776502572000027, 0.015791894868016243, -0.013943902216851711, 0.06345974653959274, 0.05758357420563698, 0.0029644013848155737, 0.0458996407687664, 0.011572308838367462, 0.004511991050094366, -0.013576550409197807, 0.019659146666526794, -0.009891054593026638, -0.016157617792487144, 0.027616029605269432, -0.002892369870096445, -0.006886479444801807, -0.030949752777814865, -8.212119428208098e-05, 0.051409464329481125, 0.012446481734514236, 0.056347236037254333, -0.07425982505083084, 0.00811207015067339, -0.008264037780463696, 0.015251705422997475, -0.04059234634041786, -0.002864581998437643, -0.06697551161050797, -0.025107700377702713, 0.024427013471722603, -0.03264380246400833, 0.022583240643143654, 0.012014069594442844, -0.00376876606605947, -0.032032620161771774, -0.014642422087490559, 0.0005392023012973368, 0.04300528019666672, 0.03650317341089249, 0.0054624141193926334, 0.024942271411418915, -0.01299247331917286, 0.06690055131912231, 0.027806449681520462, -0.03766726702451706, 0.02365735173225403, 0.03792426362633705, -0.055088791996240616, -0.02801525592803955, 0.03805068880319595, 0.046160951256752014, -0.022837454453110695, 0.0033886574674397707, 0.02570287697017193, -0.0261938888579607, 0.013010021299123764, 0.06204406917095184, 0.03704150393605232, 0.05798830837011337, 0.07246754318475723, -0.03241082653403282, 0.002003696048632264, 0.014753678813576698, -0.031914789229631424, -0.1514807492494583, -0.011690188199281693, 0.0888870358467102, 0.0023704979103058577, 0.0007560743833892047, -0.04521818831562996, 0.04998035356402397, -0.025325344875454903, -0.003976845182478428, 0.003992826212197542, -0.053446412086486816, -0.08405172824859619, 0.02265738882124424, 0.007222514599561691, 0.00841312576085329, -0.047501664608716965, -0.015033128671348095, -0.008566131815314293, -0.06607145816087723, -0.07417448610067368, -0.02501720003783703, 0.012139268219470978, -0.0007455841405317187, 0.027186699211597443, -0.023698905482888222, -0.02525632083415985, -0.04972367733716965, 0.026413513347506523, -0.022642066702246666, 0.08508692681789398, -0.03351505100727081, 0.002543644281104207, 0.0065229302272200584, -0.03309114649891853, 0.0009990372927859426, -0.006819415837526321, -0.0037444918416440487, 0.04715648666024208, 0.0013149329461157322, -0.023999184370040894, 0.011709080077707767, -0.08574582636356354, 0.007606490980833769, 0.0024573507253080606, -0.00827927328646183, 0.07090866565704346, -0.010371321812272072, -0.013320589438080788, 0.03629712015390396, 0.01017327606678009, -0.000865563633851707, 0.0045430613681674, -0.022010495886206627, 0.027349289506673813, 0.04157409071922302, 0.04469336196780205, 0.029163870960474014, -0.039984144270420074, -0.01858546771109104, -0.06361891329288483, 0.04205469414591789, 0.013155569322407246, 0.0519343763589859, 0.007049592677503824, 0.015568169765174389, -0.016115933656692505, 0.02180020697414875, -0.0036855179350823164, -0.018941618502140045, 0.009326488710939884, 0.007934165187180042, 0.02385059744119644, 0.06295157223939896, -0.028261281549930573, -0.04514738917350769, -0.045174192637205124, 0.028835585340857506, -0.05600539967417717, -0.007350394502282143, 0.012218145653605461, -0.010898735374212265, -0.005232031457126141, -0.003877056296914816, 0.07107062637805939, -0.03861696645617485, 0.0002609731745906174, -0.06588418036699295, -0.01492997258901596, 0.013289809226989746, 0.007967966608703136, 0.021769529208540916, 0.06509892642498016, 0.017602398991584778, -0.019034750759601593, 0.005741237197071314, 0.022327633574604988, 0.022902388125658035, -0.02701064758002758, 0.00726741598919034, 0.011027911677956581, -0.04475424811244011, -0.01719783991575241, 0.02546069025993347, -0.00864492915570736, -0.0011124539887532592, 0.021929828450083733, -0.016305919736623764, 0.007890910841524601, 0.006757890805602074, 0.03451118618249893, 0.0011843800311908126, 0.014181215316057205, -0.03776409849524498, -0.06851968169212341, 0.018075818195939064, -0.0376407615840435, 0.022428590804338455, -0.03244718164205551, 0.08231964707374573, -0.023368950933218002, 0.010024093091487885, 0.05326105281710625, 0.0013217154191806912, 0.028442028909921646, 0.014876793138682842, 0.010028501972556114, -0.009174919687211514, 0.02133815549314022, -0.020986182615160942, -0.0167649257928133, -0.0018611873965710402, 0.0293418075889349, -0.00024649323313497007, -0.03751753270626068, -0.025869056582450867, -0.026731209829449654, 0.02877684310078621, -0.013287398964166641, 0.03306618332862854, -0.06168073043227196, -0.05368729308247566, -0.04143158718943596, -0.03357434645295143, 0.03338496759533882, -0.08428146690130234, -0.12110410630702972, -0.04282675310969353, 0.01625598780810833, -0.09256211668252945, 0.010007863864302635, -0.01851823180913925, -0.01087896153330803, -0.03330754116177559, 0.02565680630505085, -0.05577961727976799, -0.01593254692852497, -0.04776580631732941, -0.024572644382715225, -0.035533078014850616, 0.008976440876722336, 0.014287377707660198, -0.0065449937246739864, 0.012674936093389988, 0.013196532614529133, -0.03910023719072342, 0.027005497366189957, 0.004461859818547964, -0.04772951826453209, 0.047427233308553696, -0.013833582401275635, 0.06850927323102951, 0.010019857436418533, -0.05084116384387016, 0.029686223715543747, -0.02924652025103569, 0.037427376955747604, 0.01614977978169918, -0.0694248378276825, 0.01105551514774561, 0.014774991199374199, -0.01876477524638176, 0.06037304177880287, 0.05123226344585419, -0.0542043037712574, 0.013924682512879372, 0.03150438889861107, -0.05885447934269905, -0.01100077573210001, 0.017204638570547104, 0.032074831426143646, 0.035574257373809814, -0.01457684114575386, 0.06344505399465561, 0.00406953739002347, -0.03543723002076149, 0.010846062563359737, 0.009438911452889442, -0.031322021037340164, 0.030300050973892212, 0.06191466376185417, 0.015524225309491158, 0.0119742751121521, -0.03252039849758148, 0.01455546636134386, 0.007246881723403931, 0.021630585193634033, -0.034573350101709366, 0.011443871073424816, 0.012222843244671822, 0.01197365764528513, 0.019322415813803673, -0.018140247091650963, -0.04904898256063461, -0.015473760664463043, -0.017808331176638603, -0.019611278548836708, -0.05020592361688614, 0.004874464590102434, 0.02848401665687561, -0.0053089880384504795, -0.08158004283905029, -0.031394243240356445, 0.06301906704902649, -0.03022339567542076, -0.035827554762363434, 0.09688001126050949, 0.023857219144701958, -0.00012410675117280334, 0.07672050595283508, 0.03646592050790787, 0.02602403797209263, 0.028375359252095222, 0.05348533019423485, -0.014841548167169094, -0.03181624040007591, 0.024562524631619453, 0.04780610650777817, 0.014187736436724663, -0.060346394777297974, 0.022051628679037094, 0.04242096096277237, 0.02954239957034588, 0.002635813318192959, 0.049987081438302994, -0.06281791627407074, 0.018886270001530647, -0.009565196931362152, 0.019657237455248833, -0.029819900169968605, -0.08442234992980957, 0.05543411150574684, 0.011954362504184246, 0.012438785284757614, -0.05150316655635834, -0.0042141154408454895, 0.08381563425064087, 0.017975836992263794, 0.02299189381301403, 0.0034203974064439535, -0.0006529546808451414, 0.02284066006541252, 0.035144735127687454, 0.062173787504434586, 0.018702341243624687, -0.0030764543917030096, 0.027029991149902344, 0.01731710508465767, 0.009251222014427185, 0.0530981570482254, 0.08108337968587875, -0.02827722765505314, 0.01565585657954216, -0.04226488247513771, -0.01295341458171606, -0.018893562257289886, -0.021238483488559723, 0.03642740100622177, 0.016402574256062508, -0.02673102542757988, 0.03550728037953377, 0.03517010062932968, -0.011919734999537468, -0.02418396808207035, -0.05078508332371712, 0.002336054341867566, 0.032535284757614136, -0.0029934931080788374, 0.022361014038324356, -0.07489199191331863, 0.00959547609090805, -0.040254347026348114, -0.03147439286112785, -0.024821465834975243, 0.011490840464830399, 0.00802350789308548, -0.03699973598122597, 0.10412432998418808, -0.006272473372519016, 0.007785289082676172, 0.010626962408423424, 0.026932066306471825, 0.045927803963422775, -0.10046916455030441, 0.003620913252234459, 0.03699192404747009, 0.04365909472107887, 0.016926681622862816, -0.0356021523475647, -0.05233278125524521, 0.06085186451673508, 0.0008216821006499231, 0.03506574034690857, -0.030290735885500908, 0.022945156320929527, -0.004783142823725939, -0.042678818106651306, 0.09531935304403305, -0.042094357311725616, 0.06104099750518799, -0.041683923453092575, -0.018220076337456703, -0.008412525989115238, -0.008997028693556786, -0.04893217608332634, -0.019967738538980484, -0.04041003808379173, 0.006248777732253075, -0.06448948383331299, 0.037985946983098984, 0.006963427644222975, 0.017190465703606606, -0.06385420262813568, -0.03791028633713722, -0.012015758082270622, 0.006147800944745541, -0.02546282671391964, -0.04538564756512642, 0.045752935111522675, -0.005074773915112019, 0.03418253734707832, -0.022922147065401077, -0.015242430381476879, -0.004526776727288961, 0.019481884315609932, 0.008946716785430908, 0.005182565655559301, 0.02061513438820839, -0.03541972488164902, 0.04119333252310753, 0.020120497792959213, -0.016500752419233322, -0.06928141415119171, 0.024704184383153915, -0.003906404599547386, 0.04960731789469719, 0.08334828913211823, 0.01887528784573078, 0.00889739952981472, 0.02740841917693615, -0.011032333597540855, 0.013047279790043831, 0.0668548122048378, -0.027572426944971085, 0.03310302272439003, -0.03105139546096325, -0.05544907599687576, 0.02178720012307167, 0.012449629604816437, -0.004398269113153219, -0.018223252147436142, -0.07642312347888947, -0.01701427437365055, 0.017554577440023422, -0.023676369339227676, -5.7356384424511435e-33, -0.0015830424381420016, -0.02156684920191765, 0.03649682551622391, 0.012840335257351398, -0.00923419464379549, 0.03549644351005554, 0.027947578579187393, -0.03404707834124565, -0.030798472464084625, -0.014170804992318153, -0.01140784565359354, 0.002181634772568941, -0.001778926351107657, 0.019123027101159096, 0.032475948333740234, 0.09364061057567596, 0.04086785390973091, -0.006391311064362526, 0.005625125020742416, 0.012104524299502373, -0.0662788450717926, 0.04277952387928963, -0.00846516527235508, -0.013205030933022499, -0.02967473678290844, -0.0010668319882825017, 0.0011176209663972259, 0.0007254775846377015, 0.05599723011255264, -0.0021389899775385857, 0.03606776148080826, -0.05492202192544937, 0.005059522110968828, -0.03159800544381142, 0.005269552581012249, -0.030825737863779068, -0.011670363135635853, -0.032695963978767395, 0.007311404682695866, 0.0458642840385437, 0.008149725385010242, 0.023736100643873215, -0.009513506665825844, 0.007640315219759941, -0.00486484682187438, -0.029682185500860214, 0.03131274878978729, 0.015533785335719585, 0.026575684547424316, 0.021801525726914406, -0.012681819498538971, 0.016472555696964264, -0.03587772697210312, 0.05926141142845154, -0.06182802468538284, 0.07011839002370834, -0.04750682786107063, -0.020476151257753372, -0.0167828518897295, -0.014172338880598545, -0.08546572923660278, 0.036316752433776855, 0.030456582084298134, -0.05204017087817192, -0.03841264918446541, 0.022591691464185715, 0.017029644921422005, -0.009587411768734455, -0.00454341433942318, -0.02853347919881344, -0.016544608399271965, 0.03263784199953079, -0.002790770959109068, 0.01932760700583458, 0.002088305074721575, -0.050040654838085175, -0.015908749774098396, 0.014706728979945183, -0.004567143972963095, 0.042158327996730804, -0.05135374516248703, 0.038210783153772354, -0.025029795244336128, -0.014446196146309376, 0.050100937485694885, -0.009936997666954994, -0.0014010131126269698, -0.0388692170381546, 0.05763000249862671, -0.01592354103922844, 0.003551984205842018, 0.02270045503973961, -0.02911849319934845, 0.010178021155297756, 0.05892178416252136, -0.011876045726239681, 0.020980682224035263, 0.02319980040192604, -0.020201174542307854, 0.014521650038659573, -0.021484918892383575, -0.009147923439741135, -0.006296120584011078, 0.034720439463853836, 0.08096330612897873, 0.03098226897418499, 0.03200157359242439, -0.0066530099138617516, -0.032764922827482224, -0.019293639808893204, 0.014290783554315567, 0.023594940081238747, -0.041967399418354034, 0.008715294301509857, -0.04254497215151787, 0.00898989848792553, 0.05052753910422325, -0.020317118614912033, 0.011134021915495396, -0.026521358639001846, -0.004095715470612049, -0.03599144145846367, 0.06344544887542725, -0.03134125471115112, 0.0006440760917030275, -0.01126740500330925, -0.004380552563816309, -0.0681188553571701, -0.04136323183774948, -0.07309328764677048, -0.019425667822360992, -0.003477315651252866, 2.714835432016116e-07, -0.03436937555670738, 0.025284577161073685, -0.04872749000787735, 0.03233812004327774, 0.014114219695329666, -0.03934120386838913, -0.030882099643349648, -0.03622478246688843, -0.004798841662704945, -0.008269376121461391, 0.002143551828339696, -0.032904837280511856, 0.01778286136686802, 0.00564954848960042, -0.0066139125265181065, -0.08510003983974457, -0.021782519295811653, -0.013233763165771961, -0.009974303655326366, 0.06375370919704437, 0.06585480272769928, 0.004675376694649458, 0.05941100791096687, -0.007808486465364695, -0.011860950849950314, -0.008441075682640076, -0.04559118673205376, 0.0026421782094985247, 0.018942270427942276, 0.05419614911079407, -0.009910399094223976, -0.03215732052922249, 0.0030029709450900555, 0.02315209060907364, -0.024291662499308586, -0.040243953466415405, 0.0742131769657135, 0.04018533229827881, -0.06370357424020767, 0.036170594394207, 0.034520383924245834, 0.041813839226961136, -0.006933353841304779, -0.01382287684828043, 0.0468091145157814, 0.016571717336773872, -0.03249703720211983, -0.024742024019360542, -0.03012032061815262, 0.015484255738556385, -0.03178853169083595, 0.07642392069101334, 0.0024738747160881758, -0.047287072986364365, 0.03602990880608559, -0.02183936908841133, -0.0914967954158783, 0.009507759474217892, 0.02948754094541073, 0.03110327385365963, 0.05582539737224579, -0.06894754618406296, 0.0012014665408059955, 0.05855835974216461, 0.06003347039222717, 0.001791694900020957, 0.012353106401860714, 3.2496837497957248e-34, 0.011135542765259743, -0.014107391238212585, 0.03301209211349487, -0.02617073431611061, 0.02590136043727398, -0.05714511498808861, 0.034771647304296494, -0.027757789939641953, -0.0015005170134827495, 0.009957128204405308, -0.03367934748530388]","{'Experience': "": At least 4 years ['Intern'] iOS Lifecycle Requirement Analysis Native Frameworks iOS Development API Integration Technical Communication UI Design Performance Optimization Feature Collaboration Bug Fixing Code Translation High-Performance Development Task Management Cross-Team Collaboration Code Quality iOS Lifecycle Requirement Analysis Native Frameworks iOS Development API Integration Technical Communication UI Design Performance Optimization Feature Collaboration Bug Fixing Code Translation High-Performance Development Task Management Cross-Team Collaboration Code Quality ['Jan 2019'] ['Sep 2019']"", 'Education': "": ['B.Tech'] ['IT'] ['DJR College and University'] Bachelor of Science (BSc) in Computer Science"", 'Skills': ': machine learning, linear regression, ridge regression, lasso regression, tableau, time series analysis, ios, ios app developer, ios application development, ios development, mobile apps developer ios, native ios, swift ios, swift ui'}",target position senior ios engineer objective skills machine learning linear regression ridge regression lasso regression tableau time series analysis ios ios app developer ios application development ios development mobile apps developer ios native ios swift ios swift ui education b.tech it djr college and university bachelor of science bsc in computer science experience at least 4 years intern ios lifecycle requirement analysis native frameworks ios development api integration technical communication ui design performance optimization feature collaboration bug fixing code translation high performance development task management cross team collaboration code quality ios lifecycle requirement analysis native frameworks ios development api integration technical communication ui design performance optimization feature collaboration bug fixing code translation high performance development task management cross team collaboration code quality jan 2019 sep 2019,"['target', 'position', 'senior', 'io', 'engineer', 'objective', 'skill', 'machine', 'learning', 'linear', 'regression', 'ridge', 'regression', 'lasso', 'regression', 'tableau', 'time', 'series', 'analysis', 'io', 'io', 'app', 'developer', 'io', 'application', 'development', 'io', 'development', 'mobile', 'apps', 'developer', 'io', 'native', 'io', 'swift', 'io', 'swift', 'ui', 'education', 'b', 'tech', 'djr', 'college', 'university', 'bachelor', 'science', 'bsc', 'computer', 'science', 'experience', 'least', 'year', 'intern', 'io', 'lifecycle', 'requirement', 'analysis', 'native', 'framework', 'io', 'development', 'api', 'integration', 'technical', 'communication', 'ui', 'design', 'performance', 'optimization', 'feature', 'collaboration', 'bug', 'fixing', 'code', 'translation', 'high', 'performance', 'development', 'task', 'management', 'cross', 'team', 'collaboration', 'code', 'quality', 'io', 'lifecycle', 'requirement', 'analysis', 'native', 'framework', 'io', 'development', 'api', 'integration', 'technical', 'communication', 'ui', 'design', 'performance', 'optimization', 'feature', 'collaboration', 'bug', 'fixing', 'code', 'translation', 'high', 'performance', 'development', 'task', 'management', 'cross', 'team', 'collaboration', 'code', 'quality', 'jan', 'sep']",target position senior io engineer objective skill machine learning linear regression ridge regression lasso regression tableau time series analysis io io app developer io application development io development mobile apps developer io native io swift io swift ui education b tech djr college university bachelor science bsc computer science experience least year intern io lifecycle requirement analysis native framework io development api integration technical communication ui design performance optimization feature collaboration bug fixing code translation high performance development task management cross team collaboration code quality io lifecycle requirement analysis native framework io development api integration technical communication ui design performance optimization feature collaboration bug fixing code translation high performance development task management cross team collaboration code quality jan sep
cand_00007,7,Senior iOS Engineer,"Target position: Senior iOS Engineer Objective: Skills: maintenance, corrective maintenance, industrial machinery, preventive maintenance, sensors, biotechnology, electrical mechanical, estimation, hydraulics, mechanical technician, pneumatics, project manager, sop, manufacturing process, apqp, assembly, circuit boards, dmm, electrical test, esd, first article inspection, inspection, medical devices, oscilloscope, production process, schematic, soldering, surface mount, test engineer, through-hole, wiring, calibration, control systems, packaging, process control, sensor, temperature, and humidity, control system design, electrical engineer, engineer, entry level, ieee, mechanical/electrical engineer, proactive, self motivated, testing, electrical engineering, pr, public relations, ios, ios app developer, ios application development, ios development, mobile apps developer ios, native ios, swift ios, swift ui, troubleshooting, installation, project estimation Education: ['Bachelor of Science'] ['Electrical Engineering'] ['POLYTECHNIC UNIVERSITY OF PUERTO RICO'] Bachelor of Science (BSc) in Computer Science Experience: At least 4 years ['Engineering Technician', 'Instrument Technician', 'Project Manager Assistance'] iOS Lifecycle Requirement Analysis Native Frameworks iOS Development API Integration Technical Communication UI Design Performance Optimization Feature Collaboration Bug Fixing Code Translation High-Performance Development Task Management Cross-Team Collaboration Code Quality iOS Lifecycle Requirement Analysis Native Frameworks iOS Development API Integration Technical Communication UI Design Performance Optimization Feature Collaboration Bug Fixing Code Translation High-Performance Development Task Management Cross-Team Collaboration Code Quality ['January 2013', 'January 2011', 'January 2005'] ['Current', 'January 2012', 'January 2011']","[""maintenance"", ""corrective maintenance"", ""industrial machinery"", ""preventive maintenance"", ""sensors"", ""biotechnology"", ""electrical mechanical"", ""estimation"", ""hydraulics"", ""mechanical technician"", ""pneumatics"", ""project manager"", ""sop"", ""manufacturing process"", ""apqp"", ""assembly"", ""circuit boards"", ""dmm"", ""electrical test"", ""esd"", ""first article inspection"", ""inspection"", ""medical devices"", ""oscilloscope"", ""production process"", ""schematic"", ""soldering"", ""surface mount"", ""test engineer"", ""through-hole"", ""wiring"", ""calibration"", ""control systems"", ""packaging"", ""process control"", ""sensor"", ""temperature"", ""and humidity"", ""control system design"", ""electrical engineer"", ""engineer"", ""entry level"", ""ieee"", ""mechanical/electrical engineer"", ""proactive"", ""self motivated"", ""testing"", ""electrical engineering"", ""pr"", ""public relations"", ""ios"", ""ios app developer"", ""ios application development"", ""ios development"", ""mobile apps developer ios"", ""native ios"", ""swift ios"", ""swift ui"", ""troubleshooting"", ""installation"", ""project estimation""]","[""maintenance"", ""corrective maintenance"", ""industrial machinery"", ""preventive maintenance"", ""sensors"", ""biotechnology"", ""electrical mechanical"", ""estimation"", ""hydraulics"", ""mechanical technician"", ""pneumatics"", ""project manager"", ""sop"", ""manufacturing process"", ""apqp"", ""assembly"", ""circuit boards"", ""dmm"", ""electrical test"", ""esd"", ""first article inspection"", ""inspection"", ""medical devices"", ""oscilloscope"", ""production process"", ""schematic"", ""soldering"", ""surface mount"", ""test engineer"", ""through-hole"", ""wiring"", ""calibration"", ""control systems"", ""packaging"", ""process control"", ""sensor"", ""temperature"", ""and humidity"", ""control system design"", ""electrical engineer"", ""engineer"", ""entry level"", ""ieee"", ""mechanical/electrical engineer"", ""proactive"", ""self motivated"", ""testing"", ""electrical engineering"", ""pr"", ""public relations"", ""ios"", ""ios app developer"", ""ios application development"", ""ios development"", ""mobile apps developer ios"", ""native ios"", ""swift ios"", ""swift ui"", ""troubleshooting"", ""installation"", ""project estimation""]",['Bachelor of Science'] ['Electrical Engineering'] ['POLYTECHNIC UNIVERSITY OF PUERTO RICO'] Bachelor of Science (BSc) in Computer Science,"At least 4 years ['Engineering Technician', 'Instrument Technician', 'Project Manager Assistance'] iOS Lifecycle
Requirement Analysis
Native Frameworks
iOS Development
API Integration
Technical Communication
UI Design
Performance Optimization
Feature Collaboration
Bug Fixing
Code Translation
High-Performance Development
Task Management
Cross-Team Collaboration
Code Quality iOS Lifecycle
Requirement Analysis
Native Frameworks
iOS Development
API Integration
Technical Communication
UI Design
Performance Optimization
Feature Collaboration
Bug Fixing
Code Translation
High-Performance Development
Task Management
Cross-Team Collaboration
Code Quality ['January 2013', 'January 2011', 'January 2005'] ['Current', 'January 2012', 'January 2011']",4.0,INFORMATION-TECHNOLOGY,"[0.06489976495504379, 0.016980081796646118, -0.043869853019714355, -0.04959297180175781, 0.03755663335323334, 0.0003354399814270437, -0.01823880895972252, -0.012915798462927341, -0.029958905652165413, -0.047943584620952606, 0.05245485156774521, 0.022779742255806923, 0.02820620685815811, 0.05693230777978897, -0.03367571532726288, 0.035930708050727844, 0.01317550614476204, 0.03079165518283844, -0.02083347737789154, 0.03871653601527214, 0.00549067510291934, 0.022443439811468124, -0.022867660969495773, -0.010364307090640068, -0.04846591874957085, -0.004107846412807703, 0.04728618636727333, 0.04443327337503433, -0.0016595287015661597, -0.02733214944601059, 0.034796927124261856, -0.016944028437137604, -0.07271914184093475, -0.07290071249008179, 2.255529352623853e-06, 0.012188772670924664, 0.020036594942212105, -0.02431512624025345, 0.025719452649354935, -0.019264554604887962, 0.02393145114183426, 0.025159157812595367, -0.02098960243165493, 0.05460229888558388, -0.03112087771296501, 0.0016688208561390638, 0.01617725007236004, -0.006329742260277271, 0.03052172251045704, 0.04057294502854347, 0.011591282673180103, -0.0011036021169275045, 0.00408472865819931, -0.009262959472835064, -0.023328939452767372, -0.005638462956994772, -0.029211891815066338, -0.016751274466514587, 0.061692673712968826, 0.03022509627044201, 0.02581525221467018, -0.015928402543067932, 0.01170730497688055, -0.05693075433373451, 0.05004487559199333, 0.04057977348566055, 0.045617617666721344, -0.06733912974596024, 0.021899878978729248, -0.039457421749830246, 0.03646080940961838, 0.003957257606089115, -0.03660283237695694, 0.023263057693839073, -0.0390833280980587, 0.009285999462008476, 0.014974907040596008, -0.05296552553772926, -0.029865950345993042, -5.819390025862958e-06, -0.02930307574570179, 0.03531432896852493, -0.022872017696499825, -0.07278463244438171, 0.04907499998807907, 0.013323869556188583, -0.03315567970275879, -0.005757906939834356, 0.06717170774936676, -0.00488143227994442, 0.04595615342259407, 0.011875712312757969, 0.01840079389512539, 0.028225237503647804, -0.009108836762607098, -0.023751236498355865, 0.04049856215715408, -0.04039495438337326, 0.005293586757034063, -0.05720263719558716, -0.10347086936235428, -0.008871004916727543, 0.028334643691778183, 0.011529883369803429, -0.061217792332172394, -0.0010931533761322498, 0.02285391092300415, -0.01866242289543152, -0.07761768251657486, -0.021090440452098846, -0.02773362584412098, 0.006109166890382767, -0.047161608934402466, -0.021101700142025948, -0.039640769362449646, 0.06103783845901489, -0.056329477578401566, -0.025169938802719116, 0.025629524141550064, -0.006391165312379599, 0.06955928355455399, 0.061514951288700104, -0.000785407901275903, 0.033434025943279266, 0.020403893664479256, 0.0009589374531060457, -0.0037123875226825476, 0.023688822984695435, -0.007767361588776112, -0.022161338478326797, 0.025546686723828316, -0.010560770519077778, -0.006677442230284214, -0.01726018823683262, -0.024807799607515335, 0.051437824964523315, -0.009393845684826374, 0.057916440069675446, -0.07114772498607635, 0.003544948762282729, -0.015862835571169853, 0.030729256570339203, -0.050460949540138245, 0.007843365892767906, -0.061887603253126144, -0.03599037602543831, 0.016757259145379066, -0.018937058746814728, 0.01858440600335598, 0.014479116536676884, 0.0008132127113640308, -0.051932189613580704, -0.017335297539830208, 0.0016774620162323117, 0.04976161941885948, 0.0501086451113224, 0.005270597990602255, -0.001691522658802569, -0.007116919849067926, 0.05544459819793701, 0.010373104363679886, -0.054616861045360565, 0.009800368919968605, 0.03908199444413185, -0.06302127242088318, -0.034047722816467285, 0.046344317495822906, 0.026599951088428497, -0.020979799330234528, -0.007303192745894194, 0.013876582495868206, -0.04299112409353256, 0.021324336528778076, 0.09393235296010971, 0.0066740671172738075, 0.018416358157992363, 0.06920862942934036, -0.04863391071557999, -0.021437395364046097, 0.010028853081166744, -0.007585371844470501, -0.13189461827278137, -0.007202894892543554, 0.06473124772310257, 0.008105065673589706, -0.0014086165465414524, -0.05239062011241913, 0.044553738087415695, -0.01903442293405533, 0.009928484447300434, -5.6715678510954604e-05, -0.028569674119353294, -0.07900122553110123, 0.013209107331931591, 0.020707210525870323, 0.01868884079158306, -0.028783826157450676, -0.013143378309905529, 0.00201598322018981, -0.05452517792582512, -0.054398488253355026, -0.016395851969718933, 0.0005014309426769614, 0.006925718393176794, 0.03062136471271515, -0.021164512261748314, -0.030060037970542908, -0.027615943923592567, 0.012748677283525467, -0.015444411896169186, 0.0715126171708107, -0.042347680777311325, 0.02282101847231388, 0.018321940675377846, -0.04034248739480972, -0.007035489194095135, 0.005230285692960024, 0.016051029786467552, 0.025704385712742805, -0.013754780404269695, -0.012715468183159828, -0.0028997883200645447, -0.08515053987503052, 0.0009564574575051665, -0.0033424352295696735, -0.026149678975343704, 0.0603671595454216, -0.0009755197097547352, -0.02595975063741207, 0.03944983705878258, 0.0066145798191428185, -0.007866918109357357, -0.0007900159107521176, -0.04121921956539154, 0.03864602372050285, 0.05580782890319824, 0.013155597262084484, 0.055551204830408096, -0.03918597474694252, -0.019472504034638405, -0.05847106873989105, 0.03148924931883812, 0.033409394323825836, 0.027590719982981682, -0.0020183632150292397, 0.011381523683667183, -0.002215431770309806, 0.03533625975251198, 0.011898416094481945, -0.018240205943584442, -0.0001428506657248363, -0.0038943865802139044, 0.014644283801317215, 0.08611816167831421, -0.02344260737299919, -0.035407692193984985, -0.023609785363078117, 0.04225550591945648, -0.05466568097472191, -0.014661679044365883, 0.03292447701096535, -0.02401769533753395, -0.009904807433485985, -0.014776072464883327, 0.07893162220716476, -0.024751078337430954, -8.440625606453978e-06, -0.0582861602306366, -0.029447458684444427, 0.016851594671607018, -0.0045438059605658054, 0.05255347490310669, 0.06117730587720871, 0.0188040342181921, -0.012030220590531826, 0.005074872635304928, 0.03264865651726723, 0.029665380716323853, -0.03763077035546303, 0.003418325213715434, 0.015802467241883278, -0.048147257417440414, -0.004948137328028679, 0.0372997522354126, -0.02503136172890663, -0.006374577060341835, 0.04042498394846916, 0.003082849783822894, -0.030017321929335594, 0.013322786428034306, 0.03937192261219025, -0.007495441008359194, 0.020341657102108, -0.06798848509788513, -0.05826588720083237, 0.023335102945566177, -0.021895764395594597, 0.02324063889682293, -0.026881277561187744, 0.06725785881280899, -0.005727378185838461, -0.005900978110730648, 0.034899670630693436, -0.009136307053267956, 0.03245028480887413, 0.02396634966135025, 0.008425426669418812, 0.002400138881057501, 0.0009468361386097968, -0.014790307730436325, -0.014812174253165722, 0.02001173235476017, 0.016741132363677025, -0.018659023568034172, -0.04180340841412544, -0.028756678104400635, 0.005609865766018629, 0.035671401768922806, -0.015881743282079697, 0.017073797062039375, -0.04492576792836189, -0.023374341428279877, -0.03462814539670944, -0.03667063266038895, 0.03185545653104782, -0.0704302191734314, -0.11160116642713547, -0.02569650299847126, 0.026916854083538055, -0.09113015234470367, 0.023539157584309578, 0.010746605694293976, -0.02546350471675396, -0.021265223622322083, 0.05191315710544586, -0.05448976159095764, -0.0004886221722699702, -0.09425819665193558, -0.03235889971256256, -0.03813862055540085, -0.0020580615382641554, -0.004254256375133991, -0.003192927921190858, 0.03643454611301422, 0.022297250106930733, -0.02743251621723175, 0.01330488920211792, 0.005642125848680735, -0.017990803346037865, 0.04110393300652504, 0.0018070813966915011, 0.06645404547452927, 0.01206067856401205, -0.020934216678142548, 0.02938501350581646, -0.006299582310020924, 0.034520264714956284, 0.025077955797314644, -0.056985851377248764, 0.016775688156485558, 0.0018807565793395042, -0.02710636891424656, 0.033346597105264664, 0.0486108772456646, -0.0738961473107338, 0.0012737008510157466, 0.01908942684531212, -0.05659065768122673, -0.013797189109027386, -0.004433004651218653, 0.031500302255153656, 0.023909129202365875, -0.0227467380464077, 0.02820204757153988, -0.005035251844674349, -0.010311366058886051, 0.008106876164674759, 0.03638689965009689, -0.047759924083948135, 0.025303320959210396, 0.06413276493549347, 0.010368253104388714, 0.03725526109337807, -0.026969337835907936, 0.021016797050833702, 0.00805559940636158, 0.02768135257065296, -0.03182167932391167, 0.018760036677122116, 0.004969655070453882, 0.007036785129457712, 0.008413376286625862, -0.044815562665462494, -0.034590620547533035, -0.017856543883681297, -0.005272904876619577, -0.025320379063487053, -0.03874192759394646, 0.007768472656607628, 0.02642836794257164, 0.005743963178247213, -0.0630725771188736, -0.07663311064243317, 0.05976587161421776, -0.019657935947179794, -0.030140547081828117, 0.09553506970405579, -0.01194223016500473, 0.010407702997326851, 0.08614424616098404, 0.0480688214302063, -0.000753343163523823, 0.01573360338807106, 0.014751293696463108, -0.055682580918073654, -0.02415454387664795, 0.00813453271985054, 0.05111983045935631, 0.015396937727928162, -0.044287510216236115, 0.0017973494250327349, 0.036679841578006744, 0.0252687931060791, 0.0016933951992541552, 0.05208524689078331, -0.06930027157068253, 0.002983113983646035, 0.0027924226596951485, -0.005631442181766033, -0.03226448968052864, -0.05640693008899689, 0.03724179416894913, 0.006882890593260527, 0.011212950572371483, -0.05805717408657074, 0.0016974163008853793, 0.09123460948467255, 0.012201488018035889, -0.00516889151185751, 0.030851740390062332, -0.0048710680566728115, 0.017821796238422394, 0.05434618145227432, 0.06337589025497437, -0.015810556709766388, 0.010466881096363068, 0.028072115033864975, 0.016463423147797585, -0.0033892083447426558, 0.036698367446660995, 0.0698683112859726, -0.027939241379499435, 0.011297234334051609, -0.030239466577768326, -0.02123328112065792, -0.024103114381432533, -0.059762872755527496, 0.05605950951576233, 0.006133447866886854, 0.010517850518226624, 0.05073509365320206, 0.033223897218704224, -0.02197946608066559, -0.034076809883117676, -0.0700196921825409, -0.006608107127249241, 0.0002894352364819497, -0.0112796351313591, 0.03339490294456482, -0.08224336057901382, 0.024389132857322693, -0.03526873514056206, -0.03968343511223793, -0.025435229763388634, 0.01794501207768917, 0.008506611920893192, -0.024498745799064636, 0.09778624027967453, -0.023233016952872276, 0.023606998845934868, 0.018491242080926895, 0.011826531030237675, 0.04169799014925957, -0.07873150706291199, 0.009984193369746208, 0.03386813402175903, 0.05858359858393669, 0.00908998679369688, -0.03181926906108856, -0.032280221581459045, 0.045315392315387726, -0.036971598863601685, 0.052403196692466736, -0.04874161630868912, 0.04113170504570007, 0.028767572715878487, -0.014287838712334633, 0.07824327796697617, -0.04688341170549393, 0.04602937400341034, -0.03771540895104408, -0.003458237275481224, 0.01628710888326168, -0.015493216924369335, -0.04015744850039482, -0.002091343980282545, -0.03698239475488663, 0.001518656499683857, -0.06185773387551308, 0.0370614267885685, -0.03114946000277996, 0.026212312281131744, -0.04598067328333855, -0.033247169107198715, -0.02930472604930401, 0.030133768916130066, -0.0062775323167443275, -0.02187603898346424, 0.034268707036972046, -0.02050040476024151, 0.026350440457463264, -0.023102248087525368, -0.03419913724064827, -0.015694158151745796, 0.03656449913978577, -0.0026926130522042513, 0.011453993618488312, 0.04447903484106064, -0.03235183656215668, 0.03655010461807251, 0.00021416334493551403, -0.029997464269399643, -0.07283886522054672, 0.036243073642253876, -0.01459372229874134, 0.06462901830673218, 0.10987195372581482, -0.0004649432667065412, -0.0052908482030034065, 0.021013950929045677, -0.021193165332078934, 0.016539394855499268, 0.0517624132335186, -0.01322304829955101, 0.040557861328125, -0.03712917119264603, -0.05843053758144379, 0.0163612999022007, 0.009423784911632538, -0.005713482853025198, -0.006352582015097141, -0.09645090997219086, -0.006139978766441345, 0.03991461545228958, -0.0069694663397967815, -6.007751425671087e-33, -0.01047174446284771, -0.03534073010087013, 0.04494646564126015, 0.013621336780488491, -0.016259534284472466, 0.04202403873205185, 0.02618691697716713, -0.02888728864490986, -0.020851807668805122, -0.02451297454535961, 0.0024380479007959366, -0.00497354194521904, -0.0028168305289000273, 0.022038420662283897, 0.036282479763031006, 0.09082083404064178, 0.055905044078826904, 0.002241108100861311, 0.0017356936587020755, -0.0022962545044720173, -0.06344503909349442, 0.03525092080235481, 0.014820910058915615, -0.01549046952277422, -0.02622874639928341, 0.004322606138885021, -0.009519809857010841, -0.0009761176770552993, 0.05992758646607399, -0.01121941115707159, 0.029600130394101143, -0.05058010667562485, 0.009031570516526699, -0.017648009583353996, 0.008156921714544296, -0.0069006020203232765, -0.031989775598049164, -0.040542490780353546, -0.020053163170814514, 0.06526018679141998, 0.021913211792707443, 0.0002049466856988147, 0.008537095040082932, 0.009330181404948235, -0.02723607048392296, -0.03153965249657631, 0.030602244660258293, 0.019876733422279358, 0.047705430537462234, 0.022098302841186523, -0.008181476965546608, 0.020695168524980545, -0.0071050929836928844, 0.050757233053445816, -0.07969216257333755, 0.052382662892341614, -0.051928866654634476, -0.025154605507850647, -0.019426167011260986, -0.016606856137514114, -0.06863172352313995, 0.04118965566158295, 0.03816993534564972, -0.07570994645357132, -0.032108284533023834, 0.001830919412896037, 0.02313525788486004, -0.009130824357271194, 0.0009394385851919651, -0.046786677092313766, -0.026283269748091698, 0.014301162213087082, -0.014790059067308903, 0.028362059965729713, 0.0053053623996675014, -0.05816459655761719, -0.012285328470170498, 0.033987849950790405, -0.013805580325424671, 0.06614356487989426, -0.04392216354608536, 0.02785780094563961, -0.01769869029521942, -0.021903682500123978, 0.0434124656021595, 0.013131778687238693, -0.000578835722990334, -0.04257619008421898, 0.052476901561021805, 0.00769034493714571, -0.00017236419080290943, -0.007729444652795792, -0.034802258014678955, 0.015079759992659092, 0.07913818210363388, -0.027155902236700058, 0.011980164796113968, 0.0064909132197499275, -0.028831880539655685, 0.029134830459952354, -0.01623372919857502, -0.006377535406500101, 0.0009919017320498824, 0.027138754725456238, 0.0738520696759224, 0.02963123843073845, -0.0002818395441863686, 0.0025657510850578547, -0.01795499585568905, -0.004636501893401146, 0.006983015686273575, -0.016313394531607628, -0.05277871713042259, 0.0017252224497497082, -0.0456116758286953, -0.001478670397773385, 0.058335065841674805, -0.03157273307442665, 0.0033609725069254637, -0.03895655646920204, 0.019011694937944412, -0.02974361553788185, 0.07081625610589981, -0.02219223603606224, -0.004820446949452162, 0.005323824472725391, -0.002901326399296522, -0.08070354163646698, -0.0540207214653492, -0.05140754580497742, -0.01019552256911993, 0.009829651564359665, 2.8060733825441275e-07, -0.039676353335380554, 0.0235882680863142, -0.03698891028761864, 0.0322878435254097, 0.008724341168999672, -0.044585179537534714, -0.03767530620098114, -0.024540387094020844, -0.0022795519325882196, 0.025691308081150055, 0.011469150893390179, -0.045151956379413605, 0.009059063158929348, -0.003409116994589567, -0.0034294903744012117, -0.07828287780284882, -0.0031213790643960238, -0.003782575950026512, 0.009021129459142685, 0.05835714191198349, 0.09976911544799805, -0.0027094113174825907, 0.023548690602183342, 0.0012067705392837524, -0.010290874168276787, -0.018545469269156456, -0.033539868891239166, 0.02499002031981945, 0.022295668721199036, 0.029911218211054802, -0.01619054563343525, -0.011836201883852482, 0.006652400828897953, 0.020869150757789612, -0.01794872246682644, -0.056465499103069305, 0.06845160573720932, 0.053429991006851196, -0.05150802806019783, 0.06270299106836319, 0.028977826237678528, 0.029602661728858948, 0.006483449134975672, -0.024819226935505867, 0.016214508563280106, -0.006467844825237989, -0.028433263301849365, -0.0038612582720816135, -0.03900103271007538, 0.00653068907558918, -0.0503016859292984, 0.08524224162101746, -0.021316582337021828, -0.07456384599208832, 0.02418913133442402, -0.011755616404116154, -0.08431036025285721, 0.017620913684368134, 0.029313167557120323, 0.04991328343749046, 0.05408286303281784, -0.0783487930893898, 0.007171696983277798, 0.043144356459379196, 0.06393028050661087, 0.016544999554753304, -0.004109910223633051, 3.375242158497892e-34, -0.002432997338473797, -0.010452968999743462, 0.033111270517110825, -0.0027982189785689116, 0.015212835744023323, -0.04225200042128563, 0.05633999779820442, -0.011892415583133698, -0.01246328093111515, 0.011061948724091053, -0.03367666155099869]","{'Experience': "": At least 4 years ['Engineering Technician', 'Instrument Technician', 'Project Manager Assistance'] iOS Lifecycle Requirement Analysis Native Frameworks iOS Development API Integration Technical Communication UI Design Performance Optimization Feature Collaboration Bug Fixing Code Translation High-Performance Development Task Management Cross-Team Collaboration Code Quality iOS Lifecycle Requirement Analysis Native Frameworks iOS Development API Integration Technical Communication UI Design Performance Optimization Feature Collaboration Bug Fixing Code Translation High-Performance Development Task Management Cross-Team Collaboration Code Quality ['January 2013', 'January 2011', 'January 2005'] ['Current', 'January 2012', 'January 2011']"", 'Education': "": ['Bachelor of Science'] ['Electrical Engineering'] ['POLYTECHNIC UNIVERSITY OF PUERTO RICO'] Bachelor of Science (BSc) in Computer Science"", 'Skills': ': maintenance, corrective maintenance, industrial machinery, preventive maintenance, sensors, biotechnology, electrical mechanical, estimation, hydraulics, mechanical technician, pneumatics, project manager, sop, manufacturing process, apqp, assembly, circuit boards, dmm, electrical test, esd, first article inspection, inspection, medical devices, oscilloscope, production process, schematic, soldering, surface mount, test engineer, through-hole, wiring, calibration, control systems, packaging, process control, sensor, temperature, and humidity, control system design, electrical engineer, engineer, entry level, ieee, mechanical/electrical engineer, proactive, self motivated, testing, electrical engineering, pr, public relations, ios, ios app developer, ios application development, ios development, mobile apps developer ios, native ios, swift ios, swift ui, troubleshooting, installation, project estimation'}",target position senior ios engineer objective skills maintenance corrective maintenance industrial machinery preventive maintenance sensors biotechnology electrical mechanical estimation hydraulics mechanical technician pneumatics project manager sop manufacturing process apqp assembly circuit boards dmm electrical test esd first article inspection inspection medical devices oscilloscope production process schematic soldering surface mount test engineer through hole wiring calibration control systems packaging process control sensor temperature and humidity control system design electrical engineer engineer entry level ieee mechanical electrical engineer proactive self motivated testing electrical engineering pr public relations ios ios app developer ios application development ios development mobile apps developer ios native ios swift ios swift ui troubleshooting installation project estimation education bachelor of science electrical engineering polytechnic university of puerto rico bachelor of science bsc in computer science experience at least 4 years engineering technician instrument technician project manager assistance ios lifecycle requirement analysis native frameworks ios development api integration technical communication ui design performance optimization feature collaboration bug fixing code translation high performance development task management cross team collaboration code quality ios lifecycle requirement analysis native frameworks ios development api integration technical communication ui design performance optimization feature collaboration bug fixing code translation high performance development task management cross team collaboration code quality january 2013 january 2011 january 2005 current january 2012 january 2011,"['target', 'position', 'senior', 'io', 'engineer', 'objective', 'skill', 'maintenance', 'corrective', 'maintenance', 'industrial', 'machinery', 'preventive', 'maintenance', 'sensor', 'biotechnology', 'electrical', 'mechanical', 'estimation', 'hydraulics', 'mechanical', 'technician', 'pneumatics', 'project', 'manager', 'sop', 'manufacturing', 'process', 'apqp', 'assembly', 'circuit', 'board', 'dmm', 'electrical', 'test', 'esd', 'first', 'article', 'inspection', 'inspection', 'medical', 'device', 'oscilloscope', 'production', 'process', 'schematic', 'soldering', 'surface', 'mount', 'test', 'engineer', 'hole', 'wiring', 'calibration', 'control', 'system', 'packaging', 'process', 'control', 'sensor', 'temperature', 'humidity', 'control', 'system', 'design', 'electrical', 'engineer', 'engineer', 'entry', 'level', 'ieee', 'mechanical', 'electrical', 'engineer', 'proactive', 'self', 'motivated', 'testing', 'electrical', 'engineering', 'pr', 'public', 'relation', 'io', 'io', 'app', 'developer', 'io', 'application', 'development', 'io', 'development', 'mobile', 'apps', 'developer', 'io', 'native', 'io', 'swift', 'io', 'swift', 'ui', 'troubleshooting', 'installation', 'project', 'estimation', 'education', 'bachelor', 'science', 'electrical', 'engineering', 'polytechnic', 'university', 'puerto', 'rico', 'bachelor', 'science', 'bsc', 'computer', 'science', 'experience', 'least', 'year', 'engineering', 'technician', 'instrument', 'technician', 'project', 'manager', 'assistance', 'io', 'lifecycle', 'requirement', 'analysis', 'native', 'framework', 'io', 'development', 'api', 'integration', 'technical', 'communication', 'ui', 'design', 'performance', 'optimization', 'feature', 'collaboration', 'bug', 'fixing', 'code', 'translation', 'high', 'performance', 'development', 'task', 'management', 'cross', 'team', 'collaboration', 'code', 'quality', 'io', 'lifecycle', 'requirement', 'analysis', 'native', 'framework', 'io', 'development', 'api', 'integration', 'technical', 'communication', 'ui', 'design', 'performance', 'optimization', 'feature', 'collaboration', 'bug', 'fixing', 'code', 'translation', 'high', 'performance', 'development', 'task', 'management', 'cross', 'team', 'collaboration', 'code', 'quality', 'january', 'january', 'january', 'current', 'january', 'january']",target position senior io engineer objective skill maintenance corrective maintenance industrial machinery preventive maintenance sensor biotechnology electrical mechanical estimation hydraulics mechanical technician pneumatics project manager sop manufacturing process apqp assembly circuit board dmm electrical test esd first article inspection inspection medical device oscilloscope production process schematic soldering surface mount test engineer hole wiring calibration control system packaging process control sensor temperature humidity control system design electrical engineer engineer entry level ieee mechanical electrical engineer proactive self motivated testing electrical engineering pr public relation io io app developer io application development io development mobile apps developer io native io swift io swift ui troubleshooting installation project estimation education bachelor science electrical engineering polytechnic university puerto rico bachelor science bsc computer science experience least year engineering technician instrument technician project manager assistance io lifecycle requirement analysis native framework io development api integration technical communication ui design performance optimization feature collaboration bug fixing code translation high performance development task management cross team collaboration code quality io lifecycle requirement analysis native framework io development api integration technical communication ui design performance optimization feature collaboration bug fixing code translation high performance development task management cross team collaboration code quality january january january current january january
cand_00008,8,Mechanical Engineer,"Target position: Mechanical Engineer Objective: Certified Data analyst with a degree in Electronics Engineering, I have hands on experience in analyzing & interpreting data with good numerical accuracy. Skills: python, machine learning, mysql, data mining, deep learning, data analysis, computer vision, flask api, predictive modeling, aws, scikit-learn, numpy, statistical analysis, multivariate analysis, decision trees, random forest, xgboost, nlp, maintenance and troubleshooting, mechanical, employee satisfaction, hr collaboration Education: ['B.Tech/B.E.'] ['Electronics/Telecommunication'] ['Nagpur University'] Bachelor of Science (BSc) in Mechanical Engineering, Diploma in Mechanical Experience: 2 to 5 years ['Associate Analyst'] Machinery Maintenance Troubleshooting Report Preparation Log Maintenance Machinery Maintenance Troubleshooting Report Preparation Log Maintenance ['Jun 2019'] ['till date']","[""python"", ""machine learning"", ""mysql"", ""data mining"", ""deep learning"", ""data analysis"", ""computer vision"", ""flask api"", ""predictive modeling"", ""aws"", ""scikit-learn"", ""numpy"", ""statistical analysis"", ""multivariate analysis"", ""decision trees"", ""random forest"", ""xgboost"", ""nlp"", ""maintenance and troubleshooting"", ""mechanical"", ""employee satisfaction"", ""hr collaboration""]","[""python"", ""machine learning"", ""mysql"", ""data mining"", ""deep learning"", ""data analysis"", ""computer vision"", ""flask api"", ""predictive modeling"", ""aws"", ""scikit-learn"", ""numpy"", ""statistical analysis"", ""multivariate analysis"", ""decision trees"", ""random forest"", ""xgboost"", ""nlp"", ""maintenance and troubleshooting"", ""mechanical"", ""employee satisfaction"", ""hr collaboration""]","['B.Tech/B.E.'] ['Electronics/Telecommunication'] ['Nagpur University'] Bachelor of Science (BSc) in Mechanical Engineering, Diploma in Mechanical","2 to 5 years ['Associate Analyst'] Machinery Maintenance
Troubleshooting
Report Preparation
Log Maintenance Machinery Maintenance
Troubleshooting
Report Preparation
Log Maintenance ['Jun 2019'] ['till date']",5.0,INFORMATION-TECHNOLOGY,"[0.01317627727985382, 0.021266566589474678, -0.04304218664765358, -0.04230967536568642, 0.04581877216696739, 0.002525860443711281, -0.08223313838243484, 0.010537601076066494, -0.025392543524503708, -0.054367609322071075, 0.04997594654560089, 0.026911897584795952, 0.008682758547365665, 0.08809483796358109, 0.015920564532279968, 0.00872246827930212, -0.009478895924985409, 0.030856288969516754, -0.04453083872795105, -0.0033598383888602257, -0.011589117348194122, -0.014489034190773964, -0.038843732327222824, -0.008926717564463615, -0.02562796138226986, -0.003061519004404545, 0.023067474365234375, 0.00750882038846612, 0.017973482608795166, -0.002087758854031563, 0.005494519602507353, -0.028091244399547577, 0.004200583789497614, -0.0028732686769217253, 2.1588305116893025e-06, -0.013012583367526531, 0.0263629462569952, 0.006297369487583637, 0.004742811433970928, -0.02701338194310665, 0.012508081272244453, -0.03147612512111664, 0.023785660043358803, 0.03836363926529884, -0.03232075646519661, 0.03475116193294525, 0.0359574556350708, -0.006024019327014685, 0.04414498805999756, 0.09057120978832245, 0.008585523813962936, 0.0009901447920128703, -0.011716070584952831, -0.014315090142190456, -0.0008563423762097955, -0.049001533538103104, -0.017880365252494812, 0.03262358531355858, 0.030848689377307892, -0.003906405530869961, -0.014208389446139336, -0.018748605623841286, -0.032279208302497864, -0.033593617379665375, 0.07322009652853012, 0.04315580427646637, 0.027435986325144768, -0.024308975785970688, 0.030247142538428307, -0.009375421330332756, 0.016147753223776817, -0.04590831696987152, -0.03817233815789223, -0.002086957450956106, -0.019019829109311104, -0.004106469918042421, -0.00017675969866104424, -0.04484013095498085, -0.0024415594525635242, 0.021541478112339973, -0.020713310688734055, 0.03672773391008377, -0.054023899137973785, -0.06403356045484543, 0.0021725131664425135, 0.05435169115662575, -0.04619910567998886, -0.008670366369187832, 0.06921324878931046, -0.0193613413721323, 0.0682353526353836, 0.01351191196590662, -0.019648391753435135, 0.02934739552438259, -0.06920482218265533, -0.002362653147429228, 0.06160387396812439, -0.009007260203361511, 0.03691944107413292, -0.012212540954351425, -0.03174419701099396, 0.052127089351415634, 0.03890334814786911, 0.0021725979167968035, -0.046035606414079666, 0.018737012520432472, 0.018673714250326157, 0.018425442278385162, -0.034802522510290146, -0.004149560816586018, 0.004031189251691103, -0.017198417335748672, -0.02221633307635784, -0.05592882260680199, 0.039818938821554184, 0.07598322629928589, -0.033463213592767715, -0.000581583590246737, 0.001046997494995594, -0.034178607165813446, 0.08905719965696335, 0.014966288581490517, -0.021301740780472755, 0.03498387709259987, -0.05171828344464302, -0.00983934011310339, -0.004929059650748968, 0.056718356907367706, 0.006051058415323496, -0.010775609873235226, -0.0032264087349176407, 0.005551086738705635, 0.039437126368284225, -0.003471434349194169, 0.019175022840499878, 0.045557182282209396, -0.02431391552090645, 0.06579598039388657, -0.07233038544654846, 0.02883337065577507, 0.021050849929451942, -0.003700200468301773, -0.03088347241282463, 0.03730340674519539, -0.01339306402951479, -0.026566822081804276, -0.02310527116060257, 0.018366627395153046, 0.028596913442015648, 0.009738003835082054, 0.014137552119791508, -0.017442813143134117, -0.00788948405534029, -0.009723973460495472, 0.005629117134958506, 0.007091861218214035, 0.014068054966628551, -0.013342663645744324, -0.005324707832187414, 0.059738218784332275, -0.024973267689347267, -0.01728467270731926, 0.020854301750659943, 0.0463431254029274, -0.03820987418293953, -0.016497593373060226, 0.0238344743847847, 0.061510082334280014, -0.07890916615724564, 0.027247535064816475, 0.018598107621073723, -0.053879328072071075, 0.009661332704126835, 0.07015848159790039, -0.0018136098515242338, -0.02946520410478115, 0.05170386657118797, -0.032385021448135376, 0.011512760072946548, 0.03568838909268379, -0.04063107818365097, -0.13528084754943848, 0.052082233130931854, 0.03677424043416977, -0.0033923296723514795, 0.024189863353967667, -0.00616876594722271, 0.033115409314632416, -0.00805343221873045, 0.009776871651411057, 0.0018138773739337921, 0.007261238526552916, -0.07248135656118393, 0.0069543770514428616, 0.03290606290102005, -5.1060789701296017e-05, -0.05791882798075676, -0.05438167601823807, 0.027092477306723595, -0.02345760352909565, -0.03983727842569351, -0.024021746590733528, -0.006808523554354906, -0.023832576349377632, 0.05222078412771225, -0.06699057668447495, -0.042310915887355804, -0.08643794804811478, -0.020289426669478416, -0.020322801545262337, 0.03580376133322716, -0.01898084580898285, -0.011102060787379742, 0.003886497113853693, -0.01957676373422146, 0.02235529012978077, -0.010011381469666958, -0.0221979022026062, 0.007851955480873585, -0.02263900451362133, -0.025954434648156166, -0.0006471774540841579, -0.06844937801361084, -0.0006455259281210601, 0.03927985951304436, 0.0058015864342451096, 0.032403815537691116, 0.0165337435901165, 0.02944357693195343, 0.032827313989400864, 0.017954474315047264, 0.004241572227329016, -0.004285437986254692, -0.006139281205832958, -0.005289698019623756, 0.04080892354249954, 0.004335056524723768, 0.008356411010026932, -0.006859479006379843, -0.02785509265959263, -0.03856761381030083, 0.0016841607866808772, 0.014333781786262989, -0.00939513836055994, -0.020882686600089073, -0.013268010690808296, -0.04424002394080162, 0.035634372383356094, 0.023146387189626694, -0.024736667051911354, 0.0398709699511528, -0.007287941407412291, 0.039049480110406876, 0.0691254511475563, -0.021299274638295174, -0.015489824116230011, -0.033642251044511795, 0.06780312210321426, -0.11690252274274826, 0.011288697831332684, 0.020527875050902367, -0.04661807417869568, 0.031157230958342552, -0.015626072883605957, 0.03781537711620331, -0.04952450841665268, 0.012404611334204674, -0.02572985738515854, -0.01609845459461212, 0.055280182510614395, 0.020914781838655472, 0.05783001333475113, 0.00600578123703599, 0.0023341975174844265, -0.020186087116599083, -0.03589826822280884, 0.05775685980916023, 0.05924120172858238, -0.060842115432024, 0.03204254060983658, 0.04888865351676941, -0.053827911615371704, 0.016475873067975044, 0.02688978612422943, -0.05011763051152229, 0.010813714005053043, 0.0409277118742466, -0.002711578505113721, -0.02767365053296089, 0.06402362138032913, 0.014301607385277748, -0.02411063201725483, 0.009088189341127872, -0.06072187423706055, -0.07721080631017685, 0.0169380996376276, -0.01516127958893776, 0.04237192124128342, -0.036299608647823334, 0.031630001962184906, -0.019084613770246506, 0.04525218904018402, 0.0276065394282341, -0.01425627525895834, 0.0193313118070364, 0.06930401921272278, 0.0544373020529747, 0.005958584137260914, -0.017688574269413948, -0.09155828505754471, 0.019501734524965286, 0.007510787807404995, 0.036139629781246185, 0.024455508217215538, 0.014356311410665512, -0.03633304685354233, -0.04880554601550102, 0.021164385601878166, -0.030867546796798706, 0.048140354454517365, 0.006294718012213707, 0.008407964371144772, -0.02772834151983261, -0.020545853301882744, 0.045974478125572205, -0.07105893641710281, -0.1178746148943901, -0.0086454376578331, 0.011739335022866726, -0.04673737660050392, 0.014374922029674053, 0.010862145572900772, -0.029215600341558456, -0.040275923907756805, 0.05293546989560127, -0.04067882150411606, 0.008353362791240215, -0.05948755517601967, 0.028339412063360214, 0.005078841932117939, -0.02579645998775959, 0.008372385986149311, -0.030193397775292397, -2.3492108084610663e-05, 0.0535174161195755, 0.0010008570970967412, 0.0020808472763746977, -0.009230091236531734, -0.03203155845403671, 0.03317035362124443, 0.043666236102581024, 0.0583120658993721, -0.003954680170863867, -0.015309800393879414, -0.015703219920396805, -0.03169688954949379, 0.05330251157283783, 0.03844379633665085, -0.004819586407393217, 0.03053622879087925, -0.005011328030377626, -0.014667262323200703, 0.011280784383416176, 0.011827860958874226, -0.048503950238227844, 0.0029143316205590963, -0.003423817455768585, -0.0469280369579792, 0.016619296744465828, -0.015160627663135529, -0.04175819829106331, -0.017227310687303543, -0.02864079549908638, -0.012131544761359692, -0.031985703855752945, -0.003834201255813241, -0.006257254164665937, 0.003626671154052019, -0.05081354081630707, 0.027474340051412582, 0.05850594490766525, -0.03844880685210228, 0.04728549346327782, 0.004977519623935223, 0.02477550320327282, -0.023876992985606194, 0.021028367802500725, -0.007809490896761417, -0.011741578578948975, -0.0009357297094538808, -0.015686403959989548, 0.006413097959011793, -0.10615231096744537, -0.07005848735570908, 0.009230878204107285, -0.026057308539748192, -0.03810277581214905, 0.006018803454935551, 0.022961417213082314, 0.012136300094425678, 0.015195759944617748, 0.01575343683362007, -0.07535839080810547, 0.041760463267564774, -0.0043068379163742065, -0.029667213559150696, 0.06490157544612885, 0.01730741746723652, -0.04671623557806015, 0.04697693884372711, 0.018795562908053398, 0.038057781755924225, -0.008119422011077404, 0.03625747933983803, 0.016388509422540665, -0.049025289714336395, -0.022869741544127464, 0.034888241440057755, 0.03065895289182663, -0.08488842844963074, 0.05899715796113014, 0.015156553126871586, 0.0626877173781395, 0.003366655670106411, 0.033233169466257095, -0.034698486328125, 0.006180737167596817, -0.0025155358016490936, 0.03148428723216057, -0.06431864947080612, -0.046136967837810516, 0.06050524488091469, 0.0034558072220534086, 0.014648232609033585, 0.02673623152077198, -0.026440966874361038, 0.08131280541419983, -0.025266703218221664, -0.0033139789011329412, 0.030952274799346924, -0.03472542017698288, 0.04306713864207268, 0.04571723937988281, 0.05527646467089653, 0.0333484411239624, 0.0028134300373494625, -0.007665140554308891, 0.028414735570549965, -0.037067413330078125, 0.00854861456900835, 0.11547574400901794, -0.06312999129295349, -0.006100653670728207, -0.013974468223750591, 0.0006320060347206891, -0.06285492330789566, -0.11079679429531097, 0.028198443353176117, 0.00866666715592146, 0.009820014238357544, 0.009441685862839222, 0.041046611964702606, -0.04212292656302452, -0.03466339781880379, -0.04600264132022858, -0.003544383915141225, 0.01750219240784645, -0.05405905097723007, -0.005693485029041767, -0.07102120667695999, 0.005906784441322088, -0.020182156935334206, -0.03533623740077019, -0.006259417161345482, 0.007723255082964897, -0.01173502579331398, -0.01886926218867302, 0.08086847513914108, -0.051467057317495346, -0.0025272208731621504, 0.0760406032204628, -0.024791745468974113, 0.03722956404089928, -0.09575902670621872, -0.041615840047597885, 0.030893972143530846, 0.044525787234306335, 0.02038915641605854, -0.02921811118721962, -0.00921742431819439, 0.0858774334192276, -0.026650339365005493, 0.00753710838034749, -0.0894060730934143, 0.051658473908901215, -0.02914866991341114, -0.026142539456486702, 0.07143475860357285, -0.03673480451107025, 0.06343673169612885, -0.014995156787335873, -0.013880752958357334, 0.016434984281659126, -0.06108466163277626, 0.036948222666978836, -0.01528461929410696, -0.04052545875310898, 0.029656346887350082, -0.04314398765563965, -0.00925690121948719, -0.030597327277064323, 0.015173355117440224, -0.03268594667315483, 0.012321255169808865, -0.022063884884119034, -0.04206705838441849, -0.0021613792050629854, -0.04644139111042023, 0.039389654994010925, -0.0016143986722454429, 0.014945347793400288, 0.0034284801222383976, -0.016423596069216728, 0.030047575011849403, 0.048354100435972214, 0.013206465169787407, -0.000511632882989943, 0.004176921211183071, 0.033432092517614365, 0.01037075649946928, -0.0007653321954421699, -0.01293191872537136, -0.047506000846624374, -0.010210232809185982, -0.019187109544873238, 0.03594672679901123, 0.08202425390481949, 0.011158422566950321, 0.025387659668922424, 0.04190346226096153, -0.013361711986362934, 0.0026672466192394495, 0.005482484586536884, 0.019611356779932976, -0.008071325719356537, -0.06401319801807404, -0.0406956672668457, -0.008120440877974033, 0.04816310107707977, 0.05889618769288063, 0.008469472639262676, -0.029645288363099098, 0.035371311008930206, 0.04666442051529884, -0.018922924995422363, -5.586809837377503e-33, 0.017756422981619835, 0.007617559749633074, 0.02194794826209545, -0.020400110632181168, -0.025623047724366188, -0.0009113961714319885, 0.03889261186122894, -0.029874064028263092, -0.04139130190014839, -0.004968388006091118, -0.02273150160908699, 0.04940246790647507, 0.016065379604697227, 0.004086089786142111, -0.012580756098031998, 0.06414243578910828, 0.005824229680001736, 0.019494665786623955, 0.007211166899651289, -0.03490559756755829, -0.0390927828848362, 0.022451110184192657, -0.0009335200884379447, -0.001363361836411059, 0.0024292301386594772, -0.012061103247106075, -0.042458172887563705, 0.03327866643667221, 0.019888652488589287, 0.023308824747800827, 0.0329805426299572, -0.036760374903678894, 0.006183566991239786, -0.00038334052078425884, -0.007633814588189125, -0.0013082210207358003, -0.02052513137459755, -0.03023703210055828, -0.027240246534347534, 0.07340887933969498, 0.053619805723428726, 0.0249229297041893, 0.018735701218247414, -0.013226193375885487, -0.013239881955087185, -0.04624345898628235, 0.00659962510690093, 0.0022808776702731848, 0.051576320081949234, -0.008037650026381016, -0.03436164930462837, 0.0022855657152831554, -0.03703425079584122, 0.04819095879793167, -0.02099534124135971, 0.04826714098453522, 0.011867821216583252, -0.03870005160570145, -0.036180611699819565, -0.00826851837337017, -0.022616196423768997, 0.05116654187440872, 0.03736411780118942, -0.0646301731467247, -0.010827419348061085, 0.012043305672705173, 0.04539754241704941, -0.016441652551293373, 0.03675520047545433, -0.0373360738158226, -0.05484505742788315, 0.021623525768518448, -0.048194196075201035, -0.02750425599515438, 0.01354820467531681, -0.08738674968481064, -0.07065487653017044, 0.024935828521847725, 0.005716298241168261, 0.009276023134589195, -0.004291079007089138, 0.03119310736656189, -0.03277231752872467, -0.013444009236991405, 0.03034340962767601, -0.0014309497782960534, -0.019315747544169426, -0.024702049791812897, 0.02275901660323143, 0.007310511544346809, -0.013457518070936203, 0.01265996415168047, -0.033800505101680756, -0.009405280463397503, 0.0971807911992073, 0.021136879920959473, -0.02655201591551304, -0.00937621295452118, 0.0019123905804008245, 0.0064729670993983746, 0.01594877801835537, 0.017735812813043594, -0.01537119410932064, 0.013054023496806622, 0.07865395396947861, 0.031117653474211693, -0.004476557485759258, -0.018788164481520653, -0.0510549321770668, -0.012365263886749744, -0.017106767743825912, -0.0005921598640270531, -0.045844271779060364, -0.01937057264149189, -0.026744145900011063, -0.005855259485542774, 0.03257888928055763, -0.05300303176045418, 0.03310035169124603, -0.011690019629895687, 0.015703300014138222, -0.0077695720829069614, 0.05150405317544937, -0.0355420857667923, -0.0013237420935183764, -0.015833260491490364, 0.0158037468791008, -0.055650655180215836, -0.02347966656088829, -0.07075146585702896, 0.008216402493417263, 0.0024081324227154255, 2.6566257815829886e-07, -0.03185388073325157, 0.027519838884472847, -0.021828142926096916, 0.03636040911078453, -0.024037275463342667, -0.02432684786617756, -0.044922806322574615, -0.02676660567522049, 0.006072424817830324, 0.020608145743608475, 0.008585999719798565, -0.04778824374079704, -0.04425416886806488, -0.03415227308869362, -0.012006104923784733, -0.05967404320836067, 0.013785498216748238, -0.0030424983706325293, -0.017956720665097237, 0.05250992253422737, 0.045144956558942795, 0.05690167099237442, 0.04878699406981468, -0.0011350488057360053, 0.008841820061206818, -0.014494790695607662, -0.045065950602293015, -0.0032573342323303223, 0.0179030429571867, 0.0729961022734642, 0.06445156782865524, -0.023594491183757782, -0.003355153603479266, 0.06661807000637054, -0.008460035547614098, 0.03790327161550522, 0.063819520175457, 0.07178325951099396, -0.002258619526401162, 0.034923702478408813, 0.03312474861741066, 0.006588576827198267, 0.04661779850721359, -0.005267835687845945, 0.045000363141298294, 0.009546042419970036, -0.056290335953235626, -0.022786879912018776, -0.06006194278597832, 0.004085618536919355, -0.016769995912909508, 0.046980082988739014, -0.0020109033212065697, -0.051706213504076004, 0.0009688702994026244, -0.022183582186698914, -0.0607805959880352, 0.018296627327799797, 0.020906109362840652, 0.0296485498547554, -0.018506761640310287, -0.062027644366025925, 0.033283818513154984, 0.027353821322321892, 0.10082770884037018, -0.020655857399106026, -0.010305646806955338, 3.153883715268593e-34, 0.014160056598484516, 0.03375814110040665, 0.02241414599120617, -0.007947723381221294, 0.04861082136631012, -0.04544905200600624, 0.05588335543870926, -0.022569872438907623, 0.008167424239218235, -0.038318734616041183, -0.04798314720392227]","{'Experience': 'in analyzing & interpreting data with good numerical accuracy.', 'Education': "": ['B.Tech/B.E.'] ['Electronics/Telecommunication'] ['Nagpur University'] Bachelor of Science (BSc) in Mechanical Engineering, Diploma in Mechanical"", 'Skills': ': python, machine learning, mysql, data mining, deep learning, data analysis, computer vision, flask api, predictive modeling, aws, scikit-learn, numpy, statistical analysis, multivariate analysis, decision trees, random forest, xgboost, nlp, maintenance and troubleshooting, mechanical, employee satisfaction, hr collaboration'}",target position mechanical engineer objective certified data analyst with a degree in electronics engineering i have hands on experience in analyzing interpreting data with good numerical accuracy. skills python machine learning mysql data mining deep learning data analysis computer vision flask api predictive modeling aws scikit learn numpy statistical analysis multivariate analysis decision trees random forest xgboost nlp maintenance and troubleshooting mechanical employee satisfaction hr collaboration education b.tech b.e. electronics telecommunication nagpur university bachelor of science bsc in mechanical engineering diploma in mechanical experience 2 to 5 years associate analyst machinery maintenance troubleshooting report preparation log maintenance machinery maintenance troubleshooting report preparation log maintenance jun 2019 till date,"['target', 'position', 'mechanical', 'engineer', 'objective', 'certified', 'data', 'analyst', 'degree', 'electronics', 'engineering', 'hand', 'experience', 'analyzing', 'interpreting', 'data', 'good', 'numerical', 'accuracy', 'skill', 'python', 'machine', 'learning', 'mysql', 'data', 'mining', 'deep', 'learning', 'data', 'analysis', 'computer', 'vision', 'flask', 'api', 'predictive', 'modeling', 'aws', 'scikit', 'learn', 'numpy', 'statistical', 'analysis', 'multivariate', 'analysis', 'decision', 'tree', 'random', 'forest', 'xgboost', 'nlp', 'maintenance', 'troubleshooting', 'mechanical', 'employee', 'satisfaction', 'hr', 'collaboration', 'education', 'b', 'tech', 'b', 'e', 'electronics', 'telecommunication', 'nagpur', 'university', 'bachelor', 'science', 'bsc', 'mechanical', 'engineering', 'diploma', 'mechanical', 'experience', 'year', 'associate', 'analyst', 'machinery', 'maintenance', 'troubleshooting', 'report', 'preparation', 'log', 'maintenance', 'machinery', 'maintenance', 'troubleshooting', 'report', 'preparation', 'log', 'maintenance', 'jun', 'till', 'date']",target position mechanical engineer objective certified data analyst degree electronics engineering hand experience analyzing interpreting data good numerical accuracy skill python machine learning mysql data mining deep learning data analysis computer vision flask api predictive modeling aws scikit learn numpy statistical analysis multivariate analysis decision tree random forest xgboost nlp maintenance troubleshooting mechanical employee satisfaction hr collaboration education b tech b e electronics telecommunication nagpur university bachelor science bsc mechanical engineering diploma mechanical experience year associate analyst machinery maintenance troubleshooting report preparation log maintenance machinery maintenance troubleshooting report preparation log maintenance jun till date
cand_00009,9,Business Development Executive,"Target position: Business Development Executive Objective: Skills: django, python, relational databases, restapi, github, jira, postgresql, software development, debugging, machine learning, natural language processing, artificial intelligence, data analysis, docker, tornado, software developer, project management, fast typing skill, ieltsinternet browsing online work ability., developing, designing, optimizing automation script, crons, managing database conflicts, executing solution Education: ['BCA', 'MCA'] ['Computers', 'Computers'] ['Dr. Virendra Swaroop Institute of Computer Studies, Kanpur', 'Pranveer Singh Institute of Technology, Kanpur'] Bachelor/Honors Experience: 1 to 3 years ['Software Developer'] Apparel Sourcing Quality Garment Sourcing Reliable Partner Buyer/Vendor Communication Apparel Sourcing Quality Garment Sourcing Reliable Partner Buyer/Vendor Communication ['Jan 2019'] ['Till Date']","[""django"", ""python"", ""relational databases"", ""restapi"", ""github"", ""jira"", ""postgresql"", ""software development"", ""debugging"", ""machine learning"", ""natural language processing"", ""artificial intelligence"", ""data analysis"", ""docker"", ""tornado"", ""software developer"", ""project management"", ""fast typing skill"", ""ieltsinternet browsing online work ability."", ""developing"", ""designing"", ""optimizing automation script"", ""crons"", ""managing database conflicts"", ""executing solution""]","[""django"", ""python"", ""relational databases"", ""restapi"", ""github"", ""jira"", ""postgresql"", ""software development"", ""debugging"", ""machine learning"", ""natural language processing"", ""artificial intelligence"", ""data analysis"", ""docker"", ""tornado"", ""software developer"", ""project management"", ""fast typing skill"", ""ieltsinternet browsing online work ability."", ""developing"", ""designing"", ""optimizing automation script"", ""crons"", ""managing database conflicts"", ""executing solution""]","['BCA', 'MCA'] ['Computers', 'Computers'] ['Dr. Virendra Swaroop Institute of Computer Studies, Kanpur', 'Pranveer Singh Institute of Technology, Kanpur'] Bachelor/Honors","1 to 3 years ['Software Developer'] Apparel Sourcing
Quality Garment Sourcing
Reliable Partner
Buyer/Vendor Communication Apparel Sourcing
Quality Garment Sourcing
Reliable Partner
Buyer/Vendor Communication ['Jan 2019'] ['Till Date']",3.0,INFORMATION-TECHNOLOGY,"[0.0666370838880539, 0.009425442665815353, -0.04079640656709671, -0.03247826173901558, 0.05662408098578453, -0.0216789823025465, -0.07954849302768707, 0.01229962706565857, 0.015285857953131199, -0.060703493654727936, 0.03470318391919136, 0.025815194472670555, 0.001912179752252996, 0.1273559033870697, 0.030720727518200874, 0.02147020399570465, -0.004653348587453365, 0.03155682235956192, -0.026783471927046776, 0.0255438219755888, -0.019887931644916534, 0.028233466669917107, -0.048740141093730927, 0.00934214610606432, 0.00020310042600613087, -0.014190727844834328, 0.036691080778837204, 0.030209772288799286, -0.021020665764808655, -0.004623265936970711, 0.009280527010560036, -0.0173649899661541, -0.0049017430283129215, -0.061510760337114334, 2.0241982383595314e-06, -0.02426224760711193, -0.006056307815015316, 0.004305689129978418, -0.017558585852384567, -0.03389514982700348, 0.016551977023482323, -0.008767986670136452, 0.010968645103275776, 0.03564827889204025, 0.007501247338950634, 0.02256161905825138, 0.0342940017580986, 0.07054751366376877, 0.004842985421419144, 0.09476611763238907, 0.021711433306336403, -0.022844215855002403, -0.01561820786446333, -0.0027946827467530966, -0.031064538285136223, -0.04600217565894127, -0.0010409819660708308, -0.012136520817875862, 0.04047359526157379, 0.028626881539821625, 0.004130333662033081, -0.04623053967952728, -0.058026738464832306, -0.018715636804699898, 0.06458120048046112, 0.045086901634931564, 0.05688946321606636, -0.07028291374444962, 0.03292384371161461, -0.04431990534067154, 0.0029261664021760225, -0.02848520129919052, -0.016822246834635735, 0.024332320317626, -0.0008942049462348223, -0.0078073106706142426, 0.002651774324476719, -0.0081564262509346, -0.001559828408062458, 0.012256570160388947, -0.012118297629058361, 0.025335371494293213, -0.05125991627573967, -0.03422044962644577, 0.04159155115485191, 0.07570795714855194, -0.013594409450888634, -0.01326560229063034, 0.024991091340780258, -0.03788825124502182, 0.04936877638101578, 0.02211676724255085, -0.005942760966718197, 0.030644603073596954, -0.06821253150701523, -0.00929026585072279, 0.06712214648723602, 0.01778433658182621, 0.029976196587085724, 0.032329052686691284, -0.0038390997797250748, 0.020708955824375153, 0.042455218732357025, -0.014287756755948067, -0.013633881695568562, 0.029201136901974678, 0.004599009174853563, 0.007135266438126564, -0.010270227678120136, 0.015566918067634106, 0.014951888471841812, 0.005962294526398182, -0.036545246839523315, -0.04395119845867157, -0.02328248880803585, 0.06196345016360283, -0.022668994963169098, -0.0018156053265556693, 0.007757325191050768, 0.021299440413713455, 0.07964201271533966, 0.010282970033586025, -0.013771693222224712, 0.04361807554960251, -0.039095230400562286, -0.02953772433102131, 0.009174348786473274, 0.010430214926600456, 0.011424854397773743, -0.005169185809791088, -0.0017174681415781379, -0.0037041064351797104, 0.011576259508728981, -0.054386261850595474, -0.01685384102165699, 0.050133783370256424, -0.004981187637895346, 0.0779634565114975, -0.04488328844308853, 0.05191519111394882, 0.0005221330211497843, -0.017198611050844193, -0.007146432530134916, 0.027102425694465637, -0.0574372224509716, -0.027563095092773438, -0.022282317280769348, 0.0010800753952935338, 0.019733851775527, 0.030149782076478004, 0.0015116322319954634, -0.03852461278438568, 0.005513555370271206, -0.024958260357379913, 0.0313020795583725, 0.017483260482549667, 0.042713411152362823, 0.0020347239915281534, -0.041991837322711945, 0.05021580681204796, -0.0028638201765716076, -0.05822527036070824, 0.021080780774354935, 0.04600853472948074, -0.041469305753707886, -0.00420765345916152, 0.053898122161626816, 0.06184322386980057, 0.007516537792980671, -0.0020544021390378475, 0.03306840732693672, -0.05427504703402519, -0.003382985945791006, 0.09235785901546478, -0.010524432174861431, -0.022987322881817818, 0.06937676668167114, -0.029123418033123016, 0.011168279685080051, 0.04802319034934044, -0.033382728695869446, -0.10742323845624924, 0.0417008101940155, 0.05948876589536667, 0.004671348258852959, 0.017067594453692436, -0.016405656933784485, 0.046896304935216904, -0.0025058251339942217, 0.040589042007923126, 0.023419775068759918, -0.007864346727728844, -0.03456546366214752, -0.0029258569702506065, -0.0010505079990252852, 0.030805839225649834, -0.07251857221126556, -0.02990463376045227, -0.001493206131272018, -0.07592426985502243, -0.04665045067667961, 0.0026176332030445337, -0.02426486648619175, 0.008187411352992058, 0.040459033101797104, -0.05734845995903015, -0.032638490200042725, -0.06309934705495834, -0.04634244367480278, 0.02705092541873455, 0.04793353006243706, -0.02077816240489483, -0.03706403449177742, 0.018590472638607025, -0.005188807379454374, -0.0028138025663793087, -0.00682962778955698, -0.026369793340563774, 0.022781094536185265, -0.023857925087213516, -0.02648065984249115, 0.036797091364860535, -0.027194729074835777, 0.0225850660353899, 0.02067624218761921, 0.005079630296677351, 0.00959165021777153, 0.011735565029084682, 0.035191610455513, 0.03176281601190567, 0.0361623540520668, -0.016214579343795776, 0.010818185284733772, -0.014226702973246574, -0.0021420898847281933, -0.0038526407442986965, 0.05903974920511246, -0.024879490956664085, -0.03593044355511665, 0.0502396784722805, -0.05514530837535858, 0.019557341933250427, 0.013055122457444668, -0.010751056484878063, 0.039782747626304626, 0.013016249984502792, -0.024031369015574455, 0.02757464163005352, 0.014433538541197777, -0.03397630527615547, 0.007648766972124577, 0.027066711336374283, 0.037725310772657394, 0.10774821043014526, -0.02476680651307106, -0.023567916825413704, -0.038719914853572845, 0.03675733879208565, -0.10491921752691269, -0.0004987099673599005, 0.0021111618261784315, -0.027823563665151596, 0.05817050859332085, 0.0021185942459851503, 0.05044988915324211, -0.07546007633209229, -0.012808889150619507, -0.024420883506536484, 0.005582038778811693, 0.03697818145155907, 0.01573445089161396, 0.03876575827598572, 0.0071490174159407616, 0.01579941064119339, -0.02112921141088009, -0.02489587478339672, 0.04289598390460014, 0.026943475008010864, -0.05859891697764397, 0.04615023732185364, 0.022213220596313477, -0.05959150195121765, 0.012914586812257767, 0.029865410178899765, -0.02601776458323002, 0.005935263819992542, -0.00407533161342144, -0.013388280756771564, -0.010933400131762028, 0.05730268731713295, 0.006581441033631563, 0.003622097661718726, 0.01601574756205082, -0.052636053413152695, -0.07110440731048584, 0.03390086814761162, -0.01516792643815279, 0.04856639727950096, 0.0019895457662642, 0.01000062096863985, -0.009873561561107635, 0.038391366600990295, 0.048663243651390076, -0.017056165263056755, 0.020994141697883606, 0.04844948649406433, 0.008463094010949135, 0.019694553688168526, 0.00329155963845551, -0.08894582092761993, -0.015472330152988434, -0.019481001421809196, 0.0010868143290281296, -0.014889673329889774, 0.02766314707696438, -0.0017026282148435712, -0.028972601518034935, 0.036028675734996796, -0.02800898253917694, 0.04464145377278328, -0.02965102158486843, -0.004627486690878868, -0.034368205815553665, -0.025019846856594086, 0.03532896563410759, -0.07723118364810944, -0.10030503571033478, -0.01710912026464939, 0.0019219464156776667, -0.032824546098709106, 0.008617943152785301, -0.05948520451784134, -0.03763094171881676, -0.07042203843593597, 0.035375162959098816, -0.05335618183016777, -0.021756628528237343, -0.08323267102241516, 0.03743508458137512, -0.010871224105358124, -0.02575680986046791, 0.039380237460136414, -0.05724900960922241, 0.03529898822307587, 0.035427432507276535, 0.016330352053046227, 0.034218914806842804, 0.0297585129737854, -0.008283584378659725, 0.018788786605000496, 0.004582535475492477, 0.026545409113168716, 0.0015217028558254242, -0.011459930799901485, -0.01238346379250288, -0.056665342301130295, 0.07772742956876755, 0.02864629216492176, -0.021593941375613213, 0.03426516428589821, -0.048767462372779846, -0.01360306516289711, -0.05144050344824791, -0.0029064922127872705, 0.0021236923057585955, 0.014751976355910301, 0.0031335477251559496, -0.06732644140720367, 0.02110748365521431, -0.004412822891026735, 0.007859534583985806, -0.011571358889341354, -0.04129825532436371, 0.002345743589103222, -0.0170991662889719, 0.015402114950120449, -0.021956970915198326, -0.008777094073593616, -0.0936729684472084, 0.048301637172698975, 0.07565644383430481, -0.027016546577215195, 0.046271517872810364, -0.0065015265718102455, 0.005500058643519878, -0.015626242384314537, 0.051339291036129, -0.034003403037786484, -0.004877869505435228, -0.014696795493364334, -0.0038156809750944376, 0.002711422508582473, -0.03699171543121338, -0.0576191321015358, 0.00035975442733615637, 0.0019079737830907106, -0.010310439392924309, 0.02086922712624073, -0.00012637987674679607, 0.0030851776245981455, 0.013343787752091885, -0.004620974417775869, -0.04833641275763512, 0.06076815724372864, -0.01222755666822195, -0.03603054955601692, 0.06853335350751877, 0.03181583061814308, -0.025771960616111755, 0.06894522905349731, -0.0010420629987493157, -0.011002290062606335, -0.031969260424375534, 0.050889790058135986, 0.018899105489253998, -0.07129674404859543, -0.018590174615383148, 0.08128698915243149, 0.003637497778981924, -0.08145494759082794, 0.03731120005249977, 0.05189898610115051, 0.009329455904662609, 0.013008398935198784, 0.03157130628824234, -0.05605325102806091, 0.002937770914286375, -0.007636117748916149, 0.03588045388460159, -0.03594108670949936, -0.05358656495809555, 0.03736676275730133, -0.010690208524465561, 0.009576426818966866, 0.004286738112568855, -0.03606060519814491, 0.07059736549854279, -0.036570362746715546, -0.02855265699326992, -0.008715546689927578, -0.011457727290689945, 0.054883070290088654, 0.051951754838228226, 0.050311751663684845, 0.041789710521698, 0.01629214733839035, -0.005880001932382584, 0.027263130992650986, -0.05554831400513649, 0.011439447291195393, 0.09579983353614807, -0.08200038969516754, 0.00035299258888699114, -0.06053003668785095, -0.021380415186285973, -0.06875709444284439, -0.0812351331114769, 0.02046564407646656, 0.03298911824822426, -0.020327480509877205, 0.00017677857249509543, 0.027530426159501076, -0.06475880742073059, -0.02832004614174366, -0.04314039647579193, -0.021092701703310013, 0.003777342615649104, -0.012942529283463955, 0.011526334099471569, -0.05244993418455124, 0.010032683610916138, -0.0029053003527224064, -0.026668552309274673, -0.024604950100183487, 0.0248409491032362, -0.0009255562908947468, -0.013339711353182793, 0.11529646813869476, -0.022257167845964432, 0.019037563353776932, 0.035980112850666046, -0.024925194680690765, 0.0414392314851284, -0.09733398258686066, -0.012186906300485134, 0.01539691910147667, 0.03532857075333595, -0.013549658469855785, -0.027825748547911644, -0.040111009031534195, 0.06820569187402725, -0.015424233861267567, 0.03800484910607338, -0.0630929097533226, 0.021969571709632874, -0.019807711243629456, -0.007578179705888033, 0.036897752434015274, -0.007385059259831905, 0.05678170919418335, -0.02176707610487938, -0.01339048519730568, -0.003078327514231205, -0.08766265958547592, 0.004091947805136442, -0.020383283495903015, -0.06523769348859787, 0.03472542762756348, -0.04123127833008766, 0.011566480621695518, -0.009061879478394985, 0.008289225399494171, -0.004756576847285032, 0.025367312133312225, 0.03161947801709175, -0.009531531482934952, 0.008442146703600883, -0.06832601130008698, 0.03880900517106056, -0.028392117470502853, -0.00045455078361555934, -0.047752924263477325, -0.01100135501474142, 0.0010348139330744743, 0.006613931152969599, 0.0012061265297234058, 0.006981115788221359, -0.018608538433909416, 0.04576689377427101, 0.020327936857938766, 0.0063266875222325325, -0.04762957617640495, -0.03370087221264839, -0.021588919684290886, -0.01465543918311596, 0.05650193616747856, 0.032756999135017395, 0.04961564019322395, 0.0514504499733448, 0.05162929370999336, 0.0028919177129864693, -0.014961687847971916, 0.034186359494924545, 0.0019460412440821528, -0.030724963173270226, -0.009985685348510742, -0.056830231100320816, 0.013236934319138527, 0.03057997301220894, 0.025487441569566727, -0.014824206940829754, -0.01663239300251007, 0.040247898548841476, 0.05223027616739273, -0.026701556518673897, -5.332925098118967e-33, 0.007846200838685036, -0.014752315357327461, 0.04081413522362709, -0.025113264098763466, 0.01172704715281725, 0.007470828481018543, 0.03567764535546303, -0.032017506659030914, -0.059539828449487686, 0.012331448495388031, -0.024413516744971275, 0.01689109019935131, 0.015323163010179996, 0.021956978365778923, 0.007831110619008541, 0.06356088072061539, -0.008673517033457756, 0.036369651556015015, -0.006413697265088558, -0.015891440212726593, -0.020239826291799545, 0.01167537085711956, 0.013714457862079144, -0.007937056012451649, -0.023920198902487755, -0.04538450390100479, -0.008420846424996853, 0.033786121755838394, 0.041010115295648575, 0.03439422696828842, 0.01878935471177101, -0.04963986575603485, 0.004940635059028864, -0.014959452673792839, 0.013477767817676067, -0.036887381225824356, -0.019582293927669525, 0.012747826986014843, -0.02498682215809822, 0.04883801192045212, 0.015107208862900734, 0.015490383841097355, 0.012981364503502846, -0.027111709117889404, -0.0007383927586488426, -0.02417975850403309, 0.0029365606606006622, 0.011141291819512844, 0.03870176523923874, -0.0035945989657193422, -0.058713167905807495, -0.013723579235374928, -0.02265242673456669, 0.03296992555260658, -0.023555435240268707, 0.0014263148186728358, 0.0004382382030598819, -0.0576372966170311, -0.029437631368637085, -0.013778186403214931, -0.04334089159965515, 0.0645383819937706, 0.02671128511428833, -0.03921828791499138, -0.01137499138712883, -0.004485880024731159, 0.04303983598947525, 0.0016941539943218231, 0.05710979178547859, -0.0037392147351056337, -0.03981504961848259, 0.04520471766591072, -0.05892086774110794, -0.044425927102565765, -0.010870839469134808, -0.0956617221236229, 0.013509728945791721, -0.0052928319200873375, -0.002340167062357068, 0.002671171212568879, 0.004465978126972914, 0.032177623361349106, -0.02112826146185398, -0.034278158098459244, 0.06211284548044205, -0.005410246085375547, -0.015306220389902592, -0.015327622182667255, 0.05370636656880379, 0.0023195226676762104, -0.015759587287902832, 0.028529739007353783, -0.0409211628139019, 0.003887098515406251, 0.036554500460624695, 0.005701127462089062, -0.04963839426636696, -0.019480256363749504, 0.00266990321688354, -0.015471276827156544, 0.010978952050209045, -0.02965853549540043, 0.02253725938498974, 0.014625576324760914, 0.0365692600607872, 0.040931642055511475, -0.01064057182520628, -0.038727596402168274, -0.0419420562684536, -0.019132111221551895, -0.008623096160590649, 0.015287552028894424, -0.02332303673028946, -0.014077337458729744, -0.04065433144569397, -0.027825364843010902, 0.03680825233459473, -0.053725242614746094, 0.0399358831346035, -0.025723889470100403, 0.007001037709414959, -0.01131623424589634, 0.05622154101729393, -0.036798711866140366, -0.011383935809135437, 0.01065252348780632, 0.007167470641434193, -0.02483045682311058, -0.04332435503602028, -0.04995572194457054, 0.006636888720095158, 0.018449461087584496, 2.547606072766939e-07, 0.006941407453268766, 0.05850941687822342, -0.027552716434001923, 0.0021441143471747637, -0.04241888225078583, -0.026289597153663635, -0.05188402161002159, -0.004235465545207262, 0.004220421891659498, 0.012984264642000198, -0.0454152449965477, -0.034796085208654404, -0.028259417042136192, -0.033535171300172806, -0.01808379776775837, -0.06502824276685715, -0.0007744177128188312, -0.010202188044786453, -0.05208759009838104, 0.04314863309264183, 0.02920295111835003, 0.0433557964861393, 0.06797850877046585, -0.0007884246879257262, 0.015687504783272743, -0.012657316401600838, -0.06185014545917511, 0.026490479707717896, 0.027282416820526123, 0.08083359897136688, 0.0287255197763443, -0.005786046385765076, 0.008795301429927349, 0.0293003898113966, -0.007588859181851149, 0.024747435003519058, 0.08506477624177933, 0.06344323605298996, -0.0033743095118552446, 0.06805634498596191, 0.01975933648645878, 0.004642849322408438, 0.014441253617405891, -0.005567795131355524, 0.058789633214473724, 0.03263946250081062, -0.027225809171795845, -0.03598324954509735, -0.07706399261951447, 0.003924026619642973, -0.026186082512140274, 0.0568370446562767, -0.037551481276750565, -0.03819313272833824, 0.001686500501818955, -0.03577890992164612, -0.06840971857309341, 0.0045057861134409904, 0.045464854687452316, 0.04589153453707695, -0.002230011159554124, -0.03928709775209427, 0.0018270007567480206, 0.0539809949696064, 0.10361522436141968, -0.00020771964045707136, 0.01417096983641386, 3.12219679567424e-34, 0.050117962062358856, 0.0032366414088755846, 0.05146406218409538, -0.035791561007499695, 0.03918278217315674, -0.05579857900738716, -0.008704092353582382, -0.02294410951435566, -0.01288571860641241, -0.023347845301032066, -0.046765368431806564]","{'Experience': "": 1 to 3 years ['Software Developer'] Apparel Sourcing Quality Garment Sourcing Reliable Partner Buyer/Vendor Communication Apparel Sourcing Quality Garment Sourcing Reliable Partner Buyer/Vendor Communication ['Jan 2019'] ['Till Date']"", 'Education': "": ['BCA', 'MCA'] ['Computers', 'Computers'] ['Dr. Virendra Swaroop Institute of Computer Studies, Kanpur', 'Pranveer Singh Institute of Technology, Kanpur'] Bachelor/Honors"", 'Skills': ': django, python, relational databases, restapi, github, jira, postgresql, software development, debugging, machine learning, natural language processing, artificial intelligence, data analysis, docker, tornado, software developer, project management, fast typing skill, ieltsinternet browsing online work ability., developing, designing, optimizing automation script, crons, managing database conflicts, executing solution'}",target position business development executive objective skills django python relational databases restapi github jira postgresql software development debugging machine learning natural language processing artificial intelligence data analysis docker tornado software developer project management fast typing skill ieltsinternet browsing online work ability. developing designing optimizing automation script crons managing database conflicts executing solution education bca mca computers computers dr. virendra swaroop institute of computer studies kanpur pranveer singh institute of technology kanpur bachelor honors experience 1 to 3 years software developer apparel sourcing quality garment sourcing reliable partner buyer vendor communication apparel sourcing quality garment sourcing reliable partner buyer vendor communication jan 2019 till date,"['target', 'position', 'business', 'development', 'executive', 'objective', 'skill', 'django', 'python', 'relational', 'database', 'restapi', 'github', 'jira', 'postgresql', 'software', 'development', 'debugging', 'machine', 'learning', 'natural', 'language', 'processing', 'artificial', 'intelligence', 'data', 'analysis', 'docker', 'tornado', 'software', 'developer', 'project', 'management', 'fast', 'typing', 'skill', 'ieltsinternet', 'browsing', 'online', 'work', 'ability', 'developing', 'designing', 'optimizing', 'automation', 'script', 'crons', 'managing', 'database', 'conflict', 'executing', 'solution', 'education', 'bca', 'mca', 'computer', 'computer', 'dr', 'virendra', 'swaroop', 'institute', 'computer', 'study', 'kanpur', 'pranveer', 'singh', 'institute', 'technology', 'kanpur', 'bachelor', 'honor', 'experience', 'year', 'software', 'developer', 'apparel', 'sourcing', 'quality', 'garment', 'sourcing', 'reliable', 'partner', 'buyer', 'vendor', 'communication', 'apparel', 'sourcing', 'quality', 'garment', 'sourcing', 'reliable', 'partner', 'buyer', 'vendor', 'communication', 'jan', 'till', 'date']",target position business development executive objective skill django python relational database restapi github jira postgresql software development debugging machine learning natural language processing artificial intelligence data analysis docker tornado software developer project management fast typing skill ieltsinternet browsing online work ability developing designing optimizing automation script crons managing database conflict executing solution education bca mca computer computer dr virendra swaroop institute computer study kanpur pranveer singh institute technology kanpur bachelor honor experience year software developer apparel sourcing quality garment sourcing reliable partner buyer vendor communication apparel sourcing quality garment sourcing reliable partner buyer vendor communication jan till date
cand_00010,10,Mechanical Designer,"Target position: Mechanical Designer Objective: Enthusiastic, knowledgeable professional with experience and proven success in program and project management, online and instructor led design, development and facilitation. Outstanding problem-solving skills, as proven through implementation of accounting software packages, significantly improving billing and reporting processes. Excellent management skills, encouraging career growth of subordinates through additional training and opportunities. Keep up-to-date with industry changes through professional affiliation. Skills: microsoft office suite, videoscribe software, peoplesoft finance applications, accounting, billing, change management, contracts, client relations, database, delivery, eclipse, finance, financial reporting, financial statements, front office, hiring, instructor, instructional design, leadership training, logistics, managing, needs analysis, payables, peoplesoft hrms, peoplesoft, personnel, program management, project management, project plans, teaching, training materials, training design and development, training material, training programs, upgrade, view, autocad, solidworks, training facilitation, development, training management, database management, online course instruction Education: ['Master of Science', 'Bachelor of Science', 'Bachelor of Science'] ['Education with an option in Online Teaching and Learning', 'Accounting', 'Business Administration'] ['CALIFORNIA STATE UNIVERSITY, HAYWARD', 'UNIVERSITY OF MARYLAND, COLLEGE PARK', 'COLLEGE OF ARTS, SCIENCE, AND TECHNOLOGY'] Bachelor’s degree in Mechanical Engineering from a reputed institute. Experience: At least 5 years ['Senior Manager', 'Instructional Designer/Training Manager/Database Manager/Senior Accountant', 'Online Course Instructor'] Design Creation CAD Drawings Design Optimization Team Collaboration Compliance Assurance Design Reviews Manufacturing Support Documentation Design Creation CAD Drawings Design Optimization Team Collaboration Compliance Assurance Design Reviews Manufacturing Support Documentation ['January 1995', 'January 2003', 'January 1993'] ['Current', 'January 2004', 'January 1995']","[""microsoft office suite"", ""videoscribe software"", ""peoplesoft finance applications"", ""accounting"", ""billing"", ""change management"", ""contracts"", ""client relations"", ""database"", ""delivery"", ""eclipse"", ""finance"", ""financial reporting"", ""financial statements"", ""front office"", ""hiring"", ""instructor"", ""instructional design"", ""leadership training"", ""logistics"", ""managing"", ""needs analysis"", ""payables"", ""peoplesoft hrms"", ""peoplesoft"", ""personnel"", ""program management"", ""project management"", ""project plans"", ""teaching"", ""training materials"", ""training design and development"", ""training material"", ""training programs"", ""upgrade"", ""view"", ""autocad"", ""solidworks"", ""training facilitation"", ""development"", ""training management"", ""database management"", ""online course instruction""]","[""microsoft office suite"", ""videoscribe software"", ""peoplesoft finance applications"", ""accounting"", ""billing"", ""change management"", ""contracts"", ""client relations"", ""database"", ""delivery"", ""eclipse"", ""finance"", ""financial reporting"", ""financial statements"", ""front office"", ""hiring"", ""instructor"", ""instructional design"", ""leadership training"", ""logistics"", ""managing"", ""needs analysis"", ""payables"", ""peoplesoft hrms"", ""peoplesoft"", ""personnel"", ""program management"", ""project management"", ""project plans"", ""teaching"", ""training materials"", ""training design and development"", ""training material"", ""training programs"", ""upgrade"", ""view"", ""autocad"", ""solidworks"", ""training facilitation"", ""development"", ""training management"", ""database management"", ""online course instruction""]","['Master of Science', 'Bachelor of Science', 'Bachelor of Science'] ['Education with an option in Online Teaching and Learning', 'Accounting', 'Business Administration'] ['CALIFORNIA STATE UNIVERSITY, HAYWARD', 'UNIVERSITY OF MARYLAND, COLLEGE PARK', 'COLLEGE OF ARTS, SCIENCE, AND TECHNOLOGY'] Bachelor’s degree in Mechanical Engineering from a reputed institute.","At least 5 years ['Senior Manager', 'Instructional Designer/Training Manager/Database Manager/Senior Accountant', 'Online Course Instructor'] Design Creation
CAD Drawings
Design Optimization
Team Collaboration
Compliance Assurance
Design Reviews
Manufacturing Support
Documentation Design Creation
CAD Drawings
Design Optimization
Team Collaboration
Compliance Assurance
Design Reviews
Manufacturing Support
Documentation ['January 1995', 'January 2003', 'January 1993'] ['Current', 'January 2004', 'January 1995']",5.0,INFORMATION-TECHNOLOGY,"[0.037690091878175735, 0.030436359345912933, -0.04457204043865204, -0.011427867226302624, 0.0407644584774971, 0.015341704711318016, -0.03555784747004509, 0.05982112139463425, -0.0907972902059555, -0.04686130955815315, -0.031195692718029022, 0.007019318174570799, 0.03224994242191315, 0.006167053710669279, 0.01674276776611805, -0.00010484894301043823, -0.028949862346053123, 0.055467505007982254, -0.030012091621756554, 0.02352423407137394, -0.002246632007881999, 0.010395034216344357, -0.04897105693817139, 0.01720917969942093, 0.009457837790250778, -0.0022488778922706842, 0.0031943058129400015, 0.02710682898759842, -0.002042813692241907, -0.009120535105466843, 0.01847265660762787, 0.0193540770560503, -0.0012223958037793636, -0.07003866881132126, 2.1295725218806183e-06, 0.009397096931934357, -0.0007134101470001042, -0.01370340958237648, 0.01676204800605774, 0.0005831815069541335, 0.03226659819483757, -0.03413410112261772, -0.0015896696131676435, 0.005451831966638565, -0.00571700744330883, 0.03153602406382561, 0.008022730238735676, 0.03824106976389885, 0.02514505572617054, 5.3883813961874694e-05, 0.003256670432165265, -0.020998116582632065, -0.0009298880468122661, -0.043442338705062866, -0.05438585951924324, -0.05609254166483879, -0.008514267392456532, 0.011179673485457897, 0.049576520919799805, -0.01821570098400116, -0.014392070472240448, -0.01137050986289978, -0.01079450361430645, -0.03158010169863701, 0.0908573791384697, 0.015462378039956093, 0.02195761725306511, -0.007352542132139206, 0.03191513195633888, 0.010624191723763943, 0.06711624562740326, 0.014664778485894203, -0.012416231445968151, 0.0021573235280811787, 0.0218533705919981, 0.012147828005254269, 0.02489154413342476, -0.04312524199485779, -0.007151056546717882, 0.008583038114011288, -0.023576905950903893, 0.016780395060777664, -0.07882921397686005, -0.04326435551047325, 0.05997306853532791, -0.01878281496465206, -0.057082097977399826, -0.01715868152678013, 0.04214468598365784, -0.0021578148007392883, 0.04028940573334694, 0.009545267559587955, -0.0005464839050546288, 0.02642400562763214, -0.00103248399682343, -0.002868455369025469, 0.036704227328300476, -0.014298073947429657, 0.03435167297720909, -0.0022756613325327635, 0.009064391255378723, 0.025632351636886597, 0.06684233248233795, 0.010455859825015068, -0.05122746154665947, 0.04498269408941269, -0.030850538983941078, -0.004670549649745226, -0.07840321213006973, 0.04807443544268608, -0.002154031302779913, -0.006792989559471607, -0.07112207263708115, -0.04517995938658714, 0.004344827961176634, 0.05487501621246338, -0.024904321879148483, 0.008300474844872952, 0.012706449255347252, -0.008766688406467438, 0.07644952833652496, 0.035932108759880066, 0.00806392077356577, 0.045371927320957184, -0.07278674840927124, 0.012497667223215103, 0.02686949633061886, 0.01579263061285019, -0.003822035389021039, 0.04127923771739006, 0.033329855650663376, 0.016317736357450485, -0.013991858810186386, 0.02206876128911972, 0.002246151678264141, 0.06681498885154724, -0.0317099392414093, 0.06627088785171509, -0.04987425357103348, 0.009420573711395264, 0.006141228135675192, 0.031148036941885948, -0.025322768837213516, 0.03267556428909302, -0.03728165850043297, -0.04790978878736496, -0.03945351392030716, 0.027697496116161346, 0.05215431749820709, -0.003861908568069339, 0.029664775356650352, -0.039738841354846954, 0.014874624088406563, 0.0015749128069728613, 0.0497085377573967, 0.006239863112568855, 0.025164173915982246, 0.014610889367759228, -0.0001399751490680501, 0.04443008825182915, -0.010395382530987263, -0.024716747924685478, -0.012353707104921341, 0.06339502334594727, -0.08196156471967697, 0.019777417182922363, 0.046406518667936325, 0.035803813487291336, -0.005313084460794926, 0.028526144102215767, 7.028553955024108e-05, -0.03230015188455582, -0.03878600150346756, 0.10378000885248184, -0.02521560527384281, -0.0483272410929203, 0.046991441398859024, -0.043706055730581284, 0.026610612869262695, 0.04394048452377319, -0.024501333013176918, -0.1383206844329834, 0.022297870367765427, 0.01710551418364048, -0.018131593242287636, 0.04130273684859276, -0.03869929909706116, 0.015208826400339603, -0.05104608088731766, -0.006750836037099361, 0.03285466879606247, 0.006894975900650024, -0.08727036416530609, 0.003311073174700141, 0.05937623232603073, 0.04267007112503052, -0.07302024215459824, 0.004363235551863909, -0.004109567496925592, -0.009193145669996738, -0.04620877653360367, -0.01424961257725954, -0.05598847568035126, 0.032784346491098404, 0.03512203320860863, -0.030663788318634033, -0.022858386859297752, -0.05378725379705429, -0.022981785237789154, 0.018679479137063026, 0.06297232210636139, -0.011941313743591309, -0.003634718246757984, 0.025466766208410263, -0.01421947032213211, 0.011827592737972736, -0.02091016247868538, 0.023895440623164177, 0.018018880859017372, -0.0414348803460598, -0.02271464839577675, 0.010615486651659012, -0.04211056977510452, 0.024894319474697113, 0.00911597441881895, -0.05270112678408623, 0.027266710996627808, -0.0014135201927274466, 0.0037758788093924522, 0.04167700558900833, -0.005397188011556864, 0.017534013837575912, 0.03387466445565224, -0.03501724824309349, -0.023274090141057968, 0.0007470539421774447, -0.011192605830729008, 0.04061383754014969, 0.018387503921985626, -0.01245200913399458, -0.06990347057580948, -0.034447263926267624, 0.01763678342103958, 0.027065210044384003, -0.0025447390507906675, -0.0037761505227535963, -0.00731975631788373, 0.023281000554561615, 0.021161861717700958, 0.01701195165514946, 0.0021444670855998993, -0.0018873856170102954, 0.02623959816992283, 0.06183559074997902, 0.007988215424120426, 0.020578086376190186, -0.047529030591249466, 0.05737679824233055, -0.09602680802345276, -0.034049902111291885, -0.0018239241326227784, -0.07029082626104355, -0.0036374342162162066, -0.022747155278921127, 0.07142972201108932, -0.02662670984864235, -0.007382296025753021, -0.020410969853401184, -0.0321965366601944, 0.04135407879948616, -0.0013749628560617566, 0.04192669689655304, -0.01818903163075447, -0.03135926276445389, -0.026168912649154663, -0.020756887272000313, -0.014576179906725883, 0.0233344417065382, -0.0530477873980999, 0.02406398393213749, 0.0047624181024730206, -0.0533674955368042, 0.025489451363682747, 0.0030868705362081528, -0.01751304604113102, -0.030165424570441246, 0.057962656021118164, -0.03377131000161171, -0.06347669661045074, 0.07743197679519653, -0.008175945840775967, -0.0009336465736851096, 0.03912768512964249, -0.0701218768954277, -0.03747411072254181, 0.015121928416192532, -0.0161586944013834, 0.03229283168911934, -0.04378098249435425, 0.06882087141275406, -0.022744517773389816, 0.04600629210472107, 0.03071645088493824, -0.018246255815029144, 0.033810101449489594, 0.05515025556087494, 0.04817304387688637, 0.05027533322572708, -0.007659117225557566, -0.08576273918151855, -0.013233481906354427, 0.01270314771682024, 0.034413184970617294, -0.023685667663812637, 0.044793132692575455, -0.0182670745998621, -0.004094984382390976, -0.016046423465013504, -0.0009603605722077191, 0.03536536172032356, 0.001961474074050784, 0.021052083000540733, -0.04960405081510544, -0.04568611457943916, 0.035258445888757706, 0.0004514811444096267, -0.0650644302368164, -0.01501074992120266, 0.0068598524667322636, -0.050867192447185516, -0.023798396810889244, 0.02092410996556282, -0.011829189956188202, -0.03057495877146721, 0.05833960697054863, -0.011636067181825638, 0.01874392479658127, -0.07245281338691711, -0.0062878867611289024, -0.003858020296320319, -0.043447136878967285, -0.014146429486572742, -0.059841230511665344, 0.04496261477470398, 0.030204463750123978, -0.00306287151761353, 0.005645778961479664, 0.01495097391307354, -0.02146601490676403, 0.018434133380651474, 0.0295199416577816, 0.04657933861017227, -0.0130251320078969, 0.005357376765459776, -0.031087275594472885, -0.004411511588841677, 0.04158257320523262, 0.05652040243148804, -0.027773892506957054, -0.019983679056167603, -0.030232848599553108, -0.008526437915861607, 0.029876917600631714, -0.010149965062737465, -0.008937817066907883, 0.004021162167191505, 0.02728097513318062, -0.0040324991568923, 0.02997337095439434, -0.01250553596764803, -0.03436201810836792, 0.011210370808839798, -0.0020143601577728987, -0.022568918764591217, -0.01020623929798603, -0.022054176777601242, -0.020797964185476303, 0.04422611743211746, -0.009095435962080956, 0.012562439776957035, 0.0702938586473465, -0.004452625755220652, 0.06849747151136398, -0.028596974909305573, 0.030296586453914642, -0.04041055217385292, 0.015687081962823868, 0.005933466367423534, -0.012179015204310417, 0.008903185836970806, -0.01050802692770958, -0.008491340093314648, -0.06918501108884811, 0.0008508547907695174, -0.013484669849276543, 0.0032260282896459103, -0.03950698301196098, -0.012260178104043007, 0.0038016887847334146, 0.020856991410255432, 0.028401466086506844, -0.029795581474900246, -0.04048161953687668, 0.03508353605866432, 0.027635321021080017, -0.043882817029953, 0.11134781688451767, -0.0048709106631577015, -0.004298585467040539, 0.015718717128038406, 0.023936457931995392, 0.0059450664557516575, -0.02025524340569973, 0.04904405027627945, -0.04388585686683655, -0.04981232434511185, -0.0010964376851916313, 0.027996094897389412, 0.02265019342303276, -0.08306024968624115, 0.04415208846330643, 0.03141219541430473, 0.05463346093893051, -0.00418470986187458, 0.0967348963022232, -0.0392228364944458, 0.018252098932862282, -0.034395311027765274, -0.0047416528686881065, -0.060903701931238174, -0.08000688254833221, 0.06150716915726662, -0.002689027925953269, 0.024132905527949333, 0.00909234955906868, 0.017184196040034294, 0.0023993956856429577, -0.05459968000650406, 0.030114732682704926, -0.0006176668102853, 0.02888692170381546, 0.02122025191783905, 0.03793307766318321, 0.012899654917418957, -0.007366538047790527, -0.009587947279214859, -0.007638621609658003, -0.00982592161744833, -0.04640280827879906, 0.001447447226382792, 0.09827395528554916, -0.033750757575035095, -0.010394842363893986, -0.06321750581264496, -0.029014194384217262, -0.04524073749780655, -0.050895292311906815, 0.05517294630408287, 0.021913720294833183, -0.026205571368336678, -0.0017659426666796207, 0.031245389953255653, -0.04813433438539505, -0.017495181411504745, -0.015552842989563942, -0.030509334057569504, -0.0041482592932879925, 0.01392295490950346, 0.0029552492778748274, -0.07875654101371765, 0.051713548600673676, -0.013437892310321331, -0.04337822645902634, -0.008180000819265842, -0.0027028159238398075, 0.00351711711846292, -0.036336008459329605, 0.10907348245382309, -0.04924038425087929, 0.009327348321676254, 0.0740179643034935, -0.06089223548769951, 0.024225197732448578, -0.03669513761997223, -0.016491590067744255, 0.013121981173753738, 0.047925591468811035, 0.00542583130300045, -0.018801528960466385, -0.024220336228609085, 0.08335143327713013, -0.060019344091415405, 0.007272814866155386, -0.07208019495010376, 0.050511375069618225, -0.0005913040949963033, 0.018746597692370415, 0.08313996344804764, -0.03306791931390762, 0.032520461827516556, -0.07545382529497147, -0.016569359228014946, 0.023323750123381615, -0.05158248543739319, -0.009623638354241848, -0.012270803563296795, -0.04764525964856148, 0.04351164773106575, -0.03673441708087921, 0.05927823483943939, -0.03135501220822334, 0.03579645976424217, -0.024538302794098854, -0.0035660627763718367, -0.02572716772556305, 0.0015966627979651093, -0.022650770843029022, -0.03275337070226669, 0.01514107920229435, -0.01176776085048914, 0.02233428694307804, -0.022311653941869736, -0.010090203955769539, 0.0264446884393692, -0.0316716805100441, -0.026634540408849716, 0.0339350551366806, 0.05252822861075401, -0.015494654886424541, -0.005770975723862648, -0.02138018049299717, -0.04776262119412422, -0.08177409321069717, 0.039768192917108536, -0.009516741149127483, 0.06272880733013153, 0.05731610953807831, 0.024638786911964417, 0.0008945643785409629, 0.020433397963643074, -0.05823478102684021, 0.0031064345967024565, 0.02060728520154953, 0.013006441295146942, -0.0027188046369701624, 0.0019192468607798219, -0.04892640560865402, 0.009609260596334934, 0.0016670575132593513, -0.004870830103754997, -0.025357957929372787, -0.037851158529520035, 0.044691018760204315, 0.05786054953932762, -0.02182878740131855, -5.3084546118127084e-33, 0.007246286142617464, -0.025996731594204903, 0.026859024539589882, -0.013052965514361858, -0.02075224183499813, -0.021605880931019783, 0.04591451212763786, 0.0006235433393158019, -0.05065358057618141, -0.01907825656235218, -0.01652425527572632, -0.008189544081687927, 0.005057772621512413, 0.020307796075940132, 0.004638605751097202, 0.062127187848091125, 0.001762662548571825, -0.037123847752809525, 0.024441121146082878, -0.042774613946676254, -0.10536085069179535, 0.006348345894366503, 0.023356113582849503, 0.0030371833126991987, -0.010629852302372456, -0.026020413264632225, -0.030903588980436325, 0.027605518698692322, 0.048308297991752625, -0.014525131322443485, 0.02916119620203972, -0.033481232821941376, -0.0028600168880075216, -0.005323401652276516, 0.009995360858738422, -0.020361555740237236, -0.027695368975400925, -0.004992344882339239, -0.016073737293481827, 0.03517207130789757, 0.061621055006980896, -0.0008946054731495678, 0.029639489948749542, -0.018708785995841026, 0.0030831494368612766, -0.04588758572936058, -0.002495206892490387, 0.0028367675840854645, 0.04017457365989685, 0.022561362013220787, -0.08457885682582855, -0.0011437808861956, -0.01825343817472458, 0.05454837530851364, -0.027395280078053474, 0.04917821288108826, -0.002074524760246277, -0.02998865395784378, -0.011612284928560257, -0.014866147190332413, -0.0038766509387642145, 0.022755727171897888, 0.032366055995225906, -0.0502992607653141, -0.011490119621157646, 0.0037870490923523903, 0.05418411269783974, 0.04594568908214569, -0.007342205382883549, -0.07785344123840332, -0.017444578930735588, 0.05482620745897293, -0.014143122360110283, -0.016799693927168846, -0.017470210790634155, -0.023263921961188316, -0.0029701099265366793, 0.009580391459167004, 0.0072968704625964165, 0.020504716783761978, -0.012405261397361755, 0.012883579358458519, -0.04139581322669983, -0.01057886891067028, 0.04848892614245415, -0.047265730798244476, -0.005444088485091925, 0.012025152333080769, 0.03272836282849312, 0.011629349552094936, 0.033212579786777496, -0.024435529485344887, -0.05674176663160324, 0.007874729111790657, 0.08274155855178833, -0.02410736121237278, 0.018420450389385223, -0.016040636226534843, -0.0010187000734731555, -0.0030990412924438715, -0.027620822191238403, 0.035034988075494766, -0.015328829176723957, 0.03575923666357994, 0.031048420816659927, -0.0018696562619879842, -0.04476669430732727, -0.036781296133995056, -0.035075437277555466, 0.00662633404135704, -0.004079478792846203, -0.03378510847687721, -0.0062088691629469395, -0.016097327694296837, -0.04585261642932892, -0.004093509633094072, 0.0024042148143053055, -0.07764172554016113, 0.013795510865747929, -0.057450953871011734, 0.011883788742125034, -0.027895523235201836, 0.005450798664242029, -0.018853237852454185, 0.008794446475803852, 0.004862599540501833, 0.03013746254146099, 0.0006558122113347054, -0.008556440472602844, -0.0593252032995224, 0.026298386976122856, 0.014277823269367218, 2.7669742053149093e-07, 0.027114110067486763, 0.013711519539356232, 0.0018843086436390877, 0.013781534507870674, -0.011010035872459412, -0.05537428706884384, -0.054594893008470535, -0.00754963606595993, 0.026395665481686592, 0.027690773829817772, 0.042855311185121536, -0.016926251351833344, -0.0074614910408854485, -0.0704701840877533, -0.01823638752102852, -0.08182419836521149, 0.0550861656665802, -0.031046822667121887, -0.024861779063940048, 0.042956337332725525, 0.10864216834306717, 0.027253450825810432, 0.03905828297138214, -0.0175457876175642, -0.007378756999969482, 0.029828384518623352, -0.04150420427322388, 0.008938190527260303, 0.029803654178977013, -0.00566145870834589, 0.06183416768908501, -0.040764112025499344, -0.016000257804989815, 0.060978151857852936, -0.00013792265963274986, 0.0008629882941022515, 0.07358773052692413, 0.07480999827384949, -0.011783331632614136, 0.0523591972887516, 0.0373927503824234, -0.0027120080776512623, 0.013612212613224983, 0.023790044710040092, -0.012011725455522537, -0.006013799458742142, 0.01330441515892744, 0.02556881122291088, -0.10880415141582489, 0.04470221698284149, -0.03775639832019806, 0.09273914992809296, 0.004549904726445675, -0.03104972280561924, 0.025322100147604942, -0.04173728823661804, -0.07942410558462143, 0.05248665809631348, 0.04667631536722183, 0.015834199264645576, -0.029139431193470955, -0.0026285576168447733, 0.02671058289706707, 0.007642527110874653, 0.11163191497325897, -0.011337724514305592, -0.006294020917266607, 3.0371300347605733e-34, -0.02814985252916813, -0.04208451136946678, 0.031345121562480927, 0.005360533948987722, 0.03507666289806366, -0.023925649002194405, 0.022336553782224655, 0.0034672992769628763, -0.0006036381237208843, -0.034487929195165634, -0.017523014917969704]","{'Experience': 'and proven success in program and project management, online and instructor led design, development and facilitation. Outstanding problem-solving', 'Education': "": ['Master of Science', 'Bachelor of Science', 'Bachelor of Science'] ['Education with an option in Online Teaching and Learning', 'Accounting', 'Business Administration'] ['CALIFORNIA STATE UNIVERSITY, HAYWARD', 'UNIVERSITY OF MARYLAND, COLLEGE PARK', 'COLLEGE OF ARTS, SCIENCE, AND TECHNOLOGY'] Bachelor’s degree in Mechanical Engineering from a reputed institute."", 'Skills': ', as proven through implementation of accounting software packages, significantly improving billing and reporting processes. Excellent management skills, encouraging career growth of subordinates through additional training and opportunities. Keep up-to-date with industry changes through professional affiliation. Skills: microsoft office suite, videoscribe software, peoplesoft finance applications, accounting, billing, change management, contracts, client relations, database, delivery, eclipse, finance, financial reporting, financial statements, front office, hiring, instructor, instructional design, leadership training, logistics, managing, needs analysis, payables, peoplesoft hrms, peoplesoft, personnel, program management, project management, project plans, teaching, training materials, training design and development, training material, training programs, upgrade, view, autocad, solidworks, training facilitation, development, training management, database management, online course instruction'}",target position mechanical designer objective enthusiastic knowledgeable professional with experience and proven success in program and project management online and instructor led design development and facilitation. outstanding problem solving skills as proven through implementation of accounting software packages significantly improving billing and reporting processes. excellent management skills encouraging career growth of subordinates through additional training and opportunities. keep up to date with industry changes through professional affiliation. skills microsoft office suite videoscribe software peoplesoft finance applications accounting billing change management contracts client relations database delivery eclipse finance financial reporting financial statements front office hiring instructor instructional design leadership training logistics managing needs analysis payables peoplesoft hrms peoplesoft personnel program management project management project plans teaching training materials training design and development training material training programs upgrade view autocad solidworks training facilitation development training management database management online course instruction education master of science bachelor of science bachelor of science education with an option in online teaching and learning accounting business administration california state university hayward university of maryland college park college of arts science and technology bachelor s degree in mechanical engineering from a reputed institute. experience at least 5 years senior manager instructional designer training manager database manager senior accountant online course instructor design creation cad drawings design optimization team collaboration compliance assurance design reviews manufacturing support documentation design creation cad drawings design optimization team collaboration compliance assurance design reviews manufacturing support documentation january 1995 january 2003 january 1993 current january 2004 january 1995,"['target', 'position', 'mechanical', 'designer', 'objective', 'enthusiastic', 'knowledgeable', 'professional', 'experience', 'proven', 'success', 'program', 'project', 'management', 'online', 'instructor', 'led', 'design', 'development', 'facilitation', 'outstanding', 'problem', 'solving', 'skill', 'proven', 'implementation', 'accounting', 'software', 'package', 'significantly', 'improving', 'billing', 'reporting', 'process', 'excellent', 'management', 'skill', 'encouraging', 'career', 'growth', 'subordinate', 'additional', 'training', 'opportunity', 'keep', 'date', 'industry', 'change', 'professional', 'affiliation', 'skill', 'microsoft', 'office', 'suite', 'videoscribe', 'software', 'peoplesoft', 'finance', 'application', 'accounting', 'billing', 'change', 'management', 'contract', 'client', 'relation', 'database', 'delivery', 'eclipse', 'finance', 'financial', 'reporting', 'financial', 'statement', 'front', 'office', 'hiring', 'instructor', 'instructional', 'design', 'leadership', 'training', 'logistics', 'managing', 'need', 'analysis', 'payable', 'peoplesoft', 'hrms', 'peoplesoft', 'personnel', 'program', 'management', 'project', 'management', 'project', 'plan', 'teaching', 'training', 'material', 'training', 'design', 'development', 'training', 'material', 'training', 'program', 'upgrade', 'view', 'autocad', 'solidworks', 'training', 'facilitation', 'development', 'training', 'management', 'database', 'management', 'online', 'course', 'instruction', 'education', 'master', 'science', 'bachelor', 'science', 'bachelor', 'science', 'education', 'option', 'online', 'teaching', 'learning', 'accounting', 'business', 'administration', 'california', 'state', 'university', 'hayward', 'university', 'maryland', 'college', 'park', 'college', 'art', 'science', 'technology', 'bachelor', 'degree', 'mechanical', 'engineering', 'reputed', 'institute', 'experience', 'least', 'year', 'senior', 'manager', 'instructional', 'designer', 'training', 'manager', 'database', 'manager', 'senior', 'accountant', 'online', 'course', 'instructor', 'design', 'creation', 'cad', 'drawing', 'design', 'optimization', 'team', 'collaboration', 'compliance', 'assurance', 'design', 'review', 'manufacturing', 'support', 'documentation', 'design', 'creation', 'cad', 'drawing', 'design', 'optimization', 'team', 'collaboration', 'compliance', 'assurance', 'design', 'review', 'manufacturing', 'support', 'documentation', 'january', 'january', 'january', 'current', 'january', 'january']",target position mechanical designer objective enthusiastic knowledgeable professional experience proven success program project management online instructor led design development facilitation outstanding problem solving skill proven implementation accounting software package significantly improving billing reporting process excellent management skill encouraging career growth subordinate additional training opportunity keep date industry change professional affiliation skill microsoft office suite videoscribe software peoplesoft finance application accounting billing change management contract client relation database delivery eclipse finance financial reporting financial statement front office hiring instructor instructional design leadership training logistics managing need analysis payable peoplesoft hrms peoplesoft personnel program management project management project plan teaching training material training design development training material training program upgrade view autocad solidworks training facilitation development training management database management online course instruction education master science bachelor science bachelor science education option online teaching learning accounting business administration california state university hayward university maryland college park college art science technology bachelor degree mechanical engineering reputed institute experience least year senior manager instructional designer training manager database manager senior accountant online course instructor design creation cad drawing design optimization team collaboration compliance assurance design review manufacturing support documentation design creation cad drawing design optimization team collaboration compliance assurance design review manufacturing support documentation january january january current january january
cand_00011,11,Asst. Manager/ Manger (Administrative),"Target position: Asst. Manager/ Manger (Administrative) Objective: Skills: python, tableau, power bi, sql, sas, deep learning, neural networks, artificial intelligence, health safety and environment, safety and security management, predictive data analysis, large scale data handling Education: ['BCA'] ['N/A'] ['NARSEE MONJEE INSTITUTE'] Bachelor/Honors Experience: At least 5 years ['BUSINESS ANALYST'] Administrative Support Scheduling Filing & Documentation Communication Team Support Equipment Maintenance Information Provision Inventory Management Team Collaboration OHS Policy Development Safety Advice Risk Assessment Policy Review OHS Training Safety Inspections Unsafe Act Prevention Incident Investigation Report Preparation Administrative Support Scheduling Filing & Documentation Communication Team Support Equipment Maintenance Information Provision Inventory Management Team Collaboration OHS Policy Development Safety Advice Risk Assessment Policy Review OHS Training Safety Inspections Unsafe Act Prevention Incident Investigation Report Preparation ['APR 2020'] ['TILL DATE']","[""python"", ""tableau"", ""power bi"", ""sql"", ""sas"", ""deep learning"", ""neural networks"", ""artificial intelligence"", ""health safety and environment"", ""safety and security management"", ""predictive data analysis"", ""large scale data handling""]","[""python"", ""tableau"", ""power bi"", ""sql"", ""sas"", ""deep learning"", ""neural networks"", ""artificial intelligence"", ""health safety and environment"", ""safety and security management"", ""predictive data analysis"", ""large scale data handling""]",['BCA'] ['N/A'] ['NARSEE MONJEE INSTITUTE'] Bachelor/Honors,"At least 5 years ['BUSINESS ANALYST'] Administrative Support
Scheduling
Filing & Documentation
Communication
Team Support
Equipment Maintenance
Information Provision
Inventory Management
Team Collaboration
OHS Policy Development
Safety Advice
Risk Assessment
Policy Review
OHS Training
Safety Inspections
Unsafe Act Prevention
Incident Investigation
Report Preparation Administrative Support
Scheduling
Filing & Documentation
Communication
Team Support
Equipment Maintenance
Information Provision
Inventory Management
Team Collaboration
OHS Policy Development
Safety Advice
Risk Assessment
Policy Review
OHS Training
Safety Inspections
Unsafe Act Prevention
Incident Investigation
Report Preparation ['APR 2020'] ['TILL DATE']",5.0,INFORMATION-TECHNOLOGY,"[0.04942949488759041, 0.024996591731905937, -0.027366699650883675, -0.04946410283446312, 0.063372403383255, 0.018063969910144806, -0.055478762835264206, 0.029754014685750008, 0.005568710155785084, -0.03849772736430168, 0.03913718834519386, 0.004397296346724033, 0.007936437614262104, 0.07577883452177048, 0.02295783720910549, -0.018803507089614868, -0.0047521330416202545, 0.02468964457511902, -0.04142751544713974, 0.019165905192494392, -0.012718521989881992, 0.029627373442053795, -0.0479884073138237, -0.011384962126612663, 0.010793060064315796, -0.0008622380555607378, -0.004648612346500158, 0.008889085613191128, -0.010932103730738163, -0.00349783874116838, 0.015413095243275166, -0.04877780005335808, -0.0022436806466430426, -0.06692839413881302, 2.246624489998794e-06, -0.023070599883794785, -0.006483520846813917, -0.01623675227165222, -0.003342299023643136, -0.047388236969709396, 0.02728842943906784, -0.031413208693265915, -0.003027180675417185, 0.057179760187864304, -0.021216291934251785, 0.02909892238676548, 0.03474197909235954, 0.006553996354341507, 0.037817955017089844, 0.06406257301568985, 0.0018564462661743164, -0.021671129390597343, -0.002814795123413205, -0.04107139632105827, -0.023352432996034622, -0.09302763640880585, -0.00021302420645952225, -0.020211415365338326, 0.013403837569057941, -0.0015189617406576872, 0.0076919253915548325, -0.03013872168958187, -0.044188324362039566, -0.03512241318821907, 0.04873248562216759, 0.0420759916305542, 0.03556731343269348, -0.029145296663045883, 0.016953367739915848, -0.0168876051902771, 0.02441198006272316, -0.0076398407109081745, -0.02348148263990879, 0.03869496285915375, 0.021023303270339966, -0.009044753387570381, -0.0011802392546087503, -0.019229255616664886, -0.0009759576641954482, 0.0054076253436505795, -0.0023035346530377865, 0.06281407922506332, -0.043536122888326645, -0.024818632751703262, 0.018995972350239754, 0.06504062563180923, -0.02850186824798584, -0.025768103078007698, 0.07656284421682358, -0.022771701216697693, 0.05596006661653519, 0.023572025820612907, 0.008177190087735653, 0.040104277431964874, -0.07841485738754272, -0.012068026699125767, 0.04955746605992317, -0.03391995280981064, 0.027538495138287544, 0.005055522080510855, 0.021901734173297882, 0.03003554791212082, 0.011009550653398037, 0.011627967469394207, -0.020335357636213303, 0.031924769282341, -0.012146196328103542, -0.00437095295637846, -0.049402639269828796, -0.019621308892965317, 0.01567084528505802, 0.01223017182201147, -0.04064152017235756, -0.06835614144802094, -0.012573817744851112, 0.08133217692375183, -0.0423160046339035, -0.021458260715007782, -0.003913606517016888, -0.0014501165132969618, 0.0824616327881813, 0.01409741211682558, -0.030345268547534943, 0.04181261360645294, -0.049310099333524704, -0.0276938509196043, 0.026816707104444504, 0.012452778406441212, 0.006565230432897806, 0.03560001403093338, -0.0005449090385809541, 0.029132526367902756, 0.026350529864430428, -0.00279146246612072, -0.006975848693400621, 0.050110239535570145, -0.001938298693858087, 0.05431248992681503, -0.07779219001531601, 0.031822726130485535, 0.014012375846505165, -0.0012464983155950904, 0.008328372612595558, 0.05474133417010307, -0.022994108498096466, -0.056036610156297684, -0.023973725736141205, 0.019323430955410004, 0.03010670654475689, 0.013319764286279678, -0.001500905491411686, -0.04053202271461487, -0.008350655436515808, -0.02184394933283329, 0.04875895008444786, 0.030969437211751938, 0.03118395432829857, -0.004706754814833403, -0.02377854660153389, 0.05876467376947403, -0.011442253366112709, -0.016621140763163567, 0.026716023683547974, 0.05084989219903946, -0.027964090928435326, 0.008460618555545807, 0.06630977243185043, 0.060763511806726456, -0.03256208449602127, 0.03293543681502342, 0.015164596028625965, -0.017572034150362015, -0.004992312286049128, 0.04967907816171646, -0.031430553644895554, 0.005729313008487225, 0.018718542531132698, -0.07294520735740662, 0.05289088934659958, 0.013835803605616093, -0.045174211263656616, -0.15053284168243408, 0.026428990066051483, 0.04905766621232033, -0.014051906764507294, 0.03919224068522453, -0.00010773272515507415, 0.03803914040327072, -0.03360508754849434, -0.0006998152239248157, 0.026166817173361778, -0.011508849449455738, -0.07328073680400848, -0.01653987541794777, 0.009727911092340946, 0.013091999106109142, -0.10071487724781036, -0.04013623297214508, -0.010022345930337906, -0.0329890102148056, -0.0614958256483078, -0.033216267824172974, -0.05804489180445671, 0.022477924823760986, 0.033883318305015564, -0.04500545561313629, -0.021984674036502838, -0.10908244550228119, -0.004746852442622185, 0.029433494433760643, 0.04833117127418518, -0.005654057953506708, -0.007822642102837563, -0.008280429057776928, -0.014118419960141182, 0.03189653530716896, 0.014838657341897488, -0.00849027931690216, 0.01525563932955265, -0.013011383824050426, -0.014562932774424553, 0.03237726539373398, -0.07574296742677689, 0.028396302834153175, 0.015280477702617645, -0.032279107719659805, 0.009591986425220966, 0.009193431586027145, 0.03658650815486908, 0.02094096690416336, 0.03308406472206116, 0.005654236301779747, -0.025162316858768463, -0.008289894089102745, -0.00689195841550827, 0.0001340939343208447, 0.0036119562573730946, 0.019296815618872643, -0.0230583343654871, 0.047255225479602814, -0.05363482981920242, 0.004786382429301739, 0.01503909844905138, 0.004378143697977066, 0.011360909789800644, 0.02805609256029129, -0.05934469401836395, 0.015546570532023907, 0.019721083343029022, 0.018715888261795044, 0.02118302509188652, 0.02658226154744625, 0.026475269347429276, 0.051203012466430664, -0.03702234476804733, -0.012030430138111115, -0.07860599458217621, 0.05459693446755409, -0.09050747752189636, -0.00288464711047709, -0.0026893813628703356, -0.024475427344441414, 0.024546360597014427, -0.017537221312522888, 0.05971481278538704, -0.041925668716430664, 0.021695422008633614, -0.026613127440214157, -0.0032204349990934134, 0.02152000367641449, 0.006284831091761589, 0.048650797456502914, 0.03296132758259773, -0.004456277005374432, 0.0001743947941577062, -0.03141013905405998, 0.019144056364893913, 0.032760415226221085, -0.038109783083200455, 0.031034205108880997, 0.018644850701093674, -0.04150305688381195, -0.00806362833827734, 0.026666000485420227, -0.021928608417510986, -0.013755202293395996, 0.00644440483301878, -0.019224300980567932, -0.02904115803539753, 0.0580296665430069, 0.016955683007836342, 0.007647261954843998, 0.00635420111939311, -0.038756903260946274, -0.06283526122570038, 0.00511762872338295, -0.01457881648093462, 0.06588927656412125, -0.01834050752222538, 0.0491059347987175, 0.015401775017380714, 0.05447351187467575, 0.06100856512784958, -0.005316434893757105, 0.028124893084168434, 0.04252956807613373, 0.048269372433423996, 0.027155693620443344, -0.010467085056006908, -0.08356236666440964, -0.01132917869836092, 0.012060757726430893, 0.03742760792374611, -0.027288896963000298, -0.005630959756672382, -0.04282171651721001, -0.07517385482788086, -0.006315383594483137, -0.028984177857637405, 0.05475233495235443, -0.010933708399534225, -0.0002700752520468086, -0.06629068404436111, -0.024129504337906837, 0.037877146154642105, -0.08866465091705322, -0.11811310052871704, -0.03530203923583031, 0.02112594246864319, -0.06777502596378326, 0.01399062480777502, -0.014315466396510601, -0.009528907015919685, -0.046819403767585754, -0.020270608365535736, -0.06630299240350723, -0.0025866369251161814, -0.07417558133602142, 0.008319862186908722, -0.01935654878616333, -0.023935945704579353, 0.036899127066135406, -0.0497920848429203, 0.03059419058263302, 0.04479184374213219, 0.002288125455379486, 0.007046813610941172, 0.02938232570886612, -0.08828413486480713, 0.04090062901377678, 0.017703644931316376, 0.07856873422861099, 0.015105189755558968, -0.0352029874920845, -0.026198862120509148, -0.04402115195989609, 0.06929650157690048, 0.03302622586488724, -0.04108206927776337, 0.015529878437519073, -0.018099891021847725, -0.00420403853058815, -0.01934347301721573, -0.021569915115833282, -0.014113910496234894, 0.011100768111646175, -0.011948616243898869, -0.04889640584588051, 0.018311362713575363, -0.0058600399643182755, -0.019862283021211624, -0.0045240214094519615, -0.001611342653632164, 0.0032740423921495676, -0.018506372347474098, -0.011635638773441315, -0.010840917937457561, -0.024511996656656265, -0.053558140993118286, 0.012150292284786701, 0.0776410847902298, 0.006355459801852703, 0.059915319085121155, 0.004216662608087063, 0.009355893358588219, -0.017630118876695633, 0.010344213806092739, -0.013719231821596622, -0.010971195064485073, 0.03424770012497902, 0.009672645479440689, -0.0004031693679280579, -0.06146019324660301, -0.02323315292596817, -0.0016513592563569546, -0.01165170967578888, 0.015429717488586903, -0.004028270021080971, 0.007460909895598888, -0.01957523077726364, 0.01995367370545864, 0.01667896658182144, -0.055283322930336, 0.03652998432517052, -0.016743822023272514, -0.03447144851088524, 0.05918876826763153, 0.02662624977529049, -0.02491144835948944, 0.06506004184484482, 0.013643265701830387, 0.010344305075705051, -0.017373304814100266, 0.07018548250198364, 0.026232432574033737, -0.05604309216141701, -0.0049865106120705605, 0.061448074877262115, 0.01963077299296856, -0.06604578346014023, 0.057157862931489944, 0.0589606948196888, 0.0734197348356247, 0.0036916446406394243, 0.04169989004731178, -0.05131096765398979, 0.030915383249521255, 0.01873231865465641, 0.036690860986709595, -0.06573817133903503, -0.048867613077163696, 0.06357517093420029, 0.019676707684993744, 0.039772432297468185, -0.008595635183155537, -0.014190050773322582, 0.06019582599401474, -0.034925129264593124, 0.002558450447395444, -0.0026259745936840773, -0.019553694874048233, 0.05398869886994362, 0.036106690764427185, 0.04831250011920929, -0.0002706240920815617, -0.007981783710420132, -0.011503985151648521, 0.058847617357969284, -0.057926032692193985, 0.014446655288338661, 0.10989681631326675, -0.04893216863274574, -0.005515467841178179, -0.056401945650577545, 0.03709006682038307, -0.05308627709746361, -0.043115679174661636, 0.0705173909664154, 0.01905311644077301, 0.0003698105865623802, -0.0045074597001075745, 0.03519435226917267, -0.04658794775605202, -0.0012500991579145193, -0.0017110115149989724, 0.027872828766703606, 0.003873296547681093, -0.005514820571988821, -0.011494834907352924, -0.05889062210917473, 0.01757657900452614, -0.028544967994093895, -0.028698021546006203, -0.012232154607772827, 0.030994750559329987, -0.036152344197034836, -0.006143876817077398, 0.08933041244745255, -0.015679167583584785, 0.015539445914328098, 0.041548386216163635, -0.04586508497595787, 0.05051529407501221, -0.08361674100160599, -0.03599918633699417, 0.008176254108548164, 0.004793199710547924, 0.023307334631681442, -0.0015692409360781312, -0.024243587628006935, 0.08456538617610931, -0.012068497017025948, 0.021593790501356125, -0.07158327847719193, 0.023896703496575356, -0.03739611431956291, 0.008616127073764801, 0.05660327151417732, -0.045095883309841156, 0.05873110517859459, -0.032017093151807785, -0.02175755985081196, -0.012446459382772446, -0.04509875923395157, -0.0007208922761492431, -0.018561452627182007, -0.03605835884809494, 0.026572026312351227, -0.0551699660718441, 0.015505163930356503, -0.04767342656850815, 0.013208598829805851, -0.03097360022366047, 0.014003206975758076, 0.0006270985468290746, 0.010108236223459244, -0.008042490109801292, -0.06111228093504906, 0.03322495147585869, -0.029525741934776306, 0.018000174313783646, -0.016635335981845856, -0.028826870024204254, 0.010265622287988663, 0.022962499409914017, 0.025423314422369003, 0.01885175332427025, 0.010633313097059727, 0.025895308703184128, 0.013105975463986397, 0.030251482501626015, -0.011599123477935791, -0.04604864865541458, 0.018127596005797386, -0.01235312968492508, 0.03020494058728218, 0.03678975626826286, 0.05786307156085968, 0.02872147597372532, 0.04042292758822441, -0.01797504536807537, -0.006320585031062365, 0.03414037078619003, 0.008510325103998184, -0.039714738726615906, -0.007932956330478191, -0.06951363384723663, 0.004646809305995703, 0.042529188096523285, 0.013005542568862438, -0.018564321100711823, -0.038041383028030396, 0.017586257308721542, 0.028936775401234627, -0.022386593744158745, -5.598493516540707e-33, 0.014505226165056229, -0.0025237160734832287, 0.040141090750694275, -0.00626410311087966, -0.019774748012423515, -0.014379975385963917, 0.02921195887029171, -0.042196985334157944, -0.0694090723991394, -0.020608045160770416, -0.03538404405117035, 0.004303745459765196, 0.009070536121726036, -0.0005455274949781597, 0.018207550048828125, 0.07630641758441925, -0.027586324140429497, 0.001416589948348701, 0.003997135441750288, -0.019288187846541405, -0.01653212122619152, 0.02035517618060112, -0.0031175785697996616, 0.0027210977859795094, -0.00526711530983448, -0.029996119439601898, -0.029825441539287567, 0.04334385320544243, 0.018902704119682312, 0.018147073686122894, 0.017822496592998505, -0.023291928693652153, -0.0004914262681268156, -0.02283214032649994, 0.016622468829154968, -0.0010584195842966437, -0.003153414698317647, -0.013781348243355751, -0.008086686953902245, 0.011967824772000313, 0.0031039712484925985, -0.008573519997298717, -0.010529515333473682, 0.0039221178740262985, 0.014180832542479038, -0.04013500735163689, 0.0013079349882900715, -0.01945912279188633, 0.03775813430547714, 0.03633787855505943, -0.061589084565639496, 0.0071183620020747185, -0.035479605197906494, 0.06617105007171631, -0.021884262561798096, 0.03744442015886307, -0.007235107943415642, -0.019282663241028786, -0.05514347925782204, -0.026384854689240456, -0.04270101338624954, 0.0520906038582325, 0.020004753023386, -0.02717406302690506, -0.048522982746362686, 0.014897619374096394, 0.020647544413805008, 0.02464168705046177, 0.01932672969996929, -0.01970956102013588, -0.032529156655073166, 0.0311625674366951, -0.05093749240040779, -0.02123190648853779, -0.011778849177062511, -0.0625833123922348, -0.048593610525131226, 0.023039478808641434, 0.001519581419415772, 0.04575452581048012, -0.02973637357354164, 0.028350096195936203, -0.04256574437022209, -0.0014067718293517828, 0.053510114550590515, -0.011064823716878891, -0.024544991552829742, -0.008534135296940804, 0.05475448817014694, 0.017215749248862267, -0.01432060357183218, 0.03092498891055584, -0.0492657795548439, 0.01879965513944626, 0.08558431267738342, 0.026425857096910477, -0.007551515009254217, -0.018580002710223198, 0.001418007886968553, 0.00399110047146678, -0.030213885009288788, -0.00795463565737009, 0.014464589767158031, 0.04697587713599205, 0.05303720012307167, 0.020972903817892075, -0.0030729579739272594, -0.005378857720643282, -0.04580418020486832, -0.012913323007524014, 0.018753493204712868, 0.012550437822937965, -0.01838705502450466, -0.026583312079310417, -0.06069990247488022, -0.02609025500714779, 0.039453938603401184, -0.04949518293142319, 0.05779711902141571, -0.028269805014133453, 0.020973723381757736, -0.012038934044539928, 0.05773245543241501, -0.03837667033076286, -0.02286100946366787, 0.015605431981384754, 0.021868949756026268, -0.033391356468200684, -0.01015141699463129, -0.07294368743896484, 0.016945933923125267, 0.002461510244756937, 2.7720781758944213e-07, 0.008876130916178226, 0.03158295154571533, -0.0368938073515892, 0.002953351940959692, -0.01641026698052883, -0.0439809188246727, -0.05417049303650856, -0.018570158630609512, 0.01420238520950079, 0.015092010609805584, 0.012104479596018791, -0.05478838086128235, -0.010751803405582905, -0.013639984652400017, -0.021698055788874626, -0.07704738527536392, -0.005972221028059721, -0.021548856049776077, -0.049626946449279785, -0.0017269819509238005, 0.053901415318250656, 0.054023757576942444, 0.06496116518974304, -0.03406720608472824, 0.013688546605408192, -0.02463456243276596, -0.062441252171993256, 0.0008738890755921602, -0.0053716604597866535, 0.057745542377233505, 0.04814249649643898, -0.002555138897150755, 0.015705589205026627, 0.04976420849561691, -0.021676434203982353, 0.014139636419713497, 0.05991701781749725, 0.08281302452087402, -0.02399725280702114, 0.04961010441184044, 0.04653366282582283, -0.012869665399193764, 0.014656484127044678, -0.005566788837313652, 0.04681503400206566, 0.009787815622985363, -0.021805843338370323, 0.008935321122407913, -0.09128469228744507, 0.050116367638111115, -0.007505679503083229, 0.05296098068356514, -0.02538701519370079, -0.04046996310353279, 0.006869271397590637, -0.001130732474848628, -0.08060888946056366, 0.03986708074808121, 0.07217499613761902, 0.03394511342048645, 0.02507411502301693, -0.06957413256168365, 0.029122285544872284, 0.04820067808032036, 0.08519288152456284, -0.01506420224905014, -0.004245468880981207, 3.353976960596288e-34, 0.017541931942105293, -0.01978030614554882, 0.02922372706234455, -0.05173907056450844, 0.049596596509218216, -0.04188684746623039, -0.005633029155433178, 0.0005638127913698554, -0.014917799271643162, -0.021840497851371765, -0.043025318533182144]","{'Experience': "": At least 5 years ['BUSINESS ANALYST'] Administrative Support Scheduling Filing & Documentation Communication Team Support Equipment Maintenance Information Provision Inventory Management Team Collaboration OHS Policy Development Safety Advice Risk Assessment Policy Review OHS Training Safety Inspections Unsafe Act Prevention Incident Investigation Report Preparation Administrative Support Scheduling Filing & Documentation Communication Team Support Equipment Maintenance Information Provision Inventory Management Team Collaboration OHS Policy Development Safety Advice Risk Assessment Policy Review OHS Training Safety Inspections Unsafe Act Prevention Incident Investigation Report Preparation ['APR 2020'] ['TILL DATE']"", 'Education': "": ['BCA'] ['N/A'] ['NARSEE MONJEE INSTITUTE'] Bachelor/Honors"", 'Skills': ': python, tableau, power bi, sql, sas, deep learning, neural networks, artificial intelligence, health safety and environment, safety and security management, predictive data analysis, large scale data handling'}",target position asst. manager manger administrative objective skills python tableau power bi sql sas deep learning neural networks artificial intelligence health safety and environment safety and security management predictive data analysis large scale data handling education bca n a narsee monjee institute bachelor honors experience at least 5 years business analyst administrative support scheduling filing documentation communication team support equipment maintenance information provision inventory management team collaboration ohs policy development safety advice risk assessment policy review ohs training safety inspections unsafe act prevention incident investigation report preparation administrative support scheduling filing documentation communication team support equipment maintenance information provision inventory management team collaboration ohs policy development safety advice risk assessment policy review ohs training safety inspections unsafe act prevention incident investigation report preparation apr 2020 till date,"['target', 'position', 'asst', 'manager', 'manger', 'administrative', 'objective', 'skill', 'python', 'tableau', 'power', 'bi', 'sql', 'sa', 'deep', 'learning', 'neural', 'network', 'artificial', 'intelligence', 'health', 'safety', 'environment', 'safety', 'security', 'management', 'predictive', 'data', 'analysis', 'large', 'scale', 'data', 'handling', 'education', 'bca', 'n', 'narsee', 'monjee', 'institute', 'bachelor', 'honor', 'experience', 'least', 'year', 'business', 'analyst', 'administrative', 'support', 'scheduling', 'filing', 'documentation', 'communication', 'team', 'support', 'equipment', 'maintenance', 'information', 'provision', 'inventory', 'management', 'team', 'collaboration', 'oh', 'policy', 'development', 'safety', 'advice', 'risk', 'assessment', 'policy', 'review', 'oh', 'training', 'safety', 'inspection', 'unsafe', 'act', 'prevention', 'incident', 'investigation', 'report', 'preparation', 'administrative', 'support', 'scheduling', 'filing', 'documentation', 'communication', 'team', 'support', 'equipment', 'maintenance', 'information', 'provision', 'inventory', 'management', 'team', 'collaboration', 'oh', 'policy', 'development', 'safety', 'advice', 'risk', 'assessment', 'policy', 'review', 'oh', 'training', 'safety', 'inspection', 'unsafe', 'act', 'prevention', 'incident', 'investigation', 'report', 'preparation', 'apr', 'till', 'date']",target position asst manager manger administrative objective skill python tableau power bi sql sa deep learning neural network artificial intelligence health safety environment safety security management predictive data analysis large scale data handling education bca n narsee monjee institute bachelor honor experience least year business analyst administrative support scheduling filing documentation communication team support equipment maintenance information provision inventory management team collaboration oh policy development safety advice risk assessment policy review oh training safety inspection unsafe act prevention incident investigation report preparation administrative support scheduling filing documentation communication team support equipment maintenance information provision inventory management team collaboration oh policy development safety advice risk assessment policy review oh training safety inspection unsafe act prevention incident investigation report preparation apr till date
cand_00012,12,Machine Learning (ML) Engineer,"Target position: Machine Learning (ML) Engineer Objective: Skills: data analytics, linear regression, logistic regression, business intelligence, business analysis, graphql, python Education: ['B.A'] ['Economics'] ['Raja Kashwant Singh General College'] M.Sc in Computer Science & Engineering or in any relevant discipline from a reputed University Experience: At least 5 year(s) ['Associate Consultant', 'Junior Analyst Intern'] Machine Learning Leadership Cross-Functional Collaboration Strategy Development ML/NLP Infrastructure Prototype Transformation ML System Design Algorithm Research Application Development Dataset Selection ML Testing Statistical Analysis R&D in ML/NLP Text Representation Data Pipeline Design Statistical Data Analysis Model Training Team Collaboration Research Reporting Algorithm Analysis Machine Learning Leadership Cross-Functional Collaboration Strategy Development ML/NLP Infrastructure Prototype Transformation ML System Design Algorithm Research Application Development Dataset Selection ML Testing Statistical Analysis R&D in ML/NLP Text Representation Data Pipeline Design Statistical Data Analysis Model Training Team Collaboration Research Reporting Algorithm Analysis ['Jul 2020', 'Dec 2019'] ['till date', 'May 2020']","[""data analytics"", ""linear regression"", ""logistic regression"", ""business intelligence"", ""business analysis"", ""graphql"", ""python""]","[""data analytics"", ""linear regression"", ""logistic regression"", ""business intelligence"", ""business analysis"", ""graphql"", ""python""]",['B.A'] ['Economics'] ['Raja Kashwant Singh General College'] M.Sc in Computer Science & Engineering or in any relevant discipline from a reputed University,"At least 5 year(s) ['Associate Consultant', 'Junior Analyst Intern'] Machine Learning Leadership
Cross-Functional Collaboration
Strategy Development
ML/NLP Infrastructure
Prototype Transformation
ML System Design
Algorithm Research
Application Development
Dataset Selection
ML Testing
Statistical Analysis
R&D in ML/NLP
Text Representation
Data Pipeline Design
Statistical Data Analysis
Model Training
Team Collaboration
Research Reporting
Algorithm Analysis Machine Learning Leadership
Cross-Functional Collaboration
Strategy Development
ML/NLP Infrastructure
Prototype Transformation
ML System Design
Algorithm Research
Application Development
Dataset Selection
ML Testing
Statistical Analysis
R&D in ML/NLP
Text Representation
Data Pipeline Design
Statistical Data Analysis
Model Training
Team Collaboration
Research Reporting
Algorithm Analysis ['Jul 2020', 'Dec 2019'] ['till date', 'May 2020']",5.0,INFORMATION-TECHNOLOGY,"[0.06798447668552399, 0.03991556167602539, -0.049767423421144485, -0.04324536770582199, 0.03856050595641136, 0.00021557469153776765, -0.003671034937724471, -0.019865328446030617, 0.02659129723906517, -0.0521155409514904, 0.05403610318899155, 0.04090491682291031, 0.0013814318226650357, 0.12461557984352112, 0.043171197175979614, -0.04231005162000656, -0.002126558916643262, 0.03864040970802307, -0.02354850433766842, -0.00367563939653337, -0.012938098981976509, 0.02725091204047203, -0.01558060385286808, 0.011552167125046253, -0.028594275936484337, -0.020452830940485, -0.022653931751847267, 0.03217829763889313, -0.02129526063799858, -0.014456498436629772, 0.017808111384510994, -0.04484279826283455, -0.023586537688970566, -0.007343609817326069, 2.1344092147046467e-06, -0.051943905651569366, -0.02892504818737507, 0.0012280929367989302, 0.022166328504681587, -0.06394356489181519, 0.047926511615514755, -0.013615576550364494, 0.0023945143911987543, 0.04999938979744911, -0.043452803045511246, 0.050117988139390945, 0.07200092077255249, 0.036815937608480453, 0.03928317874670029, 0.07848261296749115, 0.004166473168879747, -0.038172900676727295, 0.022824488580226898, 0.005484079942107201, -0.02029121108353138, -0.05667102709412575, -0.010975261218845844, 0.02663944847881794, -0.008909079246222973, -0.014614468440413475, 0.018801899626851082, -0.010513868182897568, -0.027480844408273697, -0.030569633468985558, 0.05624281242489815, 0.07421188801527023, 0.012938986532390118, -0.03727586939930916, -0.01384075079113245, -0.005625882185995579, 0.005282911472022533, -0.00343391764909029, -0.030758216977119446, -0.005239066667854786, -0.00523994630202651, -0.012170779518783092, 0.008679060265421867, -0.014471183530986309, 0.008008196018636227, 0.006658624857664108, -0.006101865787059069, 0.02469148114323616, -0.042450886219739914, -0.016988767310976982, -0.019383123144507408, 0.07954747974872589, -0.02061486802995205, -0.010520662181079388, 0.04670455679297447, -0.02485712617635727, 0.053909529000520706, 0.017409775406122208, -0.012438679113984108, 0.017600690945982933, -0.06756678223609924, -0.02282066084444523, 0.0328327901661396, -0.04597312957048416, -0.0010823836782947183, -0.02277994714677334, 0.00959817599505186, -0.011392608284950256, 0.044859278947114944, 0.0285453163087368, -0.030590157955884933, 0.013499031774699688, 0.010834528133273125, -0.00541066424921155, -0.04029040411114693, -0.0260993130505085, -0.01872144266963005, 0.006054070312529802, -0.06057889759540558, -0.011451750062406063, 0.018916089087724686, 0.0618586465716362, -0.041359320282936096, 0.045883480459451675, -0.0059801870957016945, -0.019875308498740196, 0.038761407136917114, 0.03466607257723808, 0.0020768195390701294, 0.051773786544799805, -0.05019513890147209, -0.016342101618647575, 0.009723330847918987, 0.026489298790693283, 0.004885146860033274, -0.009921768680214882, 0.03783394768834114, 0.034977782517671585, 0.005787004716694355, -0.025069858878850937, 0.040358252823352814, 0.06883842498064041, 0.029407793655991554, 0.062433917075395584, -0.07875484973192215, 0.010292991064488888, 0.0501510389149189, -0.026219617575407028, -0.01190991885960102, 0.005182513501495123, -0.030898885801434517, -0.024355491623282433, -0.02012762613594532, -0.016366716474294662, -0.003890855936333537, -0.006686524488031864, 0.0040684533305466175, 0.002365432446822524, -0.017678668722510338, 0.005948035512119532, 0.05112103745341301, -0.0074057811871171, 0.00682023074477911, 0.03435586765408516, 0.007367237936705351, 0.04713010787963867, 0.020407162606716156, -0.029139723628759384, 0.008516675792634487, 0.046496421098709106, -0.034333787858486176, -0.028103796765208244, 0.005662045907229185, 0.07563481479883194, -0.04194245487451553, 0.01829582452774048, 0.028840474784374237, -0.017209289595484734, 0.00792618840932846, 0.034317925572395325, 0.02976095862686634, 0.045537929981946945, 0.04923010990023613, -0.022911690175533295, 0.021152585744857788, 0.041783299297094345, -0.03390701860189438, -0.1293775886297226, 0.027340078726410866, 0.06379418820142746, -0.0053794002160429955, 0.0014983548317104578, -0.015855811536312103, 0.07146677374839783, -0.030771104618906975, 0.0013673745561391115, 0.028688492253422737, -0.020962130278348923, -0.043051883578300476, -0.0016953038284555078, 0.024909133091568947, -0.009771862998604774, -0.08302604407072067, -0.013695680536329746, -0.01758287474513054, -0.05352791026234627, -0.07528991997241974, -0.03309506177902222, -0.01863637939095497, -0.011948758736252785, 0.05182724818587303, -0.05324289947748184, -0.018978653475642204, -0.09785018861293793, -0.023568741977214813, 0.012384395115077496, 0.07030512392520905, -0.023751862347126007, -0.021995307877659798, -0.008767278864979744, -0.03999265655875206, -0.004126825835555792, -0.02799146994948387, -0.05143745616078377, 0.03220893442630768, -0.01829349808394909, -0.021439848467707634, 0.010637552477419376, -0.06475990265607834, 0.04102687910199165, 0.015076173469424248, 0.013666416518390179, 0.016127122566103935, 0.00651157321408391, 0.05749780684709549, 0.05039835348725319, 0.02664111740887165, 0.009839040227234364, 0.037270575761795044, 0.003670773468911648, -0.026322895660996437, 0.03112601861357689, 0.04621516540646553, 0.014069808647036552, -0.018863575533032417, -0.02198045700788498, -0.05051468685269356, 0.06637558341026306, -0.016948310658335686, 0.012559137307107449, -0.005268280394375324, -0.0035458137281239033, -0.02295578084886074, 0.025107095018029213, 0.002620067447423935, -0.019202275201678276, 0.023294566199183464, -0.007464082911610603, 0.021299298852682114, 0.05515679344534874, 0.005461922846734524, -0.04705680161714554, -0.04804908111691475, 0.04755747690796852, -0.0791071355342865, -0.0037794567178934813, 0.024655064567923546, -0.01933196373283863, 0.05519505962729454, 0.0037229827139526606, 0.04765459895133972, -0.05006156489253044, 0.02636503055691719, -0.043522998690605164, -0.03064255230128765, 0.031050190329551697, 0.030794071033596992, 0.05540239065885544, -0.0014842862728983164, 0.0036520129069685936, -0.017695164307951927, -0.026674503460526466, 0.03554782643914223, 0.012324647977948189, -0.04561501741409302, 0.05492207780480385, -0.018631769344210625, -0.040967583656311035, 0.025186283513903618, 0.016904069110751152, -0.025218205526471138, 0.03681504726409912, 0.03642883524298668, -0.02753576822578907, -0.0019680981058627367, 0.025557605549693108, 0.008147906512022018, 0.0068851434625685215, 0.024800555780529976, -0.022506946697831154, -0.06338322907686234, 0.05344472825527191, -0.011976916342973709, 0.0576215460896492, -0.011203628964722157, 0.04961672052741051, 0.007262606639415026, 0.05331575125455856, 0.04202365130186081, 0.008174698799848557, 0.006141587160527706, 0.05639878287911415, 0.01826956309378147, 0.017383310943841934, 0.009065445512533188, -0.0792456567287445, -0.0137497428804636, -0.018627062439918518, 0.021075407043099403, 0.031394097954034805, 0.016890833154320717, -0.05416246876120567, -0.06721389293670654, 0.01921934448182583, -0.011950356885790825, 0.03633669763803482, -0.03332163393497467, -0.05299130454659462, -0.010964883491396904, -0.03764655068516731, 0.03198964148759842, -0.10035500675439835, -0.14158175885677338, -0.03404036909341812, 0.033202845603227615, -0.04037463292479515, 0.02509990893304348, -0.03836306929588318, -0.008022950030863285, -0.061667174100875854, 0.0462903156876564, -0.05012689158320427, -0.006967018824070692, -0.059655994176864624, 0.029995258897542953, -0.03207292780280113, -0.03322616592049599, 0.030538000166416168, -0.053368233144283295, 0.0037151037249714136, 0.01970227248966694, 0.03737391158938408, 0.0349615253508091, -0.008655386976897717, -0.06348269432783127, 0.06493841856718063, 0.03489518165588379, 0.05478492006659508, 0.02480768971145153, -0.035400085151195526, -0.006904794834554195, -0.048066675662994385, 0.05500045418739319, 0.02917320281267166, -0.03443518653512001, 0.013993973843753338, -0.0003757094091270119, 0.007835319265723228, -0.0008959920378401875, 0.003973458893597126, -0.048430170863866806, 0.008134718984365463, 0.004632053896784782, -0.08511339128017426, 0.02193264290690422, -0.008037974126636982, -0.0025116188917309046, -0.016800234094262123, 0.018524695187807083, 0.025238679721951485, -0.014391735196113586, -0.03804784640669823, 0.003547003259882331, -0.012622754089534283, -0.05091585963964462, 0.028480712324380875, 0.07716590166091919, -0.040517810732126236, 0.04625196009874344, -0.009234149008989334, 0.009356856346130371, -0.04773827642202377, 0.0001750447554513812, -0.023369889706373215, -0.054649095982313156, 0.026663416996598244, -0.00549693638458848, -0.024807866662740707, -0.09030871838331223, -0.09316524118185043, -0.00460036750882864, -0.029261870309710503, -0.0031426982022821903, -0.0048203421756625175, 0.029757888987660408, 0.014310134574770927, 0.016367539763450623, -0.03861941024661064, -0.056751981377601624, 0.022607089951634407, -0.04943835735321045, 0.004246836062520742, 0.06340152025222778, 0.04347597062587738, -0.03453359007835388, 0.05520947650074959, -0.024241389706730843, 0.04518353193998337, 0.02293865755200386, 0.0443420447409153, 0.0475723072886467, -0.05177720636129379, -0.007734246551990509, 0.036529313772916794, 0.01246873289346695, -0.07884104549884796, 0.04305487498641014, 0.0393289178609848, 0.06064119189977646, -0.017107179388403893, 0.04584367200732231, -0.05466710403561592, 0.017917174845933914, -0.011034276336431503, 0.06020750477910042, -0.0439860038459301, -0.06111950799822807, 0.02128838561475277, 0.0171654112637043, 0.023757344111800194, -0.018932301551103592, -0.03258277475833893, 0.05929688736796379, -0.040956538170576096, 0.0019247813615947962, -0.013950582593679428, -0.04444568231701851, 0.02854265831410885, 0.028312522917985916, 0.040478672832250595, 0.03438322991132736, 0.00802483968436718, 0.007767538074404001, -0.023193852975964546, -0.01888003572821617, 0.03530343994498253, 0.12659263610839844, -0.06604740768671036, -0.005209806840866804, -0.03628779202699661, -0.011170905083417892, -0.057455867528915405, -0.03697579726576805, 0.02259921096265316, -0.018030431121587753, -0.011584379710257053, 0.0004733095411211252, 0.028279142454266548, -0.03194520249962807, -0.029016613960266113, -0.05318410322070122, 0.011874806135892868, 0.02495146170258522, -0.02479603886604309, -0.007759709842503071, -0.02331283688545227, 0.00040597765473648906, -0.032725874334573746, -0.03125720098614693, 0.00552197452634573, 0.016790349036455154, -0.005195208825170994, -0.04474269598722458, 0.0625445768237114, -0.053338419646024704, 0.012427384033799171, 0.05738531053066254, -0.015744853764772415, 0.02621966041624546, -0.1087050810456276, -0.03125646710395813, 0.04295890033245087, 0.042368948459625244, 0.015772709622979164, -0.03603840619325638, -0.03855647146701813, 0.06505079567432404, 0.011472937650978565, 0.037653569132089615, -0.04975177347660065, 0.020406486466526985, -0.05880233272910118, -0.03407507762312889, 0.09329203516244888, -0.0008937445236369967, 0.06400083750486374, -0.012401651591062546, -0.02485925704240799, 0.0023406913969665766, -0.06474193185567856, -0.015969853848218918, -0.029780056327581406, -0.04705101251602173, 0.00948839820921421, -0.045941878110170364, -0.0012655731989070773, -0.005538115743547678, 0.021740222349762917, -0.040347870439291, -0.023007860407233238, -0.011453441344201565, -0.004336187615990639, 0.024385906755924225, -0.03551884740591049, 0.03232841193675995, -0.016723547130823135, 0.02174348756670952, -0.010884573683142662, 0.0023182567674666643, 0.015341000631451607, 0.0063841757364571095, 0.0055568586103618145, 0.010022650472819805, -0.020775169134140015, 0.01776517555117607, 0.03412533551454544, 0.03414333611726761, 0.008046732284128666, -0.04766746982932091, -0.028365205973386765, 0.0015050434740260243, 0.03016357496380806, 0.07805490493774414, 0.0476277619600296, 0.01080517191439867, 0.0337616391479969, 0.0013852831907570362, -0.039807211607694626, 0.025165729224681854, -0.0036670167464762926, 0.010220413096249104, -0.026444124057888985, -0.05183231458067894, 0.041822582483291626, 0.028167087584733963, 0.018496915698051453, -0.029560955241322517, -0.013587092980742455, 0.02712835557758808, 0.020486559718847275, -0.03196407109498978, -5.641598159701391e-33, 0.03949582949280739, -0.047794099897146225, 0.05312889814376831, 0.003820570418611169, -0.02515091933310032, 0.021123334765434265, 0.022240299731492996, -0.03170488774776459, -0.05043676495552063, -0.019278207793831825, -0.026876922696828842, 0.021930648013949394, 0.020925624296069145, 0.02009727619588375, 0.010107185691595078, 0.09366068989038467, 0.0030169121455401182, -0.013571086339652538, 0.0028276073280721903, -0.010811894200742245, -0.03339223191142082, 0.04197494313120842, -0.0019735905807465315, -0.04036695510149002, -0.0016798751894384623, -0.02296133153140545, -0.030956702306866646, 0.005494098179042339, 0.017558110877871513, 0.014894620515406132, 0.046124573796987534, 0.0022294821683317423, 0.029518669471144676, -0.056567881256341934, -0.006341049447655678, -0.025194795802235603, 0.0004971682792529464, 0.010301568545401096, -0.02448722906410694, 0.03975949063897133, 0.001408937736414373, 0.022955482825636864, 0.019047804176807404, -0.02011556550860405, -0.008026041090488434, -0.026256615296006203, 0.0328691340982914, 0.01188807375729084, 0.023526838049292564, -0.0001233739749295637, -0.050539545714855194, 0.030116230249404907, -0.05040808767080307, 0.08469580858945847, 0.009000389836728573, 0.042083803564310074, 0.003398013301193714, -0.03013504482805729, -0.0713779404759407, 0.020314333960413933, -0.042576272040605545, 0.014887345023453236, 0.05500360205769539, -0.0303847324103117, -0.008856125175952911, 0.008411248214542866, 0.03183910250663757, 0.009046990424394608, 0.019863279536366463, -0.013529358431696892, -0.021627293899655342, 0.054282743483781815, -0.008179118856787682, -0.006567693315446377, -0.0028314348310232162, -0.08324610441923141, -0.040767017751932144, 0.008615877479314804, 0.040461841970682144, -0.010775660164654255, -0.017105121165513992, 0.037796638906002045, -0.01613677479326725, -0.01601598411798477, 0.03436833247542381, -0.033007148653268814, 0.008481619879603386, -0.024972908198833466, 0.026292037218809128, -0.005010782741010189, -0.030830038711428642, 0.049622610211372375, -0.02465115115046501, -0.026749609038233757, 0.03739960119128227, 0.004843243397772312, -0.0023725370410829782, 0.01431324053555727, 0.005341034848242998, -0.007408462464809418, -0.024010302498936653, -0.020254915580153465, 0.009645001031458378, 0.014322000555694103, 0.07842208445072174, 0.015013745985925198, 0.013585045002400875, 0.0033000062685459852, -0.05253753066062927, -0.02333281934261322, -0.007792705204337835, 0.021338017657399178, -0.01975199021399021, 0.021227149292826653, -0.05564643815159798, -0.007067799102514982, 0.029357215389609337, -0.04712515324354172, 0.035868190228939056, -0.004687739070504904, -0.001333662192337215, -0.027766861021518707, 0.01055624894797802, -0.031493689864873886, -0.0009898607386276126, -0.020052753388881683, -0.005968526471406221, -0.00681227445602417, 0.02371607907116413, -0.04943690076470375, -0.0073411851190030575, -0.009876730851829052, 2.657883726442378e-07, 0.010125864297151566, 0.041781216859817505, -0.03205224126577377, 0.031862255185842514, -0.00850212387740612, -0.009504514746367931, -0.017849190160632133, 0.004727088380604982, 0.005054190754890442, 0.024852680042386055, -0.005849619396030903, -0.02948165312409401, -0.01220538467168808, -0.004056416917592287, -0.05707211047410965, -0.08948943763971329, -0.031043272465467453, -0.02372666634619236, -0.04451910778880119, 0.0581246018409729, 0.0478665828704834, 0.047842539846897125, 0.06390838325023651, -0.017804568633437157, -0.0012628521071746945, -0.034868597984313965, -0.07894130796194077, -0.02207888290286064, 0.037553951144218445, 0.06600587069988251, 0.03876783326268196, -0.022216465324163437, 0.024217402562499046, 0.05899853631854057, -0.027691105380654335, 0.002424062229692936, 0.046219680458307266, 0.06059166043996811, -0.04044665768742561, 0.047006018459796906, 0.06244323030114174, 0.010081512853503227, 0.01162031851708889, -0.03725031763315201, 0.05808361992239952, 0.014794087037444115, -0.05140804126858711, -0.03413869068026543, -0.03343908116221428, 0.016828935593366623, -0.001984587637707591, 0.041374318301677704, 0.01542482990771532, -0.016701139509677887, 0.026303859427571297, -0.04747406765818596, -0.05815946310758591, 0.014812036417424679, 0.031097838655114174, -0.010674352757632732, 0.022099455818533897, -0.04261404275894165, 0.022429589182138443, 0.02523907460272312, 0.08536875993013382, -0.015495151281356812, 0.031501274555921555, 3.373795519844663e-34, 0.01586177572607994, -0.0047235689125955105, 0.01321502961218357, 0.00752278883010149, 0.03718358650803566, -0.06043215095996857, 0.0034095945302397013, -0.027360916137695312, -0.027078935876488686, -0.025996481999754906, -0.03630966693162918]","{'Experience': "": At least 5 year(s) ['Associate Consultant', 'Junior Analyst Intern'] Machine Learning Leadership Cross-Functional Collaboration Strategy Development ML/NLP Infrastructure Prototype Transformation ML System Design Algorithm Research Application Development Dataset Selection ML Testing Statistical Analysis R&D in ML/NLP Text Representation Data Pipeline Design Statistical Data Analysis Model Training Team Collaboration Research Reporting Algorithm Analysis Machine Learning Leadership Cross-Functional Collaboration Strategy Development ML/NLP Infrastructure Prototype Transformation ML System Design Algorithm Research Application Development Dataset Selection ML Testing Statistical Analysis R&D in ML/NLP Text Representation Data Pipeline Design Statistical Data Analysis Model Training Team Collaboration Research Reporting Algorithm Analysis ['Jul 2020', 'Dec 2019'] ['till date', 'May 2020']"", 'Education': "": ['B.A'] ['Economics'] ['Raja Kashwant Singh General College'] M.Sc in Computer Science & Engineering or in any relevant discipline from a reputed University"", 'Skills': ': data analytics, linear regression, logistic regression, business intelligence, business analysis, graphql, python'}",target position machine learning ml engineer objective skills data analytics linear regression logistic regression business intelligence business analysis graphql python education b.a economics raja kashwant singh general college m.sc in computer science engineering or in any relevant discipline from a reputed university experience at least 5 year s associate consultant junior analyst intern machine learning leadership cross functional collaboration strategy development ml nlp infrastructure prototype transformation ml system design algorithm research application development dataset selection ml testing statistical analysis r d in ml nlp text representation data pipeline design statistical data analysis model training team collaboration research reporting algorithm analysis machine learning leadership cross functional collaboration strategy development ml nlp infrastructure prototype transformation ml system design algorithm research application development dataset selection ml testing statistical analysis r d in ml nlp text representation data pipeline design statistical data analysis model training team collaboration research reporting algorithm analysis jul 2020 dec 2019 till date may 2020,"['target', 'position', 'machine', 'learning', 'ml', 'engineer', 'objective', 'skill', 'data', 'analytics', 'linear', 'regression', 'logistic', 'regression', 'business', 'intelligence', 'business', 'analysis', 'graphql', 'python', 'education', 'b', 'economics', 'raja', 'kashwant', 'singh', 'general', 'college', 'sc', 'computer', 'science', 'engineering', 'relevant', 'discipline', 'reputed', 'university', 'experience', 'least', 'year', 'associate', 'consultant', 'junior', 'analyst', 'intern', 'machine', 'learning', 'leadership', 'cross', 'functional', 'collaboration', 'strategy', 'development', 'ml', 'nlp', 'infrastructure', 'prototype', 'transformation', 'ml', 'system', 'design', 'algorithm', 'research', 'application', 'development', 'dataset', 'selection', 'ml', 'testing', 'statistical', 'analysis', 'r', 'ml', 'nlp', 'text', 'representation', 'data', 'pipeline', 'design', 'statistical', 'data', 'analysis', 'model', 'training', 'team', 'collaboration', 'research', 'reporting', 'algorithm', 'analysis', 'machine', 'learning', 'leadership', 'cross', 'functional', 'collaboration', 'strategy', 'development', 'ml', 'nlp', 'infrastructure', 'prototype', 'transformation', 'ml', 'system', 'design', 'algorithm', 'research', 'application', 'development', 'dataset', 'selection', 'ml', 'testing', 'statistical', 'analysis', 'r', 'ml', 'nlp', 'text', 'representation', 'data', 'pipeline', 'design', 'statistical', 'data', 'analysis', 'model', 'training', 'team', 'collaboration', 'research', 'reporting', 'algorithm', 'analysis', 'jul', 'dec', 'till', 'date', 'may']",target position machine learning ml engineer objective skill data analytics linear regression logistic regression business intelligence business analysis graphql python education b economics raja kashwant singh general college sc computer science engineering relevant discipline reputed university experience least year associate consultant junior analyst intern machine learning leadership cross functional collaboration strategy development ml nlp infrastructure prototype transformation ml system design algorithm research application development dataset selection ml testing statistical analysis r ml nlp text representation data pipeline design statistical data analysis model training team collaboration research reporting algorithm analysis machine learning leadership cross functional collaboration strategy development ml nlp infrastructure prototype transformation ml system design algorithm research application development dataset selection ml testing statistical analysis r ml nlp text representation data pipeline design statistical data analysis model training team collaboration research reporting algorithm analysis jul dec till date may
cand_00013,13,Mechanical Designer,"Target position: Mechanical Designer Objective: Energetic, innovative engineering undergraduate, passionate about Machine Learning, NLP and Deep Learning for solving real-world problems, aiming to work in an organization providing great learning experience and growth opportunities for mutual benefit. Skills: c++, python, java, html, css, javascript, data structures, sql, pycharm, jupyter notebook, google colab, code blocks, matlab, turbo c++, ms office, scikit-learn, tensorflow, opencv, numpy, pytesseract, keras, autocad, solidworks, nlp, web scraping, bs4, lda topic modeling, ocr, ner text classification, deep learning, computer vision, ssd, gans, neural networks, machine learning, data science Education: ['B.Tech. (Electrical Engineering Specialization in Computer Science)', 'XII', 'X'] ['Electrical Engineering Specialized in Computer Science', 'N/A', 'N/A'] ['Dayalbagh Educational Institute, Dayalbagh, Agra', ""St. Clare's Senior Secondary School, Agra"", ""St. Clare's Senior Secondary School, Agra""] Bachelor’s degree in Mechanical Engineering from a reputed institute. Experience: At least 5 years ['Intern', 'Intern'] Design Creation CAD Drawings Design Optimization Team Collaboration Compliance Assurance Design Reviews Manufacturing Support Documentation Design Creation CAD Drawings Design Optimization Team Collaboration Compliance Assurance Design Reviews Manufacturing Support Documentation ['July 2021', 'May 2021'] ['Aug 2021', 'June 2021']","[""c++"", ""python"", ""java"", ""html"", ""css"", ""javascript"", ""data structures"", ""sql"", ""pycharm"", ""jupyter notebook"", ""google colab"", ""code blocks"", ""matlab"", ""turbo c++"", ""ms office"", ""scikit-learn"", ""tensorflow"", ""opencv"", ""numpy"", ""pytesseract"", ""keras"", ""autocad"", ""solidworks"", ""nlp"", ""web scraping"", ""bs4"", ""lda topic modeling"", ""ocr"", ""ner text classification"", ""deep learning"", ""computer vision"", ""ssd"", ""gans"", ""neural networks"", ""machine learning"", ""data science""]","[""c++"", ""python"", ""java"", ""html"", ""css"", ""javascript"", ""data structures"", ""sql"", ""pycharm"", ""jupyter notebook"", ""google colab"", ""code blocks"", ""matlab"", ""turbo c++"", ""ms office"", ""scikit-learn"", ""tensorflow"", ""opencv"", ""numpy"", ""pytesseract"", ""keras"", ""autocad"", ""solidworks"", ""nlp"", ""web scraping"", ""bs4"", ""lda topic modeling"", ""ocr"", ""ner text classification"", ""deep learning"", ""computer vision"", ""ssd"", ""gans"", ""neural networks"", ""machine learning"", ""data science""]","['B.Tech. (Electrical Engineering Specialization in Computer Science)', 'XII', 'X'] ['Electrical Engineering Specialized in Computer Science', 'N/A', 'N/A'] ['Dayalbagh Educational Institute, Dayalbagh, Agra', ""St. Clare's Senior Secondary School, Agra"", ""St. Clare's Senior Secondary School, Agra""] Bachelor’s degree in Mechanical Engineering from a reputed institute.","At least 5 years ['Intern', 'Intern'] Design Creation
CAD Drawings
Design Optimization
Team Collaboration
Compliance Assurance
Design Reviews
Manufacturing Support
Documentation Design Creation
CAD Drawings
Design Optimization
Team Collaboration
Compliance Assurance
Design Reviews
Manufacturing Support
Documentation ['July 2021', 'May 2021'] ['Aug 2021', 'June 2021']",5.0,INFORMATION-TECHNOLOGY,"[0.05438009649515152, 0.02234772779047489, -0.030957579612731934, -0.019931497052311897, 0.03457516431808472, -0.00918588973581791, -0.0404999703168869, 0.014556040987372398, -0.03898622840642929, -0.040152408182621, 0.01215361524373293, 0.026395447552204132, 0.006209015380591154, 0.0839511901140213, 0.0030367227736860514, 0.023455625399947166, -0.009775499813258648, 0.02859669178724289, -0.025796325877308846, -0.024018770083785057, -0.025459222495555878, -0.006409578025341034, -0.03746260330080986, 0.01492483913898468, -0.012568240985274315, -0.03407810628414154, 0.01051924005150795, 0.030152225866913795, 0.01744830422103405, -0.004660642705857754, -0.013976599089801311, 0.01762804202735424, 0.0030173952691257, -0.028501734137535095, 2.4737526018725475e-06, -0.0014806039398536086, 0.028117286041378975, -0.008966203778982162, 0.03908073902130127, -0.0568811371922493, 0.024780677631497383, -0.028362058103084564, -0.0454566664993763, 0.012728339061141014, -0.021604301407933235, 0.03149043023586273, 0.03223986551165581, 0.04884124919772148, 0.028789039701223373, 0.072883740067482, 0.010602930560708046, -0.016380421817302704, 0.0030741202645003796, 0.012087699957191944, -0.017891036346554756, -0.06565435230731964, -0.01614774763584137, -0.019762853160500526, 0.006755872163921595, -0.010735335759818554, -0.014575750567018986, 0.01254267431795597, -0.01440699677914381, -0.043063193559646606, 0.09874317049980164, 0.058879151940345764, 0.02867997996509075, -0.05118537321686745, 0.040990281850099564, 0.004534109961241484, -0.001638607238419354, -0.0068604787811636925, -0.03430274873971939, -0.003925846423953772, -0.017080726101994514, 0.008531387895345688, -0.0017170393839478493, -0.013829099014401436, -0.002729198895394802, 0.016268905252218246, -0.018867991864681244, 0.019390195608139038, -0.07230892777442932, -0.03852507472038269, 0.0280896183103323, 0.019171075895428658, -0.03485223278403282, 0.0018851879285648465, 0.051163945347070694, -0.02211168222129345, 0.07940194010734558, -0.0011394699104130268, -0.017775410786271095, 0.021962938830256462, -0.034738317131996155, -0.002017517341300845, 0.03508855402469635, -0.022335456684231758, 0.028376013040542603, -0.04043038561940193, 0.011167513206601143, 0.04681515693664551, 0.0430850088596344, 0.013742825947701931, -0.08667832612991333, 0.03239712119102478, -0.01821223273873329, 0.03323884308338165, -0.04740125685930252, 0.02577577345073223, 0.0055971392430365086, 0.00033482437720522285, -0.038563504815101624, -0.046716783195734024, -0.016392121091485023, 0.03919573128223419, -0.04161563143134117, 0.020036667585372925, 0.01873163692653179, -0.0337936133146286, 0.05203172191977501, 0.04782386124134064, -0.01118418574333191, 0.02992258593440056, -0.08123708516359329, -0.008891971781849861, 0.022765934467315674, 0.0417860709130764, 0.005733868107199669, 0.017408322542905807, 0.011056574992835522, 0.013451427221298218, 0.009716070257127285, 0.006821055430918932, -0.0079680560156703, 0.08938053995370865, -0.05382978916168213, 0.06517663598060608, -0.051185354590415955, 0.03516588360071182, 0.008962043561041355, -0.0039599584415555, -0.010050716809928417, 0.012967871502041817, -0.055473070591688156, -0.025068731978535652, -0.026312844827771187, 0.008384870365262032, 0.026244742795825005, 0.01340480800718069, 0.03266146779060364, -0.02806200459599495, 0.012325306423008442, -0.02408219687640667, 0.021245336160063744, 0.017792480066418648, 0.03292892873287201, 0.011709880083799362, -0.0016902146162465215, 0.08018221706151962, -0.02076445333659649, -0.012531820684671402, -0.011287294328212738, 0.027971353381872177, -0.05396166816353798, -0.01216136571019888, 0.042704157531261444, 0.024537963792681694, -0.030165906995534897, 0.043812163174152374, -0.0018194232834503055, -0.043979670852422714, 0.008609803393483162, 0.09977559745311737, 0.005473359953612089, -0.02053208090364933, 0.038201216608285904, -0.024898573756217957, -0.023962222039699554, 0.01871649920940399, -0.033222902566194534, -0.11902231723070145, 0.030593566596508026, 0.05207860842347145, -0.014347688294947147, 0.021164128556847572, -0.014826644212007523, 0.06732739508152008, -0.00041142397094517946, 0.006264679133892059, 0.029205933213233948, -0.018950534984469414, -0.040412139147520065, 0.001263616606593132, 0.047892697155475616, 0.011413311585783958, -0.06731858104467392, -0.08279623091220856, -0.014615258201956749, -0.04602634906768799, -0.06844732910394669, -0.014952855184674263, -0.023718897253274918, -0.016852544620633125, 0.03653520718216896, -0.03262665495276451, -0.045817431062459946, -0.053550153970718384, -0.024571314454078674, 0.01880418136715889, 0.049469973891973495, -0.0005410546436905861, -0.010769177228212357, 0.029913295060396194, -0.014219335280358791, -0.0023423682432621717, -0.018573926761746407, -0.003437362378463149, -0.005744054447859526, -0.009405652061104774, -0.026599932461977005, 0.018284646794199944, -0.0640077069401741, 0.010795035399496555, -0.0025526287499815226, -0.013743320479989052, 0.021907906979322433, 0.00676761707291007, 0.011420359835028648, 0.02341626025736332, 0.011701151728630066, 0.008326046168804169, 0.03709834814071655, -0.04855025187134743, -0.023995567113161087, 0.026054712012410164, -0.027394795790314674, 0.002916500438004732, -0.005644545424729586, -0.029480157420039177, -0.062091100960969925, -0.011442014947533607, -0.0013024499639868736, 0.006006224546581507, 0.01851813495159149, 0.023893268778920174, -0.03597038611769676, 0.044497352093458176, 0.02948249690234661, -0.02349633350968361, 0.020639952272176743, -0.03840264678001404, 0.04103923216462135, 0.0771556943655014, -0.0297751072794199, 0.0030420213006436825, -0.029990512877702713, 0.07766460627317429, -0.08675689995288849, -0.01041412353515625, 0.02851024456322193, -0.03190843015909195, 0.018092788755893707, -0.01505080983042717, 0.07632274925708771, -0.054514553397893906, -0.008491657674312592, -0.010562005452811718, -0.01748415268957615, 0.04955974593758583, 0.018432768061757088, 0.0574067197740078, 0.0006852176738902926, -0.0032581700943410397, -0.010389231145381927, -0.04603307694196701, 0.06580477952957153, 0.048402465879917145, -0.052926503121852875, 0.0391627699136734, 0.011769355274736881, -0.05793517082929611, 0.04744787886738777, 0.014424332417547703, -0.04646415635943413, 0.004228530451655388, 0.06039462611079216, -0.023564184084534645, -0.0050401524640619755, 0.07866699993610382, 0.00418124720454216, -0.010537014342844486, 0.012052676640450954, -0.06514660269021988, -0.05544230714440346, 0.01382431760430336, -0.002202915959060192, 0.05497338995337486, -0.021227272227406502, 0.059840261936187744, -0.008024794980883598, 0.06651923805475235, 0.028204455971717834, -0.019302181899547577, 0.02616097591817379, 0.05781695991754532, 0.023304950445890427, 0.044716496020555496, -0.03228374198079109, -0.11038842797279358, 0.0023428737185895443, 0.004021051339805126, 0.023833835497498512, 0.01950443536043167, 0.03714229166507721, -0.029396159574389458, -0.035283952951431274, 0.0007084625540301204, -0.014413006603717804, 0.052545707672834396, 0.0027537557762116194, 0.008085796609520912, -0.004594184458255768, -0.016692467033863068, 0.037269920110702515, -0.04683186858892441, -0.10344703495502472, -0.023481110110878944, 0.02494008094072342, -0.061353348195552826, 0.011243987828493118, 0.045182760804891586, -0.018146369606256485, -0.059452589601278305, 0.09037758409976959, -0.027044888585805893, -0.0012175919255241752, -0.07442781329154968, 0.029720984399318695, 0.0169514250010252, -0.04955632612109184, -0.036401595920324326, -0.06831624358892441, 0.030987797304987907, 0.045030657202005386, -0.006451514549553394, 0.022855021059513092, -0.018069202080368996, -0.01460232026875019, 0.02255948819220066, 0.030902311205863953, 0.03317885100841522, -0.01966054178774357, -0.00029654547688551247, -0.027793511748313904, -0.016169220209121704, 0.04942537844181061, 0.05189162492752075, -0.008209672756493092, 0.03148161992430687, 0.0018235661555081606, 0.0186463575810194, 0.022603671997785568, -0.014346853829920292, -0.07966075837612152, 0.012673008255660534, 0.017247673124074936, -0.020444434136152267, 0.011608372442424297, -0.032891977578401566, -0.017772428691387177, -0.006336857099086046, -0.027851823717355728, -0.017052069306373596, -0.023243434727191925, -0.013021090067923069, -0.012120373547077179, 0.023531250655651093, -0.020153144374489784, 0.025509687140583992, 0.06998295336961746, -0.03568580001592636, 0.049825917929410934, -0.008696623146533966, 0.008612459525465965, -0.032289933413267136, 0.026476796716451645, 0.016880182549357414, -0.02795596420764923, -0.0052926428616046906, -0.021294793114066124, -0.0364924855530262, -0.07974541187286377, -0.04998697340488434, -0.003678698558360338, 0.01759186200797558, -0.05311864614486694, -0.020716888830065727, 0.022418251261115074, 0.021176692098379135, 0.02246653102338314, 0.026665695011615753, -0.06739121675491333, 0.03391890972852707, 0.016823260113596916, -0.024155613034963608, 0.08899097889661789, 0.004201959352940321, -0.015465202741324902, 0.029135016724467278, 0.05767960846424103, 0.01956908032298088, -0.008239819668233395, 0.032905567437410355, 0.0024772328324615955, -0.0453544557094574, -0.021987002342939377, 0.023859653621912003, -0.0022935806773602962, -0.10089537501335144, 0.038029979914426804, -0.00015001336578279734, 0.042056821286678314, -0.01852346397936344, 0.04837910830974579, -0.05280868336558342, 0.0009671174339018762, -0.013256070204079151, 0.009992167353630066, -0.061214398592710495, -0.051442574709653854, 0.051853302866220474, -0.006569819524884224, 0.015670977532863617, 0.00883246585726738, -0.02379000373184681, 0.0316278301179409, -0.04315854609012604, 0.008475142531096935, 0.018272021785378456, 0.024957789108157158, 0.018861059099435806, 0.062388285994529724, 0.03583046421408653, 0.012366797775030136, -0.023756664246320724, 0.013684875331819057, 0.017458293586969376, -0.037814911454916, 0.02581443265080452, 0.10678840428590775, -0.06314478069543839, -0.006545000243932009, -0.026794666424393654, -0.028862562030553818, -0.0525975227355957, -0.08210670202970505, 0.054188091307878494, 0.01468698587268591, -0.00969014223664999, -0.00913233868777752, 0.03187517821788788, -0.046393729746341705, -0.015343362465500832, -0.05647899955511093, 0.0237228162586689, 0.023656027391552925, -0.0028085105586797, 0.007321031764149666, -0.04038802906870842, 0.017902811989188194, -0.022603388875722885, -0.05131619796156883, -0.004531463608145714, 0.019059037789702415, 0.010221658274531364, -0.027729161083698273, 0.11640649288892746, -0.0365128256380558, 0.011943170800805092, 0.07910114526748657, -0.02635178342461586, 0.025650260969996452, -0.07879652082920074, -0.037555351853370667, 0.03657881170511246, 0.07424546033143997, 0.00576002849265933, -0.05782163143157959, -0.021917065605521202, 0.07929837703704834, -0.03597205504775047, 0.021333951503038406, -0.0719691812992096, 0.07440663874149323, -0.02895502746105194, -0.021211963146924973, 0.09140513092279434, -0.00901226419955492, 0.07457848638296127, -0.02683151885867119, -0.00960594043135643, 0.014464210718870163, -0.03720561042428017, 0.003151095472276211, -0.004065440036356449, -0.06977066397666931, 0.030958272516727448, -0.028555607423186302, -0.003650446655228734, -0.017263006418943405, 0.048815466463565826, -0.03789599612355232, -0.03303879499435425, -0.017908409237861633, 0.0127296457067132, 0.00927046686410904, -0.027764875441789627, 0.04533892869949341, -0.00962460320442915, 0.026465244591236115, -0.014389850199222565, -0.02574748732149601, 0.03120795637369156, -0.0075823403894901276, -0.00018639641348272562, -0.009068307466804981, 0.04386347904801369, 0.00702795060351491, 0.0015133032575249672, 2.6183410227531567e-05, -0.04369402676820755, -0.05197752267122269, 0.02549944818019867, 0.0017765267984941602, 0.05588844045996666, 0.07885267585515976, 0.03446798026561737, 0.022100940346717834, 0.04486830532550812, -0.013738307170569897, -0.008520718663930893, 9.225930989487097e-05, 0.0012856811517849565, -0.010315507650375366, -0.0318993516266346, -0.04458649083971977, 0.03605163097381592, 0.05283522605895996, 0.006127881817519665, 0.0011792652076110244, -0.014644541777670383, 0.03595934063196182, 0.03467487171292305, -0.014111599884927273, -5.988944618083884e-33, 0.019069403409957886, -0.02778524160385132, 0.02330155111849308, -0.02338852919638157, -0.0318714939057827, -0.011939152143895626, 0.027489976957440376, -0.028408369049429893, -0.04241158440709114, -0.005593257024884224, -0.028866233304142952, 0.01793416030704975, 0.01326516643166542, 0.03037152998149395, 0.019935807213187218, 0.052553605288267136, 0.005172359757125378, 0.009042964316904545, 0.0074051120318472385, -0.013320586644113064, -0.0369998998939991, 0.03743350878357887, 0.013676530681550503, -0.010028528049588203, -0.023374928161501884, -0.03480629250407219, -0.020418891683220863, 0.010878456756472588, 0.028430333361029625, 0.009993204846978188, 0.023767778649926186, -0.022359557449817657, 0.011891011148691177, -0.04340779408812523, 0.00392600754275918, -0.011086679995059967, -0.048181332647800446, 0.0008948748582042754, -0.021328259259462357, 0.05792047828435898, -0.00018516293494030833, 0.012763621285557747, 0.004109048750251532, -0.004373723175376654, -0.009333768859505653, -0.04610486701130867, 0.007628193590790033, 0.0012041317531839013, 0.027394244447350502, -0.02046467922627926, -0.0834319218993187, 0.00847054086625576, -0.042951714247465134, 0.042125456035137177, 0.012094304896891117, 0.008077528327703476, 0.009453648701310158, -0.0260004960000515, -0.03291984647512436, -0.008092665113508701, -0.04541385918855667, 0.05749000236392021, 0.0429556742310524, -0.059787508100271225, -0.03174204379320145, 0.006325719878077507, 0.05045854300260544, 0.01949440687894821, 0.020179567858576775, -0.05963165685534477, -0.02180611900985241, 0.040868110954761505, -0.044939905405044556, -0.03738872706890106, 0.026650644838809967, -0.06001053750514984, -0.06262759864330292, 0.00039654134889133275, -0.0006772843189537525, 0.049203917384147644, -0.012440848164260387, 0.05597503110766411, -0.02132950909435749, -0.02597467601299286, 0.049468327313661575, -0.03348437324166298, -0.0030259189661592245, -0.00398046663030982, 0.02800966054201126, 0.014562340453267097, -0.0019991204608231783, -0.029167037457227707, -0.04688985273241997, -0.010403983294963837, 0.08907979726791382, 0.0012194848386570811, -0.023838721215724945, -0.011158827692270279, -0.007504137698560953, -0.0037578491028398275, -0.010292576625943184, 0.00508428830653429, -0.03276987746357918, 0.013017339631915092, 0.07258127629756927, 0.02249954454600811, -0.02105708047747612, -0.01819591037929058, -0.04066776856780052, -0.017061006277799606, -0.025553615763783455, -0.029576152563095093, -0.003915033768862486, -0.03301094472408295, -0.058469172567129135, -0.03383663296699524, 0.02449733577668667, -0.07610515505075455, 0.029677221551537514, 0.003101631999015808, -0.006494670640677214, -0.03604787588119507, 0.02407216466963291, -0.04594236612319946, -0.007424700073897839, 0.016288939863443375, -0.004271821118891239, 0.004113408736884594, -0.011729953810572624, -0.09480065852403641, 0.008018797263503075, 0.011846169829368591, 3.0350923907462857e-07, -0.04122371971607208, 0.048764776438474655, -0.013844410888850689, 0.019666532054543495, -0.028987564146518707, -0.021997595205903053, -0.05095377564430237, -3.2357133022742346e-05, -0.0023692362010478973, 0.04703529551625252, -0.0047001526691019535, -0.027123261243104935, -0.04817366972565651, -0.05541747435927391, -0.03209966421127319, -0.03806258365511894, 0.0025854408740997314, 0.0037132115103304386, -0.019020965322852135, 0.06733402609825134, 0.056580476462841034, 0.03650980815291405, 0.03108995407819748, -0.024135587736964226, 0.012190663255751133, 0.024443751201033592, -0.05026104301214218, 0.007729880511760712, 0.04172835499048233, 0.031384605914354324, 0.06252967566251755, -0.045876823365688324, -0.014255248010158539, 0.05922994390130043, -0.0034224579576402903, 0.005004594102501869, 0.0631570965051651, 0.046681568026542664, 0.0020574689842760563, 0.058104194700717926, 0.037516266107559204, 0.015706866979599, 0.0546284094452858, -0.006388596259057522, 0.05152907967567444, 0.01997382380068302, -0.037373535335063934, -0.03349361568689346, -0.06099070981144905, 0.0022797288838773966, -0.0048181745223701, 0.08051326870918274, 0.002674950286746025, -0.03372785821557045, -0.0038032776210457087, -0.0335715226829052, -0.06470361351966858, 0.01641608029603958, 0.02831646427512169, 0.00860622338950634, -0.02820269577205181, -0.02944067306816578, 0.010781390592455864, 0.026287531480193138, 0.10410333424806595, -0.002171041676774621, -0.019831383600831032, 3.666431624239506e-34, -0.006320580840110779, 0.010898350737988949, 0.027675515040755272, 0.0194595567882061, 0.03933900594711304, -0.040601495653390884, 0.0407237708568573, -0.026432089507579803, 0.004755700938403606, -0.04084370285272598, -0.04167752340435982]","{'Experience': 'and growth opportunities for mutual benefit.', 'Education': ': [\'B.Tech. (Electrical Engineering Specialization in Computer Science)\', \'XII\', \'X\'] [\'Electrical Engineering Specialized in Computer Science\', \'N/A\', \'N/A\'] [\'Dayalbagh Educational Institute, Dayalbagh, Agra\', ""St. Clare\'s Senior Secondary School, Agra"", ""St. Clare\'s Senior Secondary School, Agra""] Bachelor’s degree in Mechanical Engineering from a reputed institute.', 'Skills': ': c++, python, java, html, css, javascript, data structures, sql, pycharm, jupyter notebook, google colab, code blocks, matlab, turbo c++, ms office, scikit-learn, tensorflow, opencv, numpy, pytesseract, keras, autocad, solidworks, nlp, web scraping, bs4, lda topic modeling, ocr, ner text classification, deep learning, computer vision, ssd, gans, neural networks, machine learning, data science'}",target position mechanical designer objective energetic innovative engineering undergraduate passionate about machine learning nlp and deep learning for solving real world problems aiming to work in an organization providing great learning experience and growth opportunities for mutual benefit. skills c++ python java html css javascript data structures sql pycharm jupyter notebook google colab code blocks matlab turbo c++ ms office scikit learn tensorflow opencv numpy pytesseract keras autocad solidworks nlp web scraping bs4 lda topic modeling ocr ner text classification deep learning computer vision ssd gans neural networks machine learning data science education b.tech. electrical engineering specialization in computer science xii x electrical engineering specialized in computer science n a n a dayalbagh educational institute dayalbagh agra st. clare s senior secondary school agra st. clare s senior secondary school agra bachelor s degree in mechanical engineering from a reputed institute. experience at least 5 years intern intern design creation cad drawings design optimization team collaboration compliance assurance design reviews manufacturing support documentation design creation cad drawings design optimization team collaboration compliance assurance design reviews manufacturing support documentation july 2021 may 2021 aug 2021 june 2021,"['target', 'position', 'mechanical', 'designer', 'objective', 'energetic', 'innovative', 'engineering', 'undergraduate', 'passionate', 'machine', 'learning', 'nlp', 'deep', 'learning', 'solving', 'real', 'world', 'problem', 'aiming', 'work', 'organization', 'providing', 'great', 'learning', 'experience', 'growth', 'opportunity', 'mutual', 'benefit', 'skill', 'c++', 'python', 'java', 'html', 'cs', 'javascript', 'data', 'structure', 'sql', 'pycharm', 'jupyter', 'notebook', 'google', 'colab', 'code', 'block', 'matlab', 'turbo', 'c++', 'm', 'office', 'scikit', 'learn', 'tensorflow', 'opencv', 'numpy', 'pytesseract', 'kera', 'autocad', 'solidworks', 'nlp', 'web', 'scraping', 'bs4', 'lda', 'topic', 'modeling', 'ocr', 'ner', 'text', 'classification', 'deep', 'learning', 'computer', 'vision', 'ssd', 'gans', 'neural', 'network', 'machine', 'learning', 'data', 'science', 'education', 'b', 'tech', 'electrical', 'engineering', 'specialization', 'computer', 'science', 'xii', 'x', 'electrical', 'engineering', 'specialized', 'computer', 'science', 'n', 'n', 'dayalbagh', 'educational', 'institute', 'dayalbagh', 'agra', 'st', 'clare', 'senior', 'secondary', 'school', 'agra', 'st', 'clare', 'senior', 'secondary', 'school', 'agra', 'bachelor', 'degree', 'mechanical', 'engineering', 'reputed', 'institute', 'experience', 'least', 'year', 'intern', 'intern', 'design', 'creation', 'cad', 'drawing', 'design', 'optimization', 'team', 'collaboration', 'compliance', 'assurance', 'design', 'review', 'manufacturing', 'support', 'documentation', 'design', 'creation', 'cad', 'drawing', 'design', 'optimization', 'team', 'collaboration', 'compliance', 'assurance', 'design', 'review', 'manufacturing', 'support', 'documentation', 'july', 'may', 'aug', 'june']",target position mechanical designer objective energetic innovative engineering undergraduate passionate machine learning nlp deep learning solving real world problem aiming work organization providing great learning experience growth opportunity mutual benefit skill c++ python java html cs javascript data structure sql pycharm jupyter notebook google colab code block matlab turbo c++ m office scikit learn tensorflow opencv numpy pytesseract kera autocad solidworks nlp web scraping bs4 lda topic modeling ocr ner text classification deep learning computer vision ssd gans neural network machine learning data science education b tech electrical engineering specialization computer science xii x electrical engineering specialized computer science n n dayalbagh educational institute dayalbagh agra st clare senior secondary school agra st clare senior secondary school agra bachelor degree mechanical engineering reputed institute experience least year intern intern design creation cad drawing design optimization team collaboration compliance assurance design review manufacturing support documentation design creation cad drawing design optimization team collaboration compliance assurance design review manufacturing support documentation july may aug june
cand_00014,14,Mechanical Engineer,"Target position: Mechanical Engineer Objective: Soon-to-be Computer Science graduate eager to continue exploring the inspiring, innovative field of Android Development. As a seasoned intern, I am looking to join an Android Development team with AT&T as a junior developer. Skills: java, spring, javascript, css, html, rest apis, react native, kotlin, postgresql, mysql, maintenance and troubleshooting, mechanical, android development, performance monitoring, quality assurance, team collaboration, bug fixing, performance improvement, cross-functional collaboration, data integrity, feature development Education: ['Bachelor of Science'] ['Computer Science'] ['University of Santa Clara'] Bachelor of Science (BSc) in Mechanical Engineering, Diploma in Mechanical Experience: 2 to 5 years ['Android Developer Intern', 'Android Developer Intern'] Machinery Maintenance Troubleshooting Report Preparation Log Maintenance Machinery Maintenance Troubleshooting Report Preparation Log Maintenance ['May 2021', 'January 2021'] ['current', 'May 2021']","[""java"", ""spring"", ""javascript"", ""css"", ""html"", ""rest apis"", ""react native"", ""kotlin"", ""postgresql"", ""mysql"", ""maintenance and troubleshooting"", ""mechanical"", ""android development"", ""performance monitoring"", ""quality assurance"", ""team collaboration"", ""bug fixing"", ""performance improvement"", ""cross-functional collaboration"", ""data integrity"", ""feature development""]","[""java"", ""spring"", ""javascript"", ""css"", ""html"", ""rest apis"", ""react native"", ""kotlin"", ""postgresql"", ""mysql"", ""maintenance and troubleshooting"", ""mechanical"", ""android development"", ""performance monitoring"", ""quality assurance"", ""team collaboration"", ""bug fixing"", ""performance improvement"", ""cross-functional collaboration"", ""data integrity"", ""feature development""]","['Bachelor of Science'] ['Computer Science'] ['University of Santa Clara'] Bachelor of Science (BSc) in Mechanical Engineering, Diploma in Mechanical","2 to 5 years ['Android Developer Intern', 'Android Developer Intern'] Machinery Maintenance
Troubleshooting
Report Preparation
Log Maintenance Machinery Maintenance
Troubleshooting
Report Preparation
Log Maintenance ['May 2021', 'January 2021'] ['current', 'May 2021']",5.0,INFORMATION-TECHNOLOGY,"[0.04003899171948433, -0.021567868068814278, -0.06424618512392044, -0.061266157776117325, 0.05957994610071182, 0.013516710139811039, -0.0061122579500079155, -0.005404017865657806, -0.010151281021535397, -0.05414522439241409, 0.047643739730119705, -0.033041879534721375, -0.008347690105438232, 0.00325972493737936, -0.02202325500547886, 0.043338190764188766, -0.004849463701248169, 0.02229076251387596, -0.009680028073489666, 0.02475087158381939, -0.03966386616230011, 0.007716170512139797, 0.0069025191478431225, -0.01733548566699028, 0.00884337816387415, -0.005120500922203064, 0.0404072143137455, 0.020118746906518936, 0.029339389875531197, -0.02732696942985058, -0.02115778811275959, -0.025796877220273018, -0.04448020085692406, -0.03164584934711456, 2.25289886657265e-06, 0.0004023777146358043, 0.033674683421850204, 0.019679710268974304, 0.03546770662069321, -0.048583418130874634, 0.003156902501359582, 0.0013943212106823921, -0.012910076417028904, 0.05201747268438339, -0.03424344211816788, -0.000810619501862675, 0.03094172291457653, -0.026251699775457382, 0.03246096521615982, 0.02300146035850048, 0.010730226524174213, 0.01674901880323887, -0.04553793743252754, 0.013799085281789303, 0.00669105164706707, -0.01602843776345253, -0.03688913956284523, 0.010600770823657513, 0.050523340702056885, -0.001806944259442389, 0.027747664600610733, -0.03805485740303993, 0.02696901373565197, 0.018133755773305893, 0.08394578844308853, 0.07009105384349823, 0.027499638497829437, -0.022667868062853813, 0.017093053087592125, -0.05330808833241463, 0.017401549965143204, 0.002667056629434228, -0.0263886209577322, 0.026260266080498695, -0.01736944355070591, -0.012617303989827633, 0.0509381927549839, -0.04355683550238609, -0.02766973152756691, 0.005903078243136406, -0.09209092706441879, -0.0028532056603580713, -0.01413572859019041, -0.060518790036439896, 0.029621614143252373, -0.02960493229329586, 0.007665876764804125, -0.013492808677256107, -0.01648551970720291, 0.02423163130879402, 0.09893210977315903, -0.004439287818968296, 0.025840697810053825, 0.01137534063309431, 0.014046360738575459, 0.0016741134459152818, 0.04188603535294533, -0.08277514576911926, 0.0034800837747752666, -0.017589785158634186, -0.06347068399190903, 0.043458059430122375, 0.044668976217508316, -0.044677190482616425, -0.05961693450808525, -0.019072482362389565, 0.03995193913578987, 0.027976952493190765, -0.02185233309864998, 0.018418775871396065, 0.024824580177664757, 0.016642257571220398, -0.037015650421381, -0.03407100588083267, -0.01544500794261694, 0.03585903346538544, 0.004248862154781818, 0.002978701377287507, 0.042778268456459045, -0.04495856910943985, 0.022669626399874687, 0.036241572350263596, -0.023928238078951836, -0.028275230899453163, -0.017582060769200325, -0.03954552114009857, -0.00031468403176404536, 0.04493662342429161, 0.01821845956146717, 0.009758904576301575, 0.013806095346808434, -0.036709897220134735, -0.020530764013528824, -0.016153963282704353, -0.006934598553925753, 0.055921703577041626, -0.02759837731719017, 0.055277787148952484, -0.048955705016851425, 0.045860979706048965, -0.015431487001478672, 0.0012906987685710192, -0.04469411075115204, 0.007708973251283169, -0.017632344737648964, -0.01714879833161831, -0.00394847709685564, 0.0022839230950921774, 0.027972808107733727, 0.022479131817817688, 0.04950607195496559, -0.02434574067592621, 0.007217841688543558, -0.020691251382231712, 0.010760643519461155, 0.04856214299798012, 0.0653388500213623, 0.004404246341437101, 0.005284312181174755, 0.10563391447067261, 0.0004099949437659234, -0.02550642192363739, -0.056272368878126144, 0.01756122149527073, -0.05348847433924675, 0.01836306042969227, 0.059349820017814636, -0.005035984795540571, 0.0022281210403889418, -0.005037009250372648, -0.008514788933098316, -0.023259874433279037, 0.008344284258782864, 0.05420302972197533, -0.0008986761095002294, 8.693060954101384e-05, -0.0032657436095178127, -0.006823363248258829, 0.01588447205722332, -0.016004176810383797, -0.0352424718439579, -0.1760273426771164, 0.006912922952324152, 0.043947670608758926, -0.009744111448526382, -0.0019208886660635471, 0.0021279011853039265, 0.09319332242012024, 0.005769653245806694, 0.028024105355143547, -0.018298443406820297, 0.0027541443705558777, -0.08214804530143738, 0.022955752909183502, 0.011046583764255047, -0.004162899684160948, 0.011609657667577267, -0.03559499979019165, -0.030953753739595413, -0.034810736775398254, -0.07895905524492264, -0.004905183333903551, -0.007476125843822956, -0.011809521354734898, 0.0013019919861108065, 0.005676260683685541, -0.051388587802648544, -0.018928833305835724, -0.033950548619031906, 0.013392621651291847, 0.05794809013605118, 0.004130240995436907, 0.028506681323051453, -0.013251151889562607, 0.015780167654156685, 0.024774765595793724, 0.008550474420189857, 0.035600561648607254, 0.023414799943566322, -0.0025828310754150152, -0.0021169674582779408, 0.0013940253993496299, -0.1002236157655716, 0.0065088155679404736, 0.02892565168440342, 0.0067075444385409355, 0.05716298520565033, -0.00018077001732308418, 0.025538234040141106, 0.02860632911324501, 0.016579564660787582, -0.017555586993694305, 0.011537943966686726, -0.048805564641952515, 0.0388786718249321, 0.09966693818569183, 0.034279100596904755, 0.006663329433649778, 0.0007422469207085669, -0.030077243223786354, -0.05769819766283035, -0.05674115568399429, 0.03853384405374527, 0.0067761787213385105, 0.00390736386179924, 0.011876162141561508, 0.039723705500364304, 0.044259291142225266, 0.0522383414208889, -0.010845145210623741, -0.02407594583928585, 0.015190035104751587, 0.00752651272341609, 0.07068482786417007, -0.015197248198091984, 0.010017972439527512, -0.028923453763127327, -0.006358101032674313, -0.06807675957679749, -0.012099090032279491, -0.012404137291014194, -0.04055178165435791, 0.025754230096936226, -0.034343089908361435, 0.045588139444589615, -0.044985584914684296, -0.013367165811359882, -0.022891182452440262, -0.01184761431068182, 0.0051251305267214775, 0.019843043759465218, 0.03533048927783966, 0.019821085035800934, -0.015255223959684372, -0.0205738116055727, -0.002723062876611948, -0.002537681255489588, 0.04752901941537857, -0.02133271098136902, 0.009950719773769379, 0.05565784499049187, -0.01579625904560089, 0.030622506514191628, 0.01437006238847971, -0.035859204828739166, -0.04331477731466293, 0.05457611754536629, -0.03074716404080391, -0.032656051218509674, 0.06193296238780022, 0.022296445444226265, -0.027838069945573807, 0.007791048381477594, -0.09070205688476562, -0.023007707670331, 0.025239543989300728, 0.0042259786278009415, 0.048915594816207886, -0.019198916852474213, 0.040322862565517426, 0.021400989964604378, -0.001886783866211772, 0.06788630038499832, -0.012410992756485939, 0.058170486241579056, 0.009077860042452812, 0.01069005485624075, -0.0184670127928257, -0.002917985199019313, -0.04697776213288307, -0.02405749447643757, 0.015140286646783352, -0.002539860550314188, -0.022993309423327446, -0.003070330712944269, -0.0018591299885883927, 0.05305774509906769, 0.06240333989262581, -0.04064420983195305, 0.030635150149464607, -0.06278534978628159, -0.0016673851059749722, -0.003113923128694296, -0.0012462997110560536, 0.00288660847581923, -0.07369375228881836, -0.03255792707204819, 0.0001522886159364134, 0.0441998727619648, -0.05420398712158203, -0.00851572398096323, 0.07505252957344055, -0.027136368677020073, 0.005770341958850622, 0.07470209151506424, -0.07324982434511185, -0.013151541352272034, -0.0276606697589159, -0.014682409353554249, -0.008397604338824749, -0.016213348135352135, -0.002003027591854334, 0.014851018786430359, 0.034496355801820755, 0.004980194848030806, -0.018706215545535088, -0.0018603228963911533, -0.012411252595484257, -0.03165143355727196, 0.04039740934967995, -0.003861889010295272, 0.011221800930798054, 0.018540628254413605, -0.028145186603069305, 0.025542810559272766, -0.05902952328324318, -0.002632957184687257, 0.06085322052240372, -0.05345633253455162, 0.010755065828561783, 0.010312353260815144, -0.031295135617256165, 0.08713637292385101, -0.03679901733994484, -0.032006312161684036, 0.0049194772727787495, 0.037543293088674545, -0.023656202480196953, 0.023319682106375694, 0.03304807469248772, 0.06121290847659111, -0.020197376608848572, -0.019238922744989395, -0.003750349162146449, -0.030395733192563057, -0.039462897926568985, 0.010291164740920067, 0.06346997618675232, 0.0007661387207917869, 0.03647029027342796, 0.05387815088033676, -0.04100080579519272, 0.026421112939715385, -0.021617963910102844, -0.03229677304625511, -0.004792687017470598, 0.02773100696504116, -0.014770466834306717, 0.00499327527359128, 0.0006726328865624964, -0.010169501416385174, -0.010631460696458817, -0.052385881543159485, -0.01167769730091095, 0.017244774848222733, 0.014824636280536652, -0.012830881401896477, -0.046672310680150986, -0.001854341826401651, -0.005476352293044329, -0.014687435701489449, -0.07814300060272217, -0.028138326480984688, 0.0866253450512886, -0.028327103704214096, -0.05659142881631851, 0.07859296351671219, -0.007445701863616705, -0.019432159140706062, 0.06956738978624344, -0.035146620124578476, -0.009410298429429531, 0.022454624995589256, 0.03938087821006775, -0.07257577776908875, -0.07932467013597488, 0.009709450416266918, 0.055234145373106, 0.023046929389238358, -0.09214743226766586, 0.03723724186420441, 0.016253426671028137, 0.06594334542751312, -0.022799894213676453, 0.043287210166454315, -0.03268183767795563, -0.016475249081850052, -0.036567121744155884, -0.017804492264986038, -0.048940252512693405, -0.06406127661466599, 0.042553432285785675, -0.04495126008987427, 0.039043113589286804, -0.03221375122666359, -0.01407719124108553, 0.0478598028421402, -0.017535192891955376, -0.008274923078715801, 0.06858514994382858, -0.016970444470643997, 0.004899481777101755, 0.050149671733379364, 0.07502417266368866, 0.02735099010169506, -0.04593513533473015, 0.028673363849520683, 0.05130307748913765, -0.021368002519011497, 0.05093035474419594, 0.0839344784617424, -0.02286112681031227, -0.034099165350198746, -0.05095681548118591, -0.018612980842590332, -0.034416936337947845, -0.054240163415670395, 0.06080630049109459, -0.0046060653403401375, -0.024143261834979057, -0.005147635471075773, 0.03163010999560356, -0.034939248114824295, -0.050393301993608475, -0.02199125662446022, -0.08342663943767548, 0.04633540287613869, -0.043315865099430084, 0.024568555876612663, -0.07374875992536545, 0.01703551784157753, -0.01065058633685112, -0.02851630561053753, -0.014404110610485077, -0.028232460841536522, 0.017895882949233055, -0.025815097615122795, 0.049435343593358994, -0.08413830399513245, 0.01395628321915865, 0.042658887803554535, -0.0007371550891548395, 0.01764233037829399, -0.07766255736351013, -0.01874534599483013, 0.012467890977859497, 0.049161165952682495, -0.005119068548083305, -0.03143809363245964, -0.0272898580878973, 0.01571773737668991, -0.031739067286252975, 0.0005954242660664022, -0.02783024124801159, 0.017030343413352966, 0.016696108505129814, 0.024651752784848213, 0.09459471702575684, -0.06107740476727486, 0.08442281931638718, -0.021615521982312202, 0.007344011217355728, 0.007037246599793434, -0.04582779109477997, -0.031028443947434425, -0.020632579922676086, -0.056168314069509506, 0.0071868919767439365, -0.04797013849020004, -0.010241133160889149, -0.02203189954161644, 0.04237757995724678, -0.02059064619243145, -0.02969171665608883, -0.022262955084443092, 0.002385276136919856, -0.006964311469346285, -0.046163566410541534, 0.03336222469806671, -0.0721299946308136, -0.0006266430718824267, -0.028255736455321312, -0.01533281896263361, -0.0013527742121368647, 0.008363618515431881, 0.015134880319237709, 0.021490156650543213, 0.017829682677984238, -0.011927486397325993, 0.02777501568198204, -0.008751499466598034, -0.013155579566955566, -0.04938419163227081, 0.020750995725393295, 0.035836342722177505, 0.035835087299346924, 0.10508066415786743, 0.011543464846909046, 0.0005206546629779041, 0.01274385116994381, -0.0323353186249733, 0.006069488823413849, -0.005437958985567093, -0.026431890204548836, 0.02646212838590145, -0.02492949552834034, -0.08173929899930954, 0.06639591604471207, 0.010546869598329067, 0.008079132996499538, 0.015615003183484077, -0.07220783829689026, 0.01015416719019413, 0.09425584971904755, -0.0034838335122913122, -5.928323272386025e-33, 0.026734424754977226, 0.0029261375311762094, -0.0035485890693962574, -0.03808531165122986, -0.02544720098376274, -3.409716737223789e-05, 0.0247203316539526, -0.007454223465174437, -0.016177119687199593, -0.015204050578176975, -0.03701194003224373, 0.032077934592962265, 0.009824766777455807, -0.00418554712086916, 0.03497135266661644, 0.07900616526603699, 0.06835837662220001, 0.02985890582203865, 0.01843000389635563, -0.0033182972110807896, -0.07239681482315063, 0.034751296043395996, -0.012934498488903046, 0.02027672901749611, 0.007449379190802574, -0.00866594910621643, 0.010886996053159237, -0.004219401627779007, 0.03779536485671997, -0.021467991173267365, 0.028791315853595734, -0.05069337412714958, 0.01695217564702034, -0.014468166045844555, 0.002729624742642045, -0.02822195552289486, 0.0159529410302639, -0.018844755366444588, -0.030817566439509392, 0.046585287898778915, 0.012819063849747181, 0.0023004075046628714, 0.001599165378138423, -0.011830007657408714, -0.01728968881070614, -0.06335178762674332, 0.029720641672611237, -0.017113838344812393, 0.026217656210064888, -0.03873095661401749, -8.897640509530902e-05, 0.03346685320138931, 0.02249784581363201, 0.031979065388441086, -0.019176345318555832, -0.01611489988863468, -0.05116014555096626, -0.023297131061553955, -0.001952381688170135, -0.043989114463329315, -0.059210631996393204, 0.05532228201627731, 0.016068845987319946, -0.0394657664000988, -0.008665630593895912, -0.00516067910939455, 0.028257351368665695, 0.011415023356676102, 0.02323988825082779, -0.021681223064661026, -0.05924027040600777, 0.08480311185121536, -0.0610799565911293, 0.007695237640291452, 0.03712863102555275, -0.05263036489486694, -0.012094995006918907, 0.002724664518609643, 0.01685214973986149, 0.057110294699668884, -0.04623807221651077, 0.04410575330257416, -0.027690637856721878, -0.005493058357387781, 0.03718185797333717, -0.025000980123877525, 0.005178806371986866, -0.06745544075965881, -0.005893684457987547, 0.03377612680196762, -0.016712496057152748, -0.0098945964127779, -0.02193511463701725, 0.010468756780028343, 0.08287575095891953, -0.04486722871661186, 0.0020264186896383762, -0.0005371336010284722, -0.029680250212550163, 0.010026062838733196, -0.04315389692783356, 0.03937739133834839, -0.03576073423027992, 0.045040324330329895, 0.027637924998998642, 0.0067998990416526794, -0.016047842800617218, -0.021413961425423622, -0.01100882887840271, -0.012770331464707851, -0.005356540437787771, -0.04631679132580757, -0.02430645190179348, -0.030954815447330475, -0.040546391159296036, 0.007108462508767843, 0.056252364069223404, 0.05410756170749664, -0.005158684216439724, -0.026069361716508865, -0.018750613555312157, -0.037769388407468796, 0.02966463193297386, -0.049194447696208954, 0.0017292237607762218, 0.014516511000692844, 0.0003767710004467517, -0.07536504417657852, -0.00788852572441101, -0.03554612770676613, 0.012267413549125195, 0.040538638830184937, 2.995923580328963e-07, -0.05617844685912132, -0.010855324566364288, 0.008317235857248306, -0.005392887629568577, 0.004715899936854839, -0.018507225438952446, 0.00031986486283130944, -0.027622919529676437, 0.029874106869101524, 0.001814318704418838, 0.0066165621392428875, -0.019178779795765877, 0.013298746198415756, 0.0063230679370462894, 0.011628187261521816, -0.02180476486682892, -0.00028553212177939713, -0.029917297884821892, -0.013613804243505001, 0.03673365339636803, 0.06880652904510498, 0.019435729831457138, -0.0014454983174800873, 0.03505827486515045, 0.019358759745955467, -0.0005699844914488494, -0.027074815705418587, 0.011203327216207981, 0.041017722338438034, 0.07620184123516083, 0.05032314732670784, -0.044803597033023834, -0.02712250128388405, 0.025922175496816635, -0.013236753642559052, -0.05536076799035072, 0.04303115978837013, 0.02830962836742401, -0.025138268247246742, 0.03953590989112854, 0.02007823996245861, -0.012312277220189571, 0.02150958590209484, -0.0047370330430567265, 0.013327397406101227, 0.02649504318833351, -0.036740757524967194, -0.01170728262513876, -0.05208437889814377, -0.007511775009334087, -0.022078225389122963, 0.10338957607746124, -0.01592550426721573, -0.02408093959093094, 0.023604586720466614, -0.019192516803741455, -0.07373987138271332, -0.02159295231103897, 0.023561708629131317, 0.033193591982126236, -4.9207519623450935e-05, -0.04991235211491585, 0.01444255094975233, 0.032054029405117035, 0.06885787844657898, -0.005705149844288826, 0.017895547673106194, 2.963258020828566e-34, -0.029300764203071594, 0.012339353561401367, 0.04294221103191376, 0.05374789237976074, 0.03870440647006035, -0.042526353150606155, 0.07056109607219696, -0.022128157317638397, 0.004548225551843643, -0.023670759052038193, -0.050612691789865494]","{'Experience': "": 2 to 5 years ['Android Developer Intern', 'Android Developer Intern'] Machinery Maintenance Troubleshooting Report Preparation Log Maintenance Machinery Maintenance Troubleshooting Report Preparation Log Maintenance ['May 2021', 'January 2021'] ['current', 'May 2021']"", 'Education': "": ['Bachelor of Science'] ['Computer Science'] ['University of Santa Clara'] Bachelor of Science (BSc) in Mechanical Engineering, Diploma in Mechanical"", 'Skills': ': java, spring, javascript, css, html, rest apis, react native, kotlin, postgresql, mysql, maintenance and troubleshooting, mechanical, android development, performance monitoring, quality assurance, team collaboration, bug fixing, performance improvement, cross-functional collaboration, data integrity, feature development'}",target position mechanical engineer objective soon to be computer science graduate eager to continue exploring the inspiring innovative field of android development. as a seasoned intern i am looking to join an android development team with at t as a junior developer. skills java spring javascript css html rest apis react native kotlin postgresql mysql maintenance and troubleshooting mechanical android development performance monitoring quality assurance team collaboration bug fixing performance improvement cross functional collaboration data integrity feature development education bachelor of science computer science university of santa clara bachelor of science bsc in mechanical engineering diploma in mechanical experience 2 to 5 years android developer intern android developer intern machinery maintenance troubleshooting report preparation log maintenance machinery maintenance troubleshooting report preparation log maintenance may 2021 january 2021 current may 2021,"['target', 'position', 'mechanical', 'engineer', 'objective', 'soon', 'computer', 'science', 'graduate', 'eager', 'continue', 'exploring', 'inspiring', 'innovative', 'field', 'android', 'development', 'seasoned', 'intern', 'looking', 'join', 'android', 'development', 'team', 'junior', 'developer', 'skill', 'java', 'spring', 'javascript', 'cs', 'html', 'rest', 'apis', 'react', 'native', 'kotlin', 'postgresql', 'mysql', 'maintenance', 'troubleshooting', 'mechanical', 'android', 'development', 'performance', 'monitoring', 'quality', 'assurance', 'team', 'collaboration', 'bug', 'fixing', 'performance', 'improvement', 'cross', 'functional', 'collaboration', 'data', 'integrity', 'feature', 'development', 'education', 'bachelor', 'science', 'computer', 'science', 'university', 'santa', 'clara', 'bachelor', 'science', 'bsc', 'mechanical', 'engineering', 'diploma', 'mechanical', 'experience', 'year', 'android', 'developer', 'intern', 'android', 'developer', 'intern', 'machinery', 'maintenance', 'troubleshooting', 'report', 'preparation', 'log', 'maintenance', 'machinery', 'maintenance', 'troubleshooting', 'report', 'preparation', 'log', 'maintenance', 'may', 'january', 'current', 'may']",target position mechanical engineer objective soon computer science graduate eager continue exploring inspiring innovative field android development seasoned intern looking join android development team junior developer skill java spring javascript cs html rest apis react native kotlin postgresql mysql maintenance troubleshooting mechanical android development performance monitoring quality assurance team collaboration bug fixing performance improvement cross functional collaboration data integrity feature development education bachelor science computer science university santa clara bachelor science bsc mechanical engineering diploma mechanical experience year android developer intern android developer intern machinery maintenance troubleshooting report preparation log maintenance machinery maintenance troubleshooting report preparation log maintenance may january current may
cand_00015,15,Database Administrator (DBA),"Target position: Database Administrator (DBA) Objective: Skills: machine learning, method development, artificial intelligence, data modeling, data visualization, data validation, deep learning, mysql, mongodb, python, plotly, seaborn, matplotlib, asp.net mvc strong understanding of database design, database administrator dba, database management, elasticsearch, mysql database, nosql database, redis Education: ['B.Tech'] ['Electronics and Telecommunication'] ['CDAC ACTS'] Bachelor of Science (BSc) in Computer Science Experience: At least 1 year ['Associate Software Engineer and Analyst'] Database Design & Development SQL Query Optimization Data Integrity & Security BI Solutions Development ETL Process Implementation Database Maintenance Backup & Restore Management Index Rebuilding & Performance Tuning SQL Server Clustering & High Availability SQL Server Replication High Availability Group Management Database Monitoring & Troubleshooting Database Design & Development SQL Query Optimization Data Integrity & Security BI Solutions Development ETL Process Implementation Database Maintenance Backup & Restore Management Index Rebuilding & Performance Tuning SQL Server Clustering & High Availability SQL Server Replication High Availability Group Management Database Monitoring & Troubleshooting ['Jun 2020'] ['till date']","[""machine learning"", ""method development"", ""artificial intelligence"", ""data modeling"", ""data visualization"", ""data validation"", ""deep learning"", ""mysql"", ""mongodb"", ""python"", ""plotly"", ""seaborn"", ""matplotlib"", ""asp.net mvc strong understanding of database design"", ""database administrator dba"", ""database management"", ""elasticsearch"", ""mysql database"", ""nosql database"", ""redis""]","[""machine learning"", ""method development"", ""artificial intelligence"", ""data modeling"", ""data visualization"", ""data validation"", ""deep learning"", ""mysql"", ""mongodb"", ""python"", ""plotly"", ""seaborn"", ""matplotlib"", ""asp.net mvc strong understanding of database design"", ""database administrator dba"", ""database management"", ""elasticsearch"", ""mysql database"", ""nosql database"", ""redis""]",['B.Tech'] ['Electronics and Telecommunication'] ['CDAC ACTS'] Bachelor of Science (BSc) in Computer Science,"At least 1 year ['Associate Software Engineer and Analyst'] Database Design & Development
SQL Query Optimization
Data Integrity & Security
BI Solutions Development
ETL Process Implementation
Database Maintenance
Backup & Restore Management
Index Rebuilding & Performance Tuning
SQL Server Clustering & High Availability
SQL Server Replication
High Availability Group Management
Database Monitoring & Troubleshooting Database Design & Development
SQL Query Optimization
Data Integrity & Security
BI Solutions Development
ETL Process Implementation
Database Maintenance
Backup & Restore Management
Index Rebuilding & Performance Tuning
SQL Server Clustering & High Availability
SQL Server Replication
High Availability Group Management
Database Monitoring & Troubleshooting ['Jun 2020'] ['till date']",1.0,INFORMATION-TECHNOLOGY,"[0.06190575286746025, 0.025597762316465378, -0.05639520287513733, -0.039825439453125, 0.06143924593925476, 0.026566335931420326, -0.06344760209321976, 0.0114627406001091, 0.005838850978761911, -0.034844644367694855, 0.05650634691119194, 0.003491266630589962, -0.0010662615532055497, 0.0779552310705185, 0.025280825793743134, -0.026790369302034378, -0.0011362897930666804, 0.011672338470816612, -0.031205851584672928, -0.004996674135327339, 0.00567323574796319, 7.983241812326014e-05, -0.02648809738457203, -0.02976122684776783, -0.014102255925536156, -0.014523230493068695, -0.0006479145376943052, 0.024274442344903946, -0.005349536892026663, 0.023774098604917526, 0.02873506024479866, -0.043040141463279724, -0.02535172924399376, -0.05362146347761154, 2.1400735477072885e-06, -0.03352874889969826, -0.03267872706055641, 0.008567809127271175, -0.02760716713964939, 0.011827017180621624, 0.014883303083479404, -0.004842131864279509, -0.002001902088522911, 0.05327734351158142, -0.02491481974720955, 0.044247668236494064, 0.03162623941898346, 0.026391711086034775, 0.019015895202755928, 0.04088909924030304, 0.014480258338153362, -0.03527739271521568, -0.01781313121318817, -0.01635940931737423, -0.017108168452978134, -0.07374446094036102, -0.00022052299755159765, 0.03013470023870468, 0.028214557096362114, 0.011785725131630898, -0.011636558920145035, -0.05625014752149582, -0.0669906809926033, -0.019528845325112343, 0.0182541124522686, 0.03460768610239029, 0.035226184874773026, 0.0012440065620467067, 0.00341714546084404, -0.029891300946474075, 0.01808483526110649, -0.018753735348582268, -0.018103163689374924, 0.03246679529547691, -0.016310440376400948, 0.017124410718679428, -0.013234146870672703, -0.0010244045406579971, 0.030849123373627663, 0.004623714368790388, -0.022105833515524864, 0.013395213522017002, -0.031537774950265884, -0.039006490260362625, -0.002150740008801222, 0.041689906269311905, -0.01083078421652317, -0.017443254590034485, 0.04799557849764824, -0.01566217839717865, 0.05974193662405014, 0.05268421769142151, 0.0046842265874147415, 0.018646148964762688, -0.07798812538385391, -0.0024739790242165327, 0.028579937294125557, -0.008835911750793457, 0.01638927310705185, 0.00764703843742609, 0.0042289551347494125, 0.017424853518605232, 0.01859925128519535, 0.01850823126733303, -0.03597470745444298, 0.04342637211084366, -0.00045952689833939075, 0.004943330306559801, -0.01992248184978962, -0.021473310887813568, -0.008193781599402428, 0.007495144382119179, -0.0038853364530950785, -0.0400242805480957, 0.029078416526317596, 0.02518404647707939, -0.04930176958441734, 0.0043955654837191105, -0.006633178796619177, 0.03600792959332466, 0.059844959527254105, 0.028252433985471725, -0.01746263913810253, 0.0503540076315403, -0.04071105271577835, -0.04521152004599571, 0.015557883307337761, 0.03199061006307602, -0.008680165745317936, -0.001567432889714837, -0.021748149767518044, 0.00502149248495698, 0.031330838799476624, 0.003568461397662759, 0.015830356627702713, 0.018823115155100822, 0.03599657118320465, 0.08491788059473038, -0.11798348277807236, 0.02979038469493389, 0.014878038316965103, 0.013109133578836918, -0.047051165252923965, 0.03492346033453941, -0.05181020498275757, -0.05910748615860939, -0.027149487286806107, 0.03445081412792206, 0.006472571287304163, -0.012589521706104279, 0.03379426151514053, -0.03147124499082565, -0.027760975062847137, 0.0049914149567484856, 0.08014825731515884, -0.00021912880765739828, 0.032606132328510284, 0.0025723313447088003, -0.018002396449446678, 0.06578586995601654, 0.0019459975883364677, 0.009119466878473759, 0.0004924822715111077, 0.02735110931098461, -0.029515406116843224, -0.01055869646370411, 0.004384874366223812, 0.0700090229511261, -0.04563969746232033, 0.01890883967280388, 0.02471710368990898, -0.012307281605899334, 0.017270509153604507, 0.05517754331231117, -0.0333922877907753, -0.01121368445456028, 0.04312994331121445, -0.03224113956093788, 0.024343054741621017, 0.015078697353601456, -0.04762163758277893, -0.11476892977952957, 0.024631328880786896, 0.0432644747197628, 0.03169209137558937, 0.02464156225323677, -0.0195727851241827, 0.015084607526659966, -0.05682305619120598, -0.0011971755884587765, 0.027327552437782288, -0.02473813109099865, -0.06468827277421951, 7.114969776012003e-05, 0.009063472039997578, 0.009553972631692886, -0.07097918540239334, -0.02918889932334423, -0.01870216429233551, -0.026986483484506607, -0.03436746075749397, -0.04312729090452194, -0.049053855240345, 0.024713369086384773, 0.03212238848209381, -0.08087317645549774, -0.05752100050449371, -0.06333629786968231, 0.012020634487271309, 0.020155349746346474, 0.017543133348226547, -0.02109808474779129, -0.03116493672132492, -0.01735626347362995, -0.04269838705658913, 0.04558595269918442, 0.02779373899102211, -0.014897234737873077, 0.03681937977671623, 1.1048133274016436e-05, -0.016278745606541634, 0.010687677189707756, -0.08145688474178314, 0.007218478713184595, 0.02053508348762989, -0.023838654160499573, 0.02482154779136181, 0.03164058178663254, 0.010204030200839043, 0.03198476880788803, 0.021240243688225746, -0.026134774088859558, 0.001016025198623538, 0.024546099826693535, -0.01654406264424324, -0.02141658030450344, 0.049044668674468994, 0.012426087632775307, -0.03900550678372383, 0.02643345110118389, -0.012086264789104462, 0.006849006284028292, -0.013803847134113312, -0.02978469245135784, 0.06208641454577446, -0.006605695001780987, -0.0654548779129982, 0.026315953582525253, 0.015762535855174065, -0.02020849846303463, 0.0272158645093441, -0.004672229290008545, -0.00560563150793314, 0.07110296934843063, -0.011295932345092297, -0.03876965492963791, -0.07814224064350128, 0.04950053244829178, -0.11008059233427048, 0.02012496069073677, -0.009265771135687828, -0.03026493452489376, 0.04464985430240631, -0.016911432147026062, 0.04879864305257797, -0.06052781268954277, 0.03596021234989166, -0.014679240062832832, 0.007320980075746775, 0.048746734857559204, 0.035273391753435135, 0.06846677511930466, 0.030441248789429665, 0.009592502377927303, -0.029240895062685013, -0.04076704755425453, 0.02815863862633705, 0.009059245698153973, -0.05081178992986679, 0.019430087879300117, 0.03203900158405304, -0.03954019024968147, -0.027494994923472404, 0.022820759564638138, -0.023002857342362404, -0.016983747482299805, 0.002451320644468069, -0.022636273875832558, 0.007257284130901098, 0.04417813941836357, 0.028225434944033623, 0.010353239253163338, 0.005429026670753956, -0.02277744561433792, -0.07642387598752975, 0.026539115235209465, -0.02373100444674492, 0.05187494307756424, -0.029036175459623337, 0.012605789117515087, 0.0026338214520365, 0.05116363242268562, 0.03518366068601608, -0.015735572203993797, 0.022593563422560692, 0.05268359184265137, 0.06444036215543747, 0.0007293526432476938, 0.022437043488025665, -0.10182018578052521, 0.027547141537070274, -0.004293742123991251, 0.017107874155044556, -0.017065295949578285, -0.015861721709370613, -0.026321519166231155, -0.08257962763309479, -0.008201029151678085, -0.032050520181655884, 0.026240834966301918, -0.011397385969758034, 0.009504388086497784, -0.04725582152605057, -0.0005856095813214779, 0.04677029326558113, -0.0814535990357399, -0.13901861011981964, -0.03348787501454353, -0.022581083700060844, -0.06261732429265976, 0.033779487013816833, -0.06163392961025238, -0.03671842813491821, -0.03841543197631836, 0.00046139134792611003, -0.03788841515779495, -0.011234507896006107, -0.05011320859193802, -0.000481421040603891, -0.04476244002580643, -0.02298811823129654, 0.05738590285181999, -0.060475897043943405, 0.05605187639594078, 0.03168541565537453, -0.013520443812012672, 0.026649976149201393, 0.03790862113237381, -0.0354594960808754, 0.0077545917592942715, 0.04877355322241783, 0.07176554948091507, 0.017879750579595566, -0.04454924911260605, 0.009156492538750172, -0.026731884106993675, 0.03286672756075859, 0.009990672580897808, -0.03167345002293587, 0.011797848157584667, 0.00815640203654766, 0.001767033594660461, -0.0290435291826725, -0.020836863666772842, -0.040047742426395416, 0.0032021906226873398, 0.0005195840494707227, -0.06624846160411835, 0.026223452761769295, -0.022593675181269646, -0.053792085498571396, -0.02474963292479515, -0.01088748499751091, 0.00792866200208664, -0.02740194834768772, 0.02591901831328869, -0.0006401960854418576, -0.01534613873809576, -0.08013714849948883, 0.017260069027543068, 0.047783076763153076, -0.044254377484321594, 0.06038561090826988, 0.00045931138447485864, 0.027616076171398163, 0.007071821019053459, 0.022319428622722626, 0.0008689399692229927, 0.013216924853622913, 0.016872428357601166, -0.02409978210926056, 0.02215895988047123, -0.032633256167173386, -0.04904675856232643, 0.005567030515521765, -0.030113551765680313, 0.010122766718268394, 0.016398122534155846, 0.02267025038599968, -0.013558912090957165, 0.05655204504728317, 0.03503335639834404, -0.05601825937628746, 0.018717341125011444, -0.03018934093415737, -0.031912341713905334, 0.05992002412676811, 0.0444064624607563, 0.003865466918796301, 0.0881185382604599, -0.015446608886122704, 0.04295893386006355, 0.021759197115898132, 0.04204719886183739, 0.06045971438288689, -0.020721348002552986, 0.0015633226139470935, 0.07879289984703064, 0.021258629858493805, -0.06428880244493484, 0.06791985780000687, 0.07875701040029526, 0.085963174700737, -0.004190129227936268, 0.02788153477013111, -0.05301927402615547, -0.026280689984560013, 0.007424699608236551, 0.031713299453258514, -0.04094609618186951, -0.027297480031847954, 0.0161576047539711, 0.04342241957783699, 0.06171245127916336, -0.01857520453631878, -0.005292520392686129, 0.06080850213766098, -0.015632182359695435, 0.0024642338976264, 0.016340747475624084, -0.03202636167407036, 0.05360904335975647, 0.01549952756613493, 0.0712258517742157, 0.019842883571982384, 0.010757136158645153, -0.00927161518484354, 0.027750318869948387, -0.06831701099872589, 0.002607002155855298, 0.09861482679843903, -0.0544213131070137, -0.001958109438419342, -0.06375864148139954, -0.0027911742217838764, -0.03769935667514801, -0.1237795501947403, 0.06305631995201111, 0.02677333541214466, 0.013654806651175022, -0.01032100897282362, 0.021529462188482285, -0.06163754314184189, -0.005980774760246277, -0.050598423928022385, 0.0010997727513313293, -0.017223922535777092, -0.0015641144709661603, -0.017429914325475693, -0.04024263471364975, 0.002366111148148775, -0.034544676542282104, -0.013415445573627949, -0.01728671044111252, 0.0194795411080122, -0.03066639043390751, -0.05631188675761223, 0.06858456134796143, -0.015996919944882393, 0.014499272219836712, 0.06461536139249802, -0.021009964868426323, 0.056718453764915466, -0.07950037717819214, -0.012440809048712254, 0.00722920149564743, -0.04181579872965813, 0.024034466594457626, 0.010333471931517124, -0.010550711303949356, 0.11027515679597855, 0.01566266268491745, 0.028829500079154968, -0.056784406304359436, 0.06007784605026245, -0.08031018078327179, -0.0026228667702525854, 0.03400787338614464, -0.012753179296851158, 0.04344235360622406, -0.020601067692041397, -0.016207940876483917, -0.0240180604159832, -0.031584758311510086, 0.027154892683029175, -0.03163229674100876, -0.044437259435653687, 0.0032011677976697683, -0.05132868140935898, 0.007667202036827803, -0.057022787630558014, 0.011034575290977955, -0.03456999734044075, 0.022526348009705544, 0.033822402358055115, -0.003192030591890216, 0.00815780833363533, -0.03832445293664932, 0.006234298925846815, -0.02840511128306389, 0.011699379421770573, -0.004808184690773487, -0.009560245089232922, 0.016259709373116493, 0.03982260078191757, 0.018668966367840767, 0.026443446055054665, -0.0006401939317584038, 0.052767012268304825, 0.03208712488412857, 0.01880103535950184, -0.01761544682085514, -0.08003782480955124, -0.00967921782284975, -0.020776819437742233, 0.03888469934463501, 0.012774365022778511, 0.04155709594488144, 0.015859974548220634, 0.03731603920459747, 0.03259291127324104, 0.025936106219887733, 0.05554836243391037, 0.04226071760058403, -0.031601350754499435, -0.04655680060386658, -0.02713863179087639, -0.0025642262771725655, 0.03861648216843605, 0.05421391874551773, -0.016496989876031876, -0.03969218581914902, 0.0022503298241645098, 0.022672878578305244, -0.04273469001054764, -5.396676564867875e-33, 0.014963940717279911, -0.02702460065484047, 0.023171618580818176, -0.01648693159222603, 0.023828350007534027, -0.0058641936630010605, 0.0073434230871498585, -0.028273046016693115, -0.05225466936826706, -0.011958247050642967, -0.03738821670413017, 0.022854449227452278, 0.02051248401403427, 0.021540123969316483, -0.002869723364710808, 0.09508532285690308, -0.009998971596360207, 0.015152147971093655, 0.01664135418832302, -0.014306856319308281, -0.006138758268207312, 0.026737600564956665, 0.009483850561082363, 0.011502198874950409, -0.03292567655444145, -0.011028549633920193, -0.03120611421763897, 0.018117768689990044, 0.017539169639348984, -0.0005860984674654901, 0.011109139770269394, -0.019369006156921387, 0.0012414772063493729, -0.00802511814981699, 0.03566517308354378, -0.02544451504945755, 0.019056513905525208, -0.030932433903217316, 0.007731616497039795, 0.03837967664003372, 0.04205982759594917, -0.0025200119707733393, 0.009693184867501259, -0.015691909939050674, -0.03253097087144852, -0.006566199008375406, 0.025885025039315224, -0.01200904045253992, 0.038528867065906525, -0.0051157488487660885, -0.03985830768942833, 0.0011379539500921965, -0.06004009768366814, 0.091705821454525, -0.03143149986863136, 0.030477261170744896, -0.003352503525093198, 0.00662335054948926, -0.06868644803762436, 0.0204459298402071, -0.008263620547950268, 0.04009680077433586, 0.01418978814035654, 0.021982330828905106, -0.025342024862766266, -0.008193179033696651, 0.020112933591008186, 0.0035105720162391663, 0.021849125623703003, -0.003061613067984581, -0.036646682769060135, 0.046418461948633194, -0.0546460784971714, 0.03227110952138901, -0.019964449107646942, -0.06058689206838608, -0.022537212818861008, 0.02952873706817627, -0.0256357342004776, -0.0019030389375984669, -0.03655710816383362, 0.043933767825365067, -0.07049303501844406, 0.009569202549755573, 0.046606842428445816, 0.018938861787319183, -0.012777462601661682, -0.005889195017516613, 0.04396391659975052, 0.0026268765795975924, -0.04642996937036514, 0.030277401208877563, -0.06819866597652435, -0.01629662699997425, 0.04047518968582153, 0.04849276691675186, -0.0331377312541008, -0.03165791556239128, 0.006005560513585806, 0.0011225325288251042, -0.0303546991199255, -0.027544556185603142, 0.007467176299542189, 0.027019184082746506, 0.019786285236477852, 0.024505162611603737, -0.0025364700704813004, 0.0026386799290776253, -0.030867712572216988, 0.009580276906490326, 0.03713277727365494, 0.016251547262072563, -0.03904930502176285, -0.0273568257689476, -0.06695017218589783, -0.015134544111788273, 0.050786543637514114, -0.021856650710105896, 0.039528828114271164, -0.0016573937609791756, 0.03598567098379135, -0.01670372486114502, 0.03758665919303894, -0.032889463007450104, -0.021368879824876785, 0.0006203677621670067, 0.005407537333667278, -0.04520297795534134, -0.0065536219626665115, -0.0816851332783699, 0.007778944913297892, 0.002816647756844759, 2.59988667039579e-07, 0.008972467854619026, 0.03957611322402954, -0.03514403477311134, -0.010293768718838692, -0.021257011219859123, -0.02161763794720173, -0.029214823618531227, -0.047369491308927536, 0.04296184703707695, 0.03628399968147278, 0.007356146350502968, -0.022904420271515846, -0.03055822290480137, -0.03315146639943123, 0.00497662927955389, -0.06881646811962128, -0.022882426157593727, -0.017482023686170578, -0.018906978890299797, 0.0213111974298954, 0.041341327130794525, 0.060102201998233795, 0.05570603162050247, -0.02710673213005066, 0.019382502883672714, -0.011956851929426193, -0.07761339843273163, 0.016559701412916183, 0.007001887541264296, 0.0837508887052536, 0.06205384060740471, 0.0061088912189006805, -0.006697786506265402, 0.027093607932329178, -0.014178753830492496, 0.021843690425157547, 0.028942769393324852, 0.06378526985645294, -0.02158198319375515, 0.040166378021240234, 0.0646914541721344, -0.03965138643980026, 0.013551873154938221, -0.009637152776122093, 0.03760869428515434, 0.034381505101919174, -0.01280139945447445, 0.034134939312934875, -0.05145789682865143, 0.02717708609998226, 0.006930213887244463, -0.006158139556646347, -0.035685278475284576, -0.05917605757713318, 0.019551435485482216, -0.020726658403873444, -0.08674945682287216, 0.03401623293757439, 0.0570349395275116, 0.055290091782808304, 0.006693289615213871, -0.02359275333583355, 0.03888043761253357, 0.02546999417245388, 0.036839764565229416, -0.001169015420600772, -0.02796163409948349, 2.7604824902468366e-34, -0.0011470342287793756, 0.011448041535913944, 0.04449910670518875, -0.04938802495598793, 0.004331389907747507, -0.034883350133895874, 0.016529539600014687, -0.02674149163067341, -0.01848524436354637, 0.011596920900046825, -0.024998795241117477]","{'Experience': "": At least 1 year ['Associate Software Engineer and Analyst'] Database Design & Development SQL Query Optimization Data Integrity & Security BI Solutions Development ETL Process Implementation Database Maintenance Backup & Restore Management Index Rebuilding & Performance Tuning SQL Server Clustering & High Availability SQL Server Replication High Availability Group Management Database Monitoring & Troubleshooting Database Design & Development SQL Query Optimization Data Integrity & Security BI Solutions Development ETL Process Implementation Database Maintenance Backup & Restore Management Index Rebuilding & Performance Tuning SQL Server Clustering & High Availability SQL Server Replication High Availability Group Management Database Monitoring & Troubleshooting ['Jun 2020'] ['till date']"", 'Education': "": ['B.Tech'] ['Electronics and Telecommunication'] ['CDAC ACTS'] Bachelor of Science (BSc) in Computer Science"", 'Skills': ': machine learning, method development, artificial intelligence, data modeling, data visualization, data validation, deep learning, mysql, mongodb, python, plotly, seaborn, matplotlib, asp.net mvc strong understanding of database design, database administrator dba, database management, elasticsearch, mysql database, nosql database, redis'}",target position database administrator dba objective skills machine learning method development artificial intelligence data modeling data visualization data validation deep learning mysql mongodb python plotly seaborn matplotlib asp.net mvc strong understanding of database design database administrator dba database management elasticsearch mysql database nosql database redis education b.tech electronics and telecommunication cdac acts bachelor of science bsc in computer science experience at least 1 year associate software engineer and analyst database design development sql query optimization data integrity security bi solutions development etl process implementation database maintenance backup restore management index rebuilding performance tuning sql server clustering high availability sql server replication high availability group management database monitoring troubleshooting database design development sql query optimization data integrity security bi solutions development etl process implementation database maintenance backup restore management index rebuilding performance tuning sql server clustering high availability sql server replication high availability group management database monitoring troubleshooting jun 2020 till date,"['target', 'position', 'database', 'administrator', 'dba', 'objective', 'skill', 'machine', 'learning', 'method', 'development', 'artificial', 'intelligence', 'data', 'modeling', 'data', 'visualization', 'data', 'validation', 'deep', 'learning', 'mysql', 'mongodb', 'python', 'plotly', 'seaborn', 'matplotlib', 'asp', 'net', 'mvc', 'strong', 'understanding', 'database', 'design', 'database', 'administrator', 'dba', 'database', 'management', 'elasticsearch', 'mysql', 'database', 'nosql', 'database', 'redis', 'education', 'b', 'tech', 'electronics', 'telecommunication', 'cdac', 'act', 'bachelor', 'science', 'bsc', 'computer', 'science', 'experience', 'least', 'year', 'associate', 'software', 'engineer', 'analyst', 'database', 'design', 'development', 'sql', 'query', 'optimization', 'data', 'integrity', 'security', 'bi', 'solution', 'development', 'etl', 'process', 'implementation', 'database', 'maintenance', 'backup', 'restore', 'management', 'index', 'rebuilding', 'performance', 'tuning', 'sql', 'server', 'clustering', 'high', 'availability', 'sql', 'server', 'replication', 'high', 'availability', 'group', 'management', 'database', 'monitoring', 'troubleshooting', 'database', 'design', 'development', 'sql', 'query', 'optimization', 'data', 'integrity', 'security', 'bi', 'solution', 'development', 'etl', 'process', 'implementation', 'database', 'maintenance', 'backup', 'restore', 'management', 'index', 'rebuilding', 'performance', 'tuning', 'sql', 'server', 'clustering', 'high', 'availability', 'sql', 'server', 'replication', 'high', 'availability', 'group', 'management', 'database', 'monitoring', 'troubleshooting', 'jun', 'till', 'date']",target position database administrator dba objective skill machine learning method development artificial intelligence data modeling data visualization data validation deep learning mysql mongodb python plotly seaborn matplotlib asp net mvc strong understanding database design database administrator dba database management elasticsearch mysql database nosql database redis education b tech electronics telecommunication cdac act bachelor science bsc computer science experience least year associate software engineer analyst database design development sql query optimization data integrity security bi solution development etl process implementation database maintenance backup restore management index rebuilding performance tuning sql server clustering high availability sql server replication high availability group management database monitoring troubleshooting database design development sql query optimization data integrity security bi solution development etl process implementation database maintenance backup restore management index rebuilding performance tuning sql server clustering high availability sql server replication high availability group management database monitoring troubleshooting jun till date
cand_00016,16,"System Administrator (Operation & Maintenance of Server, Storage & Service Desk System)","Target position: System Administrator (Operation & Maintenance of Server, Storage & Service Desk System) Objective: Skills: budget, hardware, network systems, database, dec, inspection, logistics, meetings, ms excel, outlook, powerpoint, network, networking, operating systems, oracle, personnel, presentations, progress, quality, maintain documentation, routers, safety, scheduling, shipping, spreadsheets, supervision, cisco, linux, operation maintenance of server, production Education: ['Business Administration'] ['Business Administration'] ['University of Phoenix Texas'] Bachelor/Honors Experience: 4 to 5 years ['Engineering Technician', 'Consultant', 'Engineering Technician', 'Manufacturing Lead'] Hardware & Network Installation Troubleshooting & Diagnostics User Training & Capacity Building Hardware Replacement Fault Repair & System Setup Software License & Account Management Backup Management System Updates & Maintenance Server & Storage Management Documentation & Technical Specifications Data Protection & Disaster Recovery Storage & Database Planning Power & Disk Backup Incident Management & Escalation Service Restoration User Communication & Verification Incident Classification & Resolution Major Incident Escalation Problem & Error Management Task Assignment & Execution Hardware & Network Installation Troubleshooting & Diagnostics User Training & Capacity Building Hardware Replacement Fault Repair & System Setup Software License & Account Management Backup Management System Updates & Maintenance Server & Storage Management Documentation & Technical Specifications Data Protection & Disaster Recovery Storage & Database Planning Power & Disk Backup Incident Management & Escalation Service Restoration User Communication & Verification Incident Classification & Resolution Major Incident Escalation Problem & Error Management Task Assignment & Execution ['01/2014', '12/2012', '01/2011', '07/2004'] ['Current', None, '12/2013', '12/2010']","[""budget"", ""hardware"", ""network systems"", ""database"", ""dec"", ""inspection"", ""logistics"", ""meetings"", ""ms excel"", ""outlook"", ""powerpoint"", ""network"", ""networking"", ""operating systems"", ""oracle"", ""personnel"", ""presentations"", ""progress"", ""quality"", ""maintain documentation"", ""routers"", ""safety"", ""scheduling"", ""shipping"", ""spreadsheets"", ""supervision"", ""cisco"", ""linux"", ""operation maintenance of server"", ""production""]","[""budget"", ""hardware"", ""network systems"", ""database"", ""dec"", ""inspection"", ""logistics"", ""meetings"", ""ms excel"", ""outlook"", ""powerpoint"", ""network"", ""networking"", ""operating systems"", ""oracle"", ""personnel"", ""presentations"", ""progress"", ""quality"", ""maintain documentation"", ""routers"", ""safety"", ""scheduling"", ""shipping"", ""spreadsheets"", ""supervision"", ""cisco"", ""linux"", ""operation maintenance of server"", ""production""]",['Business Administration'] ['Business Administration'] ['University of Phoenix Texas'] Bachelor/Honors,"4 to 5 years ['Engineering Technician', 'Consultant', 'Engineering Technician', 'Manufacturing Lead'] Hardware & Network Installation
Troubleshooting & Diagnostics
User Training & Capacity Building
Hardware Replacement
Fault Repair & System Setup
Software License & Account Management
Backup Management
System Updates & Maintenance
Server & Storage Management
Documentation & Technical Specifications
Data Protection & Disaster Recovery
Storage & Database Planning
Power & Disk Backup
Incident Management & Escalation
Service Restoration
User Communication & Verification
Incident Classification & Resolution
Major Incident Escalation
Problem & Error Management
Task Assignment & Execution Hardware & Network Installation
Troubleshooting & Diagnostics
User Training & Capacity Building
Hardware Replacement
Fault Repair & System Setup
Software License & Account Management
Backup Management
System Updates & Maintenance
Server & Storage Management
Documentation & Technical Specifications
Data Protection & Disaster Recovery
Storage & Database Planning
Power & Disk Backup
Incident Management & Escalation
Service Restoration
User Communication & Verification
Incident Classification & Resolution
Major Incident Escalation
Problem & Error Management
Task Assignment & Execution ['01/2014', '12/2012', '01/2011', '07/2004'] ['Current', None, '12/2013', '12/2010']",12.0,INFORMATION-TECHNOLOGY,"[0.041987914592027664, 0.01136670634150505, -0.031308211386203766, -0.010999822057783604, 0.04248228669166565, 0.025191854685544968, -0.04585179686546326, 0.038572363555431366, -0.01827152818441391, -0.05782657116651535, 0.03960965573787689, -0.0003352966741658747, -0.012179472483694553, 0.07096733152866364, 0.013588961213827133, -0.020255791023373604, -0.007902750745415688, 0.034589849412441254, -0.0287433210760355, -0.00879577174782753, 0.0031365365721285343, 0.02688424661755562, -0.0219976007938385, -0.018593918532133102, 0.017231211066246033, -0.014237085357308388, 0.008569413796067238, 0.03940892964601517, 0.0002559061686042696, 0.023773562163114548, 0.020687038078904152, -0.060175821185112, 0.01056760549545288, -0.05143982917070389, 2.2041640477254987e-06, -0.01701076701283455, -0.03266153112053871, -0.0004682258877437562, -0.0338529534637928, 0.040156763046979904, 0.0017739920876920223, -0.014844975434243679, -0.03276478499174118, 0.05202501267194748, 0.005326119251549244, 0.016198089346289635, 0.026524629443883896, 0.037076856940984726, 0.03406575694680214, 0.02235190011560917, -0.006919896230101585, -0.005753760691732168, -0.04757097736001015, -0.04149544984102249, -0.057918209582567215, -0.06554160267114639, 0.0036396703217178583, 0.032297972589731216, 0.04851043224334717, 0.011727511882781982, -0.013014847412705421, -0.06572744250297546, -0.021869348362088203, -0.02829710580408573, 0.010974227450788021, 0.05052877962589264, 0.06161504611372948, 0.03228653594851494, 0.03960930183529854, -0.02307713031768799, 0.010970068164169788, -0.005990250967442989, -0.000732289394363761, 0.04282259941101074, -0.016806425526738167, -0.03535677492618561, 0.014035438187420368, -0.034300558269023895, 0.0035261278972029686, -0.00883077085018158, -0.020125076174736023, 0.020493388175964355, -0.04153706878423691, -0.0727967694401741, 0.05357280373573303, 0.03349185362458229, -0.026163939386606216, -0.032847702503204346, 0.04139719903469086, -0.0012250556610524654, 0.06250853836536407, 0.022914927452802658, 0.004387286026030779, 0.025674158707261086, -0.054629821330308914, -0.0038988953456282616, 0.031399697065353394, -0.015433438122272491, 0.021010685712099075, 0.02592325583100319, 0.017728621140122414, -0.002698542084544897, 0.03564439341425896, 0.012302185408771038, -0.02794571779668331, 0.01297715026885271, -0.02041337639093399, 0.006279822904616594, -0.07392863929271698, 0.019211962819099426, 0.045730508863925934, -0.011339107528328896, -0.04241489619016647, -0.039146602153778076, 0.005171965342015028, 0.028144793584942818, -0.04136275500059128, -0.016975104808807373, 0.017412055283784866, 0.03947126865386963, 0.09504933655261993, -0.005089812446385622, -0.006657935678958893, 0.024195212870836258, -0.04616948962211609, -0.04294171556830406, -0.0021669152192771435, 0.0022665082942694426, -0.004074946045875549, 0.025038955733180046, -0.038997799158096313, 0.005543943028897047, 0.03507614508271217, 0.018650982528924942, -0.012749209068715572, 0.058431945741176605, 0.007500731851905584, 0.059260766953229904, -0.08633081614971161, 0.0296578798443079, -0.003128871787339449, -0.007606979925185442, -0.04403190687298775, 0.043014418333768845, -0.05216333270072937, -0.04873904213309288, -0.018287232145667076, 0.0889587551355362, 0.008746941573917866, -0.0020257222931832075, 0.01270402129739523, -0.02516767382621765, 0.005975404754281044, -0.007545505650341511, 0.0772455632686615, 0.008543744683265686, 0.008937065489590168, -0.04134783148765564, -0.04955855756998062, 0.05050227418541908, -0.005667453166097403, -0.00900222547352314, 0.0145736588165164, 0.05285683646798134, -0.05351094901561737, 0.014334853738546371, 0.03265368565917015, 0.06199559569358826, -0.030943231657147408, -0.013590388000011444, 0.028703365474939346, -0.006239559967070818, 0.009968088939785957, 0.047701556235551834, -0.060679592192173004, -0.02134588174521923, 0.02386905439198017, -0.06379462778568268, 0.06098838150501251, 0.013015809468925, -0.056086208671331406, -0.13639262318611145, 0.03992019221186638, 0.03538502752780914, 0.013124365359544754, 0.048799965530633926, -0.03539431095123291, 0.013240846805274487, -0.06104208528995514, 0.0009456281550228596, 0.011073521338403225, -0.014737152494490147, -0.0722283124923706, 0.003318942617624998, 0.05799524486064911, 0.01913757435977459, -0.09017357975244522, -0.03447319567203522, 0.012339256703853607, 0.001291157677769661, -0.010400410741567612, -0.04235050082206726, -0.04193988814949989, 0.05555204302072525, 0.008912649936974049, -0.06272680312395096, -0.016417451202869415, -0.04628629609942436, 0.01487454678863287, 0.014115543104708195, 0.04700141027569771, 0.006637986749410629, -0.01996307633817196, -0.013781026937067509, -0.00047327252104878426, 0.059091925621032715, 0.027011265978217125, 0.026085931807756424, -0.0032643829472362995, -0.03773786872625351, -0.0054895528592169285, 0.019443221390247345, -0.07630796730518341, 0.002433064393699169, 0.0035217448603361845, -0.04668866842985153, -0.011454853229224682, 0.013763220980763435, -0.015387574210762978, 0.009195447899401188, 0.013721858151257038, -0.003203969681635499, -0.016457224264740944, -0.010693156160414219, -0.015618362464010715, 0.0031775101087987423, 0.007450891193002462, 0.013353188522160053, -0.022635702043771744, 0.02912331186234951, -0.0455905981361866, 0.01883186586201191, 0.011419840157032013, -0.02009386010468006, 0.07855194061994553, -0.042943745851516724, -0.06214795261621475, 0.020435355603694916, 0.02072925493121147, 0.014319711364805698, -0.018608003854751587, 0.011513475328683853, 0.01718687266111374, 0.07377605885267258, -0.041323840618133545, -0.020838147029280663, -0.08220355957746506, 0.04630664736032486, -0.10211270302534103, -0.026804443448781967, 0.008245420642197132, -0.035107120871543884, 0.005610569380223751, -0.025814678519964218, 0.05055724456906319, -0.018551809713244438, 0.02796792797744274, -0.013524435460567474, -0.025183163583278656, 0.018945060670375824, 0.01342790387570858, 0.06858170032501221, 0.02691848948597908, 0.006971930619329214, -0.041339997202157974, -0.03818008676171303, 0.04113078489899635, 0.019118033349514008, -0.041713979095220566, 0.021810533478856087, 0.02220817655324936, -0.08057258278131485, -0.03188689425587654, 0.012016704306006432, -0.019095735624432564, -0.02870139852166176, 0.01659197360277176, -0.03370673581957817, -0.051324162632226944, 0.09240637719631195, 0.011847005225718021, 0.014418238773941994, 0.010947227478027344, -0.055564023554325104, -0.07666796445846558, 0.006221035961061716, -0.02011575549840927, 0.05674415081739426, -0.020994465798139572, 0.047621164470911026, 0.0029192492365837097, 0.04494296759366989, 0.03166317567229271, -0.012624846771359444, 0.02232404612004757, 0.015068195760250092, 0.05049404874444008, 0.028164688497781754, -0.00875518936663866, -0.06799785792827606, 0.019913293421268463, 0.02569611556828022, 0.020092347636818886, -0.06932383030653, -0.02384902723133564, 0.007932844571769238, -0.06744218617677689, -0.029884515330195427, -0.03471454605460167, 0.03496944159269333, 0.0010696538956835866, 0.016396718099713326, -0.027834312990307808, -0.011952967382967472, 0.005388050805777311, -0.0677223652601242, -0.11090639233589172, -0.025930488482117653, 0.01470962818711996, -0.07203318178653717, 0.03400443494319916, 0.0003485688066575676, -0.05453876778483391, -0.030873330309987068, 0.005645331926643848, -0.05374149605631828, -0.010997448116540909, -0.07021376490592957, -0.015602873638272285, -0.01664559356868267, -0.03287104517221451, 0.03494715690612793, -0.02982259728014469, 0.058828555047512054, 0.04238801822066307, -0.010094335302710533, 0.02595485933125019, 0.047722358256578445, -0.04932514950633049, -0.009703228250145912, 0.05291697010397911, 0.09072090685367584, 0.018087901175022125, -0.028992025181651115, -0.025636304169893265, -0.0001400077308062464, 0.041643448173999786, 0.01320827566087246, -0.034104179590940475, 0.0056821792386472225, 0.024318788200616837, -0.01346867810934782, 0.0016759976278990507, -0.01169043779373169, -0.011434212327003479, 0.011510977521538734, 0.03629712015390396, -0.05372873321175575, 0.03013068623840809, -0.020989149808883667, -0.015994684770703316, 0.007485856302082539, 0.00769396685063839, 0.006751250475645065, -0.026880744844675064, 0.011556005105376244, -0.012687794864177704, -0.00822417438030243, -0.06782865524291992, 0.01549761462956667, 0.07305900752544403, 0.00896882638335228, 0.09054487943649292, 0.0013617739314213395, 0.027517199516296387, -0.009090429171919823, 0.00308212055824697, 0.0065698944963514805, 0.0025588939897716045, 0.003997589461505413, 0.016570761799812317, 0.024284426122903824, -0.06181468814611435, -0.01088955719023943, 0.003979008179157972, -0.034086842089891434, 0.01523157674819231, 0.008365039713680744, -0.00750565342605114, -0.03150408715009689, 0.03370101749897003, 0.022272752597928047, -0.059230078011751175, 0.03502540662884712, 0.002682164078578353, -0.041310619562864304, 0.07964056730270386, -0.0040710922330617905, -0.00674082338809967, 0.04297342151403427, 0.030187707394361496, 0.01871662586927414, 0.004196359310299158, 0.05847175419330597, 0.0012057805433869362, -0.03189856559038162, -0.002678581513464451, 0.060192834585905075, 0.039663538336753845, -0.061302490532398224, 0.05414571613073349, 0.04873481020331383, 0.06960582733154297, 0.02533285692334175, 0.06348524242639542, -0.043990593403577805, 0.00695248506963253, 0.03253631293773651, 0.015014324337244034, -0.037661124020814896, -0.05422399565577507, 0.018704509362578392, 0.02679264172911644, 0.025670602917671204, 0.019282260909676552, 0.00416939239948988, 0.005041101481765509, -0.03137367218732834, 0.04463151842355728, -0.00444327387958765, -0.03689923137426376, 0.03846685215830803, 0.06094341725111008, 0.0198618583381176, -0.05804334953427315, -0.0219251848757267, 0.004859002307057381, 0.04055173322558403, -0.07468236982822418, -0.004625800531357527, 0.07499131560325623, -0.03841884434223175, 0.007713476195931435, -0.07894080132246017, 0.030957544222474098, -0.04577428102493286, -0.09905140101909637, 0.0908750668168068, 0.018425557762384415, 0.004280874039977789, 0.0022557175252586603, 0.03370816260576248, -0.06636449694633484, -0.013914708979427814, 0.04171289876103401, -0.00841937679797411, -0.019681647419929504, 0.0004519625217653811, 0.022750340402126312, -0.052130863070487976, 0.011846416629850864, -0.02726469188928604, -0.0213059950619936, -0.04063427075743675, 0.048140205442905426, -0.028299324214458466, -0.027639344334602356, 0.05793552100658417, -0.020236965268850327, 0.02940690517425537, 0.018652908504009247, -0.05767954885959625, 0.028028806671500206, -0.08531353622674942, 0.012944482266902924, -0.013149295002222061, -0.030967386439442635, -0.008924199268221855, 0.014010168612003326, -0.03158430755138397, 0.0910223200917244, -0.029418865218758583, 0.018384961411356926, -0.04900890961289406, 0.04704298824071884, -0.018075106665492058, 0.049303088337183, -0.013125969097018242, -0.03950987756252289, 0.023763878270983696, -0.03514915332198143, -0.012944517657160759, -0.0026862462982535362, -0.034478846937417984, -0.01948925107717514, -0.03470516577363014, -0.025420591235160828, 0.0021606460213661194, -0.0516500324010849, 0.024972712621092796, -0.09283438324928284, 0.0006321331602521241, -0.018307574093341827, 0.013120042160153389, 0.010640204884111881, 0.0018270479049533606, 0.014466793276369572, -0.02866777777671814, -0.0032135050278156996, -0.023934369906783104, 0.02210080809891224, -0.03552020341157913, 0.006387951318174601, 0.004918304737657309, 0.03156924620270729, -0.001856676652096212, 0.05366773158311844, 0.01978311687707901, 0.04296856373548508, 0.03529345616698265, 0.011861632578074932, -0.015237885527312756, -0.08007370680570602, 0.03304147720336914, -0.039375800639390945, 0.05002964287996292, -0.013173908926546574, 0.03562977910041809, 0.0018036547116935253, -0.0006810541381128132, -0.04194056615233421, 0.02379767782986164, 0.0021950090304017067, 0.027017435058951378, 0.005476935766637325, 0.009128646925091743, -0.010600431822240353, 0.02339726686477661, 0.027285121381282806, 0.05147372558712959, -0.032542310655117035, -0.05016852542757988, 0.02114652283489704, 0.02521468512713909, -0.020092880353331566, -5.225921684073537e-33, 0.005797042511403561, -0.018664831295609474, 0.009501256048679352, 0.007887772284448147, 0.00279447203502059, 0.026646984741091728, 0.06311208754777908, 0.011620531789958477, -0.04409504309296608, -0.02046613022685051, 0.0019523530500009656, 0.0019040005281567574, 0.033339884132146835, -0.004086162894964218, -0.0226944237947464, 0.09656525403261185, -0.016497474163770676, 0.0006815841188654304, 0.015366270206868649, -0.039625708013772964, -0.01625669375061989, 0.011737901717424393, 0.02536921203136444, 0.0022225419525057077, 0.003504981519654393, -0.015892785042524338, 0.00769619457423687, 0.021243466064333916, 0.05178585276007652, -0.038977183401584625, 0.013630311004817486, -0.01568734273314476, -0.007865206338465214, -0.02119971439242363, 0.023928627371788025, 0.03171934559941292, -0.008585598319768906, 0.006982048507779837, -0.0023801145143806934, 0.020749425515532494, 0.016756858676671982, -0.03607944771647453, -0.003998396452516317, 0.0038735107518732548, -0.004035245627164841, -0.017274467274546623, 0.027222108095884323, 0.01286221668124199, 0.05176321417093277, 0.04554117098450661, -0.03599301353096962, -0.005515651777386665, -0.03914991766214371, 0.05661631003022194, -0.055151909589767456, 0.0565631128847599, -0.0064340149983763695, -0.015246397815644741, -0.017489273101091385, 0.0014064367860555649, -0.02509545348584652, 0.03916901350021362, 0.005757755599915981, -0.011819630861282349, -0.026933563873171806, 0.01608986221253872, 0.003165676025673747, 0.018509693443775177, -0.005795336328446865, -0.05187896639108658, -0.04416429623961449, 0.02851155586540699, -0.08416185528039932, 0.026437293738126755, -0.016155906021595, -0.04373779892921448, -0.028747964650392532, 0.015099471434950829, 0.0029511041939258575, 0.015824023634195328, -0.018522415310144424, 0.03466808423399925, -0.0365622378885746, 0.011069375090301037, 0.04913537576794624, 0.006170874461531639, -0.020481282845139503, -0.03734379634261131, 0.03809603676199913, 0.03216839209198952, -0.04301898553967476, 0.02410321868956089, -0.045161593705415726, 0.013094264082610607, 0.06089673563838005, 0.008388927206397057, 0.034652117639780045, -0.022608062252402306, -0.009711101651191711, 0.02280791476368904, -0.043956562876701355, 0.0029344898648560047, 0.03266428783535957, 0.07107450813055038, 0.011869551613926888, -0.01227796170860529, -0.027002761140465736, 0.021438634023070335, -0.011852238327264786, 0.02603093907237053, 0.012568709440529346, -0.020796632394194603, -0.018993008881807327, 0.0017009322764351964, -0.041776955127716064, -0.011172711849212646, 0.05697309598326683, -0.04992262274026871, 0.006391177419573069, -0.06454569846391678, 0.016841325908899307, -0.007769077084958553, 0.007202665787190199, -0.02778741717338562, -0.03827022761106491, 0.028318006545305252, -0.0007507000118494034, -0.006931225769221783, -0.0007490328862331808, -0.025574419647455215, 0.034269753843545914, -0.001979847438633442, 2.7653186407405883e-07, 0.008713092654943466, 0.010406707413494587, -0.011041642166674137, 0.00837752129882574, -0.014674347825348377, -0.049781255424022675, -0.028120050206780434, -0.027685334905982018, 0.026615848764777184, -0.0043874261900782585, 0.005427622701972723, -0.04907727241516113, -0.0005973312654532492, -0.035138219594955444, 0.008180967532098293, -0.08812203258275986, -0.008456860668957233, -0.006560900714248419, -0.011648030951619148, -0.041459012776613235, 0.14256256818771362, 0.021745804697275162, 0.08540394902229309, -0.01663135550916195, -0.005492308177053928, -0.019172072410583496, -0.02719843201339245, -0.006050091702491045, -0.01058252528309822, 0.01805007830262184, 0.057499583810567856, -0.0037941928021609783, 0.014389869756996632, 0.06239016726613045, 0.004602172877639532, -0.02449859119951725, 0.059886716306209564, 0.07061950117349625, 0.009893435053527355, 0.001853868132457137, 0.04748134687542915, -0.032287612557411194, 0.013344583101570606, -0.01322713028639555, -0.00829625129699707, 0.007662865798920393, -0.03480592742562294, 0.07728768140077591, -0.10378353297710419, 0.026626676321029663, -0.033746086061000824, 0.03443625569343567, -0.01839223876595497, -0.024854058399796486, 0.019214054569602013, -0.031423527747392654, -0.07955525070428848, 0.018290910869836807, 0.040003202855587006, 0.04566674306988716, -0.008631275035440922, -0.06361646205186844, 0.0529659129679203, -0.006396253127604723, 0.09038539230823517, 0.017164582386612892, -0.024777177721261978, 3.0269817532576345e-34, -0.005276838317513466, -0.03165985271334648, 0.026820462197065353, -0.040950026363134384, 0.004867209121584892, -0.015047756023705006, 0.02762746810913086, -0.019011685624718666, -0.0023998732212930918, -0.007583220489323139, -0.005277212709188461]","{'Experience': "": 4 to 5 years ['Engineering Technician', 'Consultant', 'Engineering Technician', 'Manufacturing Lead'] Hardware & Network Installation Troubleshooting & Diagnostics User Training & Capacity Building Hardware Replacement Fault Repair & System Setup Software License & Account Management Backup Management System Updates & Maintenance Server & Storage Management Documentation & Technical Specifications Data Protection & Disaster Recovery Storage & Database Planning Power & Disk Backup Incident Management & Escalation Service Restoration User Communication & Verification Incident Classification & Resolution Major Incident Escalation Problem & Error Management Task Assignment & Execution Hardware & Network Installation Troubleshooting & Diagnostics User Training & Capacity Building Hardware Replacement Fault Repair & System Setup Software License & Account Management Backup Management System Updates & Maintenance Server & Storage Management Documentation & Technical Specifications Data Protection & Disaster Recovery Storage & Database Planning Power & Disk Backup Incident Management & Escalation Service Restoration User Communication & Verification Incident Classification & Resolution Major Incident Escalation Problem & Error Management Task Assignment & Execution ['01/2014', '12/2012', '01/2011', '07/2004'] ['Current', None, '12/2013', '12/2010']"", 'Education': "": ['Business Administration'] ['Business Administration'] ['University of Phoenix Texas'] Bachelor/Honors"", 'Skills': ': budget, hardware, network systems, database, dec, inspection, logistics, meetings, ms excel, outlook, powerpoint, network, networking, operating systems, oracle, personnel, presentations, progress, quality, maintain documentation, routers, safety, scheduling, shipping, spreadsheets, supervision, cisco, linux, operation maintenance of server, production'}",target position system administrator operation maintenance of server storage service desk system objective skills budget hardware network systems database dec inspection logistics meetings ms excel outlook powerpoint network networking operating systems oracle personnel presentations progress quality maintain documentation routers safety scheduling shipping spreadsheets supervision cisco linux operation maintenance of server production education business administration business administration university of phoenix texas bachelor honors experience 4 to 5 years engineering technician consultant engineering technician manufacturing lead hardware network installation troubleshooting diagnostics user training capacity building hardware replacement fault repair system setup software license account management backup management system updates maintenance server storage management documentation technical specifications data protection disaster recovery storage database planning power disk backup incident management escalation service restoration user communication verification incident classification resolution major incident escalation problem error management task assignment execution hardware network installation troubleshooting diagnostics user training capacity building hardware replacement fault repair system setup software license account management backup management system updates maintenance server storage management documentation technical specifications data protection disaster recovery storage database planning power disk backup incident management escalation service restoration user communication verification incident classification resolution major incident escalation problem error management task assignment execution 01 2014 12 2012 01 2011 07 2004 current none 12 2013 12 2010,"['target', 'position', 'system', 'administrator', 'operation', 'maintenance', 'server', 'storage', 'service', 'desk', 'system', 'objective', 'skill', 'budget', 'hardware', 'network', 'system', 'database', 'dec', 'inspection', 'logistics', 'meeting', 'm', 'excel', 'outlook', 'powerpoint', 'network', 'networking', 'operating', 'system', 'oracle', 'personnel', 'presentation', 'progress', 'quality', 'maintain', 'documentation', 'router', 'safety', 'scheduling', 'shipping', 'spreadsheet', 'supervision', 'cisco', 'linux', 'operation', 'maintenance', 'server', 'production', 'education', 'business', 'administration', 'business', 'administration', 'university', 'phoenix', 'texas', 'bachelor', 'honor', 'experience', 'year', 'engineering', 'technician', 'consultant', 'engineering', 'technician', 'manufacturing', 'lead', 'hardware', 'network', 'installation', 'troubleshooting', 'diagnostics', 'user', 'training', 'capacity', 'building', 'hardware', 'replacement', 'fault', 'repair', 'system', 'setup', 'software', 'license', 'account', 'management', 'backup', 'management', 'system', 'update', 'maintenance', 'server', 'storage', 'management', 'documentation', 'technical', 'specification', 'data', 'protection', 'disaster', 'recovery', 'storage', 'database', 'planning', 'power', 'disk', 'backup', 'incident', 'management', 'escalation', 'service', 'restoration', 'user', 'communication', 'verification', 'incident', 'classification', 'resolution', 'major', 'incident', 'escalation', 'problem', 'error', 'management', 'task', 'assignment', 'execution', 'hardware', 'network', 'installation', 'troubleshooting', 'diagnostics', 'user', 'training', 'capacity', 'building', 'hardware', 'replacement', 'fault', 'repair', 'system', 'setup', 'software', 'license', 'account', 'management', 'backup', 'management', 'system', 'update', 'maintenance', 'server', 'storage', 'management', 'documentation', 'technical', 'specification', 'data', 'protection', 'disaster', 'recovery', 'storage', 'database', 'planning', 'power', 'disk', 'backup', 'incident', 'management', 'escalation', 'service', 'restoration', 'user', 'communication', 'verification', 'incident', 'classification', 'resolution', 'major', 'incident', 'escalation', 'problem', 'error', 'management', 'task', 'assignment', 'execution', 'current', 'none']",target position system administrator operation maintenance server storage service desk system objective skill budget hardware network system database dec inspection logistics meeting m excel outlook powerpoint network networking operating system oracle personnel presentation progress quality maintain documentation router safety scheduling shipping spreadsheet supervision cisco linux operation maintenance server production education business administration business administration university phoenix texas bachelor honor experience year engineering technician consultant engineering technician manufacturing lead hardware network installation troubleshooting diagnostics user training capacity building hardware replacement fault repair system setup software license account management backup management system update maintenance server storage management documentation technical specification data protection disaster recovery storage database planning power disk backup incident management escalation service restoration user communication verification incident classification resolution major incident escalation problem error management task assignment execution hardware network installation troubleshooting diagnostics user training capacity building hardware replacement fault repair system setup software license account management backup management system update maintenance server storage management documentation technical specification data protection disaster recovery storage database planning power disk backup incident management escalation service restoration user communication verification incident classification resolution major incident escalation problem error management task assignment execution current none
cand_00017,17,"Executive/ Senior Executive- Trade Marketing, Hygiene Products","Target position: Executive/ Senior Executive- Trade Marketing, Hygiene Products Objective: Machine Learning Engineer seeking assignments Deep Learning, Reinforcement Learning, Tensorflow. Keras. Skills: artificial intelligence, deep learning, reinforcement learning, tensorflow keras, scikit learn, numpy, pandas, matplotlib, brand promotion, campaign management, field supervision, merchandising, promotional activities, trade marketing, ocr, machine learning Education: ['B.Tech(IT)'] ['Information Technology'] ['IIIT D&M Kancheepuram, Chennai'] Master of Business Administration (MBA) Experience: At least 3 years ['Analyst Intern'] Trade Marketing Executive Brand Visibility, Sales Targets Field Marketing, Campaigns, Product Distribution Brand Head Excel, KPIs Tracking Trade Marketing Executive Brand Visibility, Sales Targets Field Marketing, Campaigns, Product Distribution Brand Head Excel, KPIs Tracking ['Dec 2019'] ['Till Date']","[""artificial intelligence"", ""deep learning"", ""reinforcement learning"", ""tensorflow keras"", ""scikit learn"", ""numpy"", ""pandas"", ""matplotlib"", ""brand promotion"", ""campaign management"", ""field supervision"", ""merchandising"", ""promotional activities"", ""trade marketing"", ""ocr"", ""machine learning""]","[""artificial intelligence"", ""deep learning"", ""reinforcement learning"", ""tensorflow keras"", ""scikit learn"", ""numpy"", ""pandas"", ""matplotlib"", ""brand promotion"", ""campaign management"", ""field supervision"", ""merchandising"", ""promotional activities"", ""trade marketing"", ""ocr"", ""machine learning""]","['B.Tech(IT)'] ['Information Technology'] ['IIIT D&M Kancheepuram, Chennai'] Master of Business Administration (MBA)","At least 3 years ['Analyst Intern'] Trade Marketing Executive
Brand Visibility, Sales Targets
Field Marketing, Campaigns, Product Distribution
Brand Head
Excel, KPIs Tracking Trade Marketing Executive
Brand Visibility, Sales Targets
Field Marketing, Campaigns, Product Distribution
Brand Head
Excel, KPIs Tracking ['Dec 2019'] ['Till Date']",3.0,INFORMATION-TECHNOLOGY,"[0.05970055237412453, 0.0026391202118247747, -0.04214930161833763, -0.056515224277973175, 0.06437817215919495, -0.007491984870284796, -0.04022936150431633, -0.0016252640634775162, 0.02102426253259182, -0.07024911046028137, 0.02544678933918476, -0.027543647214770317, -0.016692688688635826, 0.12226898223161697, 0.025867324322462082, 0.006537856534123421, -0.02264191396534443, 0.03053322061896324, -0.005869686603546143, -0.007030022330582142, -0.034736573696136475, 0.023082800209522247, -0.04972417652606964, -0.006052771117538214, -0.0072990464977920055, -0.02624478191137314, 0.011606080457568169, 0.008111412636935711, 0.02053171955049038, -0.020556723698973656, 0.034181077033281326, -0.05295071378350258, 0.01783611811697483, -0.035687606781721115, 1.9367012100701686e-06, -0.030703386291861534, 0.007381348870694637, -0.005412486847490072, -0.004519116133451462, -0.03439787030220032, 0.03847620263695717, 0.011372688226401806, 0.006078142207115889, 0.04451746121048927, -0.033283088356256485, 0.06705734878778458, 0.05987434461712837, 0.0382397286593914, -0.0026511603500694036, 0.11032607406377792, 0.004449810832738876, -0.01390008069574833, 0.014972089789807796, -0.010623187758028507, 0.0068295858800411224, -0.0750553235411644, 0.001076465006917715, -0.046633340418338776, -0.013861705549061298, -0.012199187651276588, 0.01599203795194626, -0.021395476534962654, -0.029161758720874786, -0.023221280425786972, 0.034761980175971985, 0.04684380441904068, 0.04846109822392464, -0.06187628209590912, -0.00696991803124547, -0.02636968158185482, -0.012812018394470215, 0.008178524672985077, -0.026163406670093536, -0.00038811384001746774, -0.017817668616771698, -0.047127701342105865, 0.0013167501892894506, 0.00724014500156045, -0.004777685273438692, 0.020008718594908714, -0.016279760748147964, 0.04433527961373329, -0.018371708691120148, -0.031341373920440674, 0.020824138075113297, 0.061019960790872574, -0.011370010673999786, 0.0027418630197644234, 0.0316900908946991, -0.040899720042943954, 0.04070998728275299, 0.000407519459258765, -0.0003931504616048187, 0.0090835215523839, -0.06029127165675163, -0.017864825204014778, 0.05097628012299538, -0.03576983883976936, 0.016903450712561607, -0.022624196484684944, 0.04010896757245064, 0.010340411216020584, 0.03285177797079086, 0.000712889595888555, -0.011946110054850578, 0.06117752566933632, 0.0016513054724782705, 0.019401777535676956, -0.04708753898739815, 0.009084418416023254, 0.00132998067419976, -0.00088646070798859, -0.05815195292234421, -0.04225679114460945, -0.020490355789661407, 0.05686536803841591, -0.05291047319769859, -0.0015790655743330717, -0.006741232704371214, -0.02266032062470913, 0.07213124632835388, 0.01496700569987297, -0.027791181579232216, 0.004008763004094362, -0.08001130819320679, -0.013911832123994827, -0.0005659557646140456, 0.022409167140722275, 0.0034524628426879644, 0.007434061728417873, 0.026201119646430016, 0.03028087131679058, 0.0011806630063802004, -0.05921448394656181, -0.012162163853645325, 0.04741949960589409, -0.01433978695422411, 0.05124811828136444, -0.05317499116063118, 0.06507517397403717, 0.0248817577958107, -0.048040721565485, -0.002106959465891123, 0.037516944110393524, -0.0004892253782600164, -0.04457007721066475, -0.005584590137004852, -0.009202361106872559, 0.02603696472942829, 0.006678854115307331, -0.01820085570216179, -0.006645947694778442, 0.03695250302553177, -0.021251924335956573, 0.022161563858389854, -0.00920400582253933, 0.03654187172651291, -0.018289320170879364, -0.016550160944461823, 0.04197210073471069, -0.003665775991976261, -0.04901956394314766, -0.0032408442348241806, 0.023705506697297096, -0.05222297087311745, -0.006201313808560371, 0.04303985461592674, 0.05144752934575081, -0.04738719016313553, 0.020701531320810318, 0.014203030616044998, -0.0340937003493309, 0.001428882242180407, 0.06371931731700897, 0.025814929977059364, -0.008350202813744545, 0.01687418855726719, -0.06202629953622818, 0.028813369572162628, 0.008388251066207886, -0.04074946418404579, -0.11350610852241516, 0.014558310620486736, 0.029323933646082878, 0.022721752524375916, 0.027855053544044495, 0.016570471227169037, 0.0401722714304924, -0.01947520300745964, 0.02391122281551361, 0.03395414352416992, -0.022447846829891205, -0.028252145275473595, 0.014969611540436745, 0.015275890938937664, 0.0038105538114905357, -0.07496539503335953, -0.06483345478773117, -0.023762643337249756, -0.05894963815808296, -0.04752726852893829, -0.0201583169400692, 0.006112317088991404, -0.004353205673396587, 0.026924191042780876, -0.02487187646329403, -0.018789537250995636, -0.08123326301574707, -0.04358285665512085, 0.03954869881272316, 0.052154332399368286, -0.004552543628960848, -0.007113262079656124, -0.02114007994532585, -0.02951897867023945, -0.035343196243047714, -0.000708306091837585, -0.04182405397295952, 0.0057770926505327225, -0.0010910523124039173, 0.004505991470068693, 0.025083649903535843, -0.052215129137039185, 0.008675901219248772, 0.029825100675225258, -0.010217537172138691, 0.007402321789413691, 0.010715659707784653, 0.05307991802692413, 0.05751519650220871, 0.028285475447773933, -0.008045000955462456, 0.026493938639760017, -0.056685663759708405, 0.014333593659102917, -0.013548951596021652, 0.054488446563482285, 0.014386310242116451, -0.02095249854028225, 0.022695809602737427, -0.05926639586687088, 0.04794684052467346, 0.013486997224390507, 0.015473789535462856, -0.008974308148026466, 0.03324922174215317, -0.04135777801275253, 0.017330432310700417, 0.011872898787260056, -0.00857908558100462, 0.022393260151147842, 0.033817823976278305, 0.038863539695739746, 0.08081653714179993, -0.04403040185570717, -0.020851094275712967, -0.049238674342632294, 0.025511613115668297, -0.10684841871261597, 0.015489955432713032, -0.02117748185992241, -0.019154097884893417, 0.03738260641694069, -0.0013929300475865602, 0.03407922759652138, -0.019859015941619873, 0.01855582185089588, -0.023121081292629242, 0.03238210082054138, 0.03371082991361618, 0.01645810529589653, 0.0368683785200119, 0.02082558162510395, 0.020002538338303566, 0.009631171822547913, -0.04017932713031769, 0.041933801025152206, 0.031117364764213562, -0.03284147009253502, 0.0645039901137352, 0.012569492682814598, -0.058448947966098785, 0.02420576848089695, 0.03783097863197327, -0.020823001861572266, 0.007989308796823025, 0.009889344684779644, -0.005444282200187445, -0.03618596866726875, 0.042370498180389404, -0.011471922509372234, -0.006557612679898739, 0.028940474614501, -0.06484879553318024, -0.08754024654626846, 0.026437969878315926, -0.023285837844014168, 0.055724501609802246, 0.009804231114685535, 0.030215026810765266, -0.00422172574326396, 0.04755942523479462, 0.03626037761569023, 0.0019946640823036432, 0.007970442064106464, 0.029379764571785927, 0.0014702151529490948, 0.012581131421029568, -0.010328038595616817, -0.03888324648141861, -0.019416917115449905, -0.005619226023554802, 0.021586939692497253, 0.010464543476700783, 0.027931692078709602, -0.01886901818215847, -0.05332064628601074, 0.03237123414874077, -0.025601433590054512, 0.07603634148836136, -0.03395196050405502, -0.03663115203380585, -0.023996133357286453, -0.021765947341918945, 0.025924071669578552, -0.06289880722761154, -0.11385934054851532, 0.004171683453023434, -0.007850690744817257, -0.05930709093809128, 0.025018369778990746, -0.011120806448161602, -0.004767382517457008, -0.0362735241651535, 0.012189463712275028, -0.06735175102949142, -0.005878980737179518, -0.05589449033141136, 0.042159873992204666, -0.02124902792274952, -0.046438634395599365, 0.01879354938864708, -0.046013522893190384, 0.0015764307463541627, 0.04914224520325661, 0.00796280987560749, 0.026855098083615303, 0.00526454346254468, -0.08397237956523895, 0.06586294621229172, -0.007931508123874664, 0.038732338696718216, 0.0009665897814556956, -0.014806317165493965, -0.02658282034099102, -0.0013550393050536513, 0.0872826874256134, 0.04590809345245361, -0.03483124449849129, 0.031741805374622345, -0.023664074018597603, -0.008550234138965607, -0.009514687582850456, 0.008641139604151249, -0.03747466951608658, 0.04381255432963371, -0.020326312631368637, -0.05446263402700424, 0.026550306007266045, 0.005269844550639391, 0.00640632351860404, -0.014195499010384083, 0.010529646649956703, 0.001453516073524952, -0.02224607951939106, -0.014311328530311584, -0.011267813853919506, 0.009013669565320015, -0.05579915642738342, 0.008211906999349594, 0.07671638578176498, -0.00020488920563366264, 0.05877739563584328, 0.01210427563637495, 0.003757891710847616, -0.037744756788015366, 0.030988605692982674, -0.033655133098363876, -0.03507985547184944, 0.03223755583167076, 0.0046376814134418964, 0.008789170533418655, -0.08993985503911972, -0.04268977418541908, -0.02174360677599907, 0.0078086648136377335, 0.011117322370409966, -0.02225804142653942, 0.02366405911743641, -0.0031159399077296257, -0.005847933702170849, 0.04555971547961235, -0.05219115689396858, 0.029196539893746376, -0.035586945712566376, -0.01530631072819233, 0.05334009602665901, 0.016627075150609016, -0.04396368935704231, 0.015937376767396927, -0.0153322983533144, 0.017545294016599655, -0.0034740588162094355, 0.08673083037137985, 0.018319478258490562, -0.0653393492102623, -0.008989021182060242, 0.068088598549366, 0.011225765570998192, -0.12229486554861069, 0.05834539607167244, 0.021424395963549614, 0.07042742520570755, 0.021771229803562164, 0.008444014936685562, -0.028023740276694298, -0.0030526923947036266, -0.006096140015870333, 0.061755865812301636, -0.051130376756191254, -0.07001946866512299, 0.05737863853573799, -0.02385072223842144, 0.02499302104115486, -0.011978221125900745, -0.00607340969145298, 0.08076031506061554, -0.05884086713194847, -0.0029920735396444798, -0.00012501946184784174, -0.02781938575208187, 0.05367802828550339, 0.027050232514739037, 0.06493282318115234, 0.025700129568576813, -0.04296746477484703, 0.0011952569475397468, 0.06353087723255157, -0.042353641241788864, 0.020300354808568954, 0.13697409629821777, -0.09115446358919144, 0.009527282789349556, -0.03354830667376518, -0.013178304769098759, -0.07948107272386551, -0.04215289279818535, 0.03384168818593025, -0.013446804136037827, -0.018427632749080658, 0.00401422381401062, 0.023189257830381393, -0.015971116721630096, -0.007245188113301992, -0.022986337542533875, 0.004022613167762756, 0.0314750149846077, 0.0007095868932083249, -0.003256045514717698, -0.025115109980106354, 0.0043890527449548244, -0.004017775412648916, -0.016161950305104256, -0.013415003195405006, 0.041341010481119156, -0.004211718216538429, 0.0089565459638834, 0.08774511516094208, -0.049408119171857834, 0.035508785396814346, 0.03320412337779999, 0.02305404096841812, 0.03208503872156143, -0.06188827008008957, -0.040184736251831055, 0.059078048914670944, 0.06791646778583527, 0.018671002238988876, -0.055720966309309006, -0.037619899958372116, 0.09189963340759277, -0.007465224713087082, 0.01651601679623127, -0.05664931982755661, 0.03831179812550545, -0.009856591001152992, 0.008812003768980503, 0.057222481817007065, 0.0019271314376965165, 0.0801851898431778, -0.00043771747732535005, 0.004104998428374529, 0.014412559568881989, -0.01912691444158554, 0.002584943315014243, -0.031229976564645767, -0.06757524609565735, 0.015093237161636353, -0.0351225808262825, -0.012932376936078072, -0.02732863463461399, 0.013693224638700485, -0.0011977610411122441, 0.005724293179810047, 0.014078130945563316, 0.005752697587013245, 0.024763528257608414, -0.0834818109869957, 0.023972224444150925, -0.004410983063280582, 0.015045756474137306, -0.04497198015451431, -0.006671834271401167, 0.007802522741258144, 0.013524831272661686, 0.011871354654431343, 0.011721638962626457, 0.006265238393098116, 0.03748568519949913, 0.034096989780664444, 0.04891832917928696, 0.008236631751060486, -0.036960817873477936, -0.003275645198300481, 0.013729985803365707, 0.04171142727136612, 0.06059455871582031, 0.06261225789785385, 0.042524173855781555, 0.03202361613512039, 0.03265281394124031, -0.03580109030008316, 0.0435224212706089, -0.009493488818407059, -0.02546633966267109, -0.026695776730775833, -0.06439208984375, 0.030757909640669823, 0.018737219274044037, -0.003650945145636797, -0.026335550472140312, -0.026486370712518692, 0.032801806926727295, 0.05905897542834282, -0.03371008485555649, -5.170806794725311e-33, 0.025325244292616844, -0.015374096110463142, 0.024880487471818924, 0.027056464925408363, -0.03619614243507385, 0.010312255471944809, 0.039830006659030914, -0.06015311926603317, -0.013056309893727303, 0.020352965220808983, -0.02034904807806015, -0.009668422862887383, 0.015253081917762756, 0.03438778221607208, 0.03557075560092926, 0.06789219379425049, 0.003680368885397911, 0.006518030539155006, 0.013409951701760292, -0.023092875257134438, -0.036046598106622696, 0.03694400563836098, -0.0003521669132169336, 0.012666719034314156, -0.017919663339853287, -0.054495614022016525, -0.002336067147552967, 0.028946679085493088, 0.014119906350970268, 0.043824221938848495, 0.03171934187412262, -0.032725121825933456, 0.027044832706451416, -0.014746582135558128, 0.024151505902409554, -0.011677141301333904, -0.03334716334939003, 0.027974480763077736, -0.017609544098377228, 0.019259322434663773, -0.035668421536684036, 0.014820877462625504, -0.018543852493166924, -0.009015170857310295, 0.006663959939032793, 0.0017333469586446881, 0.009861156344413757, -0.005790909752249718, 0.015739338472485542, 0.007044675759971142, -0.02888135239481926, 0.008440100587904453, -0.022977063432335854, 0.044050272554159164, 0.009196250699460506, 0.012055376544594765, 0.005183320492506027, 0.016609760001301765, -0.04654760658740997, -0.030268825590610504, -0.07689649611711502, 0.036842748522758484, 0.003516926895827055, -0.021377693861722946, -0.048813432455062866, 0.0027919630520045757, 0.020057637244462967, 0.01437844056636095, 0.03728432580828667, 0.0058418577536940575, -0.0632738396525383, 0.041773129254579544, -0.06891848891973495, -0.007978214882314205, -0.0016717775724828243, -0.06498854607343674, -0.015973396599292755, 0.0009456481202505529, 0.04662526398897171, -0.006170187145471573, -0.0283918809145689, 0.032931361347436905, 0.017170097678899765, -0.01751795783638954, 0.03139609470963478, -0.02498517371714115, -0.026576614007353783, -0.030733386054635048, 0.04970657080411911, 0.020575234666466713, -0.027591539546847343, 0.0409807525575161, -0.029177255928516388, -0.01075744815170765, 0.08509784191846848, -0.055499836802482605, 0.01317618414759636, -0.003118041902780533, 0.008334244601428509, -0.0116393668577075, -0.013953709043562412, -0.006567887030541897, -0.03068634122610092, 0.005069212522357702, 0.05055953934788704, 0.016259318217635155, 0.014119943603873253, -0.013945052400231361, -0.006086884997785091, -0.008427917957305908, 0.009114212356507778, -0.008373597636818886, -0.003255368210375309, -0.011866533197462559, -0.04594939202070236, -0.02528550662100315, 0.037993621081113815, -0.030759818851947784, 0.0430118627846241, -0.0035166447050869465, 0.02088514156639576, -0.04326169192790985, 0.05333458259701729, -0.03689286485314369, -0.004227846395224333, 0.022534538060426712, -0.04428887367248535, -0.01131474319845438, -0.013993512839078903, -0.09104073792695999, 0.013064166530966759, 0.01739429496228695, 2.551451530052873e-07, -0.04040990397334099, 0.017659608274698257, -0.02822732739150524, 0.01990251988172531, -0.013205771334469318, -0.016491908580064774, -0.055420175194740295, -0.007044579368084669, -0.018766360357403755, -0.004317278973758221, -0.0026192462537437677, -0.059613049030303955, -0.03563523665070534, -0.030864687636494637, -0.06164819002151489, -0.051826104521751404, -0.039331741631031036, -0.01861240342259407, -0.04159032180905342, 0.05272487923502922, -0.01999775506556034, 0.06520272046327591, 0.07238306105136871, -0.013033254072070122, 0.01647038385272026, -0.03647954761981964, -0.0390373095870018, -0.0023777827154845, 0.021613817662000656, 0.07101171463727951, -0.004748654086142778, -0.02473519742488861, 0.0009688406134955585, 0.04424704983830452, -0.023304501548409462, 0.02576732449233532, 0.08577078580856323, 0.08025651425123215, -0.01409228052943945, 0.005656466819345951, 0.021414238959550858, 0.018287528306245804, 0.009640387259423733, -0.03888998553156853, 0.04774972051382065, 0.001600309507921338, -0.012045606970787048, -0.050926875323057175, -0.05994582921266556, 0.033006295561790466, -0.012249770574271679, 0.0327167809009552, 0.01992179825901985, -0.04002103582024574, 0.01197253167629242, -0.03999662771821022, -0.03736249729990959, 0.012523501180112362, 0.048281580209732056, -0.0192907452583313, -0.00808663759380579, -0.04617321118712425, 0.008704924024641514, 0.00975735206156969, 0.09418027102947235, -0.02915104478597641, 0.006410493049770594, 2.7422956181764485e-34, 0.04578418284654617, -0.00936778075993061, 0.037414491176605225, -0.025212319567799568, 0.04342169314622879, -0.06337025761604309, -0.014400272630155087, -0.022869497537612915, -0.019007906317710876, -0.0690484419465065, -0.057758431881666183]","{'Experience': "": At least 3 years ['Analyst Intern'] Trade Marketing Executive Brand Visibility, Sales Targets Field Marketing, Campaigns, Product Distribution Brand Head Excel, KPIs Tracking Trade Marketing Executive Brand Visibility, Sales Targets Field Marketing, Campaigns, Product Distribution Brand Head Excel, KPIs Tracking ['Dec 2019'] ['Till Date']"", 'Education': "": ['B.Tech(IT)'] ['Information Technology'] ['IIIT D&M Kancheepuram, Chennai'] Master of Business Administration (MBA)"", 'Skills': ': artificial intelligence, deep learning, reinforcement learning, tensorflow keras, scikit learn, numpy, pandas, matplotlib, brand promotion, campaign management, field supervision, merchandising, promotional activities, trade marketing, ocr, machine learning'}",target position executive senior executive trade marketing hygiene products objective machine learning engineer seeking assignments deep learning reinforcement learning tensorflow. keras. skills artificial intelligence deep learning reinforcement learning tensorflow keras scikit learn numpy pandas matplotlib brand promotion campaign management field supervision merchandising promotional activities trade marketing ocr machine learning education b.tech it information technology iiit d m kancheepuram chennai master of business administration mba experience at least 3 years analyst intern trade marketing executive brand visibility sales targets field marketing campaigns product distribution brand head excel kpis tracking trade marketing executive brand visibility sales targets field marketing campaigns product distribution brand head excel kpis tracking dec 2019 till date,"['target', 'position', 'executive', 'senior', 'executive', 'trade', 'marketing', 'hygiene', 'product', 'objective', 'machine', 'learning', 'engineer', 'seeking', 'assignment', 'deep', 'learning', 'reinforcement', 'learning', 'tensorflow', 'kera', 'skill', 'artificial', 'intelligence', 'deep', 'learning', 'reinforcement', 'learning', 'tensorflow', 'kera', 'scikit', 'learn', 'numpy', 'panda', 'matplotlib', 'brand', 'promotion', 'campaign', 'management', 'field', 'supervision', 'merchandising', 'promotional', 'activity', 'trade', 'marketing', 'ocr', 'machine', 'learning', 'education', 'b', 'tech', 'information', 'technology', 'iiit', 'kancheepuram', 'chennai', 'master', 'business', 'administration', 'mba', 'experience', 'least', 'year', 'analyst', 'intern', 'trade', 'marketing', 'executive', 'brand', 'visibility', 'sale', 'target', 'field', 'marketing', 'campaign', 'product', 'distribution', 'brand', 'head', 'excel', 'kpis', 'tracking', 'trade', 'marketing', 'executive', 'brand', 'visibility', 'sale', 'target', 'field', 'marketing', 'campaign', 'product', 'distribution', 'brand', 'head', 'excel', 'kpis', 'tracking', 'dec', 'till', 'date']",target position executive senior executive trade marketing hygiene product objective machine learning engineer seeking assignment deep learning reinforcement learning tensorflow kera skill artificial intelligence deep learning reinforcement learning tensorflow kera scikit learn numpy panda matplotlib brand promotion campaign management field supervision merchandising promotional activity trade marketing ocr machine learning education b tech information technology iiit kancheepuram chennai master business administration mba experience least year analyst intern trade marketing executive brand visibility sale target field marketing campaign product distribution brand head excel kpis tracking trade marketing executive brand visibility sale target field marketing campaign product distribution brand head excel kpis tracking dec till date
cand_00018,18,Project Coordinator (Civil),"Target position: Project Coordinator (Civil) Objective: Soon-to-be Computer Science graduate eager to continue exploring the inspiring, innovative field of Android Development. As a seasoned intern, I am looking to join an Android Development team with AT&T as a junior developer. Skills: java, spring, javascript, css, html, rest apis, react native, kotlin, postgresql, mysql, auto cad 2d 3d, civil 3d, civil construction, civil engineering, android development, performance monitoring, quality assurance, team collaboration, bug fixing, performance improvement, cross-functional collaboration, data integrity, feature development Education: ['Bachelor of Science'] ['Computer Science'] ['University of Santa Clara'] •Bachelor of Business Administration (BBA) in Human Resource Management Experience: 5 to 10 years ['Android Developer Intern', 'Android Developer Intern'] Project Design Data Analysis ACCORD/Alliance Knowledge BNBC Standards Cost Estimation Feasibility Studies Documentation Compliance Site Monitoring Policy Enforcement Legal Compliance Data Management Team Collaboration Project Design Data Analysis ACCORD/Alliance Knowledge BNBC Standards Cost Estimation Feasibility Studies Documentation Compliance Site Monitoring Policy Enforcement Legal Compliance Data Management Team Collaboration ['May 2021', 'January 2021'] ['current', 'May 2021']","[""java"", ""spring"", ""javascript"", ""css"", ""html"", ""rest apis"", ""react native"", ""kotlin"", ""postgresql"", ""mysql"", ""auto cad 2d 3d"", ""civil 3d"", ""civil construction"", ""civil engineering"", ""android development"", ""performance monitoring"", ""quality assurance"", ""team collaboration"", ""bug fixing"", ""performance improvement"", ""cross-functional collaboration"", ""data integrity"", ""feature development""]","[""java"", ""spring"", ""javascript"", ""css"", ""html"", ""rest apis"", ""react native"", ""kotlin"", ""postgresql"", ""mysql"", ""auto cad 2d 3d"", ""civil 3d"", ""civil construction"", ""civil engineering"", ""android development"", ""performance monitoring"", ""quality assurance"", ""team collaboration"", ""bug fixing"", ""performance improvement"", ""cross-functional collaboration"", ""data integrity"", ""feature development""]",['Bachelor of Science'] ['Computer Science'] ['University of Santa Clara'] •Bachelor of Business Administration (BBA) in Human Resource Management,"5 to 10 years ['Android Developer Intern', 'Android Developer Intern'] Project Design
Data Analysis
ACCORD/Alliance Knowledge
BNBC Standards
Cost Estimation
Feasibility Studies
Documentation
Compliance
Site Monitoring
Policy Enforcement
Legal Compliance
Data Management
Team Collaboration Project Design
Data Analysis
ACCORD/Alliance Knowledge
BNBC Standards
Cost Estimation
Feasibility Studies
Documentation
Compliance
Site Monitoring
Policy Enforcement
Legal Compliance
Data Management
Team Collaboration ['May 2021', 'January 2021'] ['current', 'May 2021']",10.0,INFORMATION-TECHNOLOGY,"[0.05421735346317291, 0.019099444150924683, -0.051309555768966675, -0.055089518427848816, 0.060784805566072464, 0.01515213679522276, -0.0029119891114532948, -0.03993399441242218, -0.008897794410586357, -0.030570775270462036, 0.04212017357349396, -0.03054915927350521, 0.0024433794897049665, 0.0013935143360868096, -0.03905452787876129, -0.0014712964184582233, -0.0035018858034163713, 0.02242756448686123, -0.0009046868653967977, 0.0514792874455452, -0.03553441911935806, 0.006606969516724348, 0.02712245099246502, -0.012398547492921352, -0.0017046988941729069, -0.0136396000161767, 0.017438741400837898, 0.04950319603085518, 0.010863198898732662, -0.044833987951278687, -0.0018533457769080997, -0.026627317070961, -0.06747319549322128, -0.06013239547610283, 2.299058678545407e-06, -0.001084746327251196, 0.020546987652778625, 0.00048318071640096605, 0.02603149227797985, -0.03480658307671547, 0.013791189529001713, 0.014643036760389805, -0.0212123841047287, 0.05116591602563858, -0.030460543930530548, 0.014030497521162033, 0.017380861565470695, -0.024352192878723145, 0.04111399129033089, 0.014685068279504776, 0.00945607852190733, 0.003588778432458639, -0.05720359459519386, 0.0053389291279017925, -0.009599716402590275, -0.03135117515921593, -0.03660865128040314, 0.0022568334825336933, 0.031890127807855606, 0.013403907418251038, 0.04726575314998627, -0.050711121410131454, 0.020649217069149017, 0.015116662718355656, 0.05444527789950371, 0.05944541469216347, 0.014804958365857601, -0.02091357856988907, 0.01813483238220215, -0.04125547409057617, 0.028514064848423004, 0.006446245592087507, -0.0032168785110116005, 0.024301182478666306, -0.008298009634017944, -0.019936706870794296, 0.039728160947561264, -0.06026363745331764, -0.03616277873516083, 0.011578931473195553, -0.08158954977989197, 0.001406769617460668, -0.0076882303692400455, -0.05030802637338638, 0.019603773951530457, -0.009516865015029907, 0.0023364888038486242, -0.01159993652254343, -0.022458115592598915, 0.03235013782978058, 0.0996665209531784, -0.009347938932478428, 0.016963403671979904, 0.021023359149694443, 0.01086441706866026, 0.005900462623685598, 0.036513205617666245, -0.08436264097690582, 0.0019794702529907227, -0.008697419427335262, -0.05236794054508209, 0.034253768622875214, 0.01566052995622158, -0.02133321762084961, -0.040610816329717636, 0.011133839376270771, 0.023787349462509155, 0.024211769923567772, -0.00907104928046465, 0.0063228607177734375, 0.041618987917900085, 0.029325274750590324, -0.04378625750541687, -0.02008524350821972, -0.0368431992828846, 0.06015978381037712, -0.006493574008345604, 0.012561764568090439, 0.044417284429073334, -0.016319874674081802, 0.03196524828672409, 0.037708181887865067, -0.013929544016718864, -0.03327065706253052, -0.008359774947166443, -0.03796254098415375, -0.0067960042506456375, 0.026820525527000427, 0.007887792773544788, 0.002037357073277235, 0.010492117144167423, -0.04706170782446861, -0.03383593633770943, -0.0031225469429045916, 0.004802315961569548, 0.047984227538108826, -0.008318423293530941, 0.035612236708402634, -0.06194361671805382, 0.045623257756233215, -0.02312590181827545, -0.002356156939640641, -0.048743318766355515, -0.018635746091604233, -0.04969215393066406, -0.013384627178311348, -0.022671528160572052, -0.0012725327396765351, 0.02618100494146347, 0.020533228293061256, 0.05164641886949539, -0.033990997821092606, -0.017019787803292274, -0.01814870722591877, 0.03530533239245415, 0.07950641959905624, 0.036366239190101624, 0.007433933671563864, 0.007062545977532864, 0.10070029646158218, 0.0041620852425694466, -0.024324806407094002, -0.0422619953751564, 0.02215915359556675, -0.06343220919370651, 0.0380902960896492, 0.06689827144145966, 0.008750801905989647, 0.028952397406101227, -0.024798652157187462, -0.01686783879995346, 0.0003863504680339247, 0.004260073881596327, 0.0621708482503891, 0.011422056704759598, -0.0029526299331337214, -0.005504912231117487, -0.025012094527482986, 0.0024600480683147907, 0.00038555008359253407, -0.020996881648898125, -0.18014416098594666, -0.0019404342165216804, 0.05585245415568352, 0.0074348123744130135, 0.0005746243987232447, -0.011072386056184769, 0.11102405190467834, -0.009554343298077583, 0.020318979397416115, -2.5852910766843706e-05, -0.009011320769786835, -0.08422040194272995, 0.027485571801662445, -0.004163506906479597, 0.008711524307727814, -0.01148630864918232, -0.0405631884932518, -0.04889775440096855, -0.04180828854441643, -0.05792568251490593, -0.006725046783685684, -0.006575007922947407, -0.010510142892599106, -0.0061668651178479195, -0.002737812465056777, -0.03851530700922012, -0.029458733275532722, -0.009488568641245365, 0.029860952869057655, 0.06599357724189758, -0.007378766778856516, 0.01958289183676243, -0.010067840106785297, 0.02284543588757515, 0.031228242442011833, 0.01918572373688221, 0.04020777717232704, 0.022150104865431786, 0.01682521216571331, 0.00019694930233526975, 0.025436796247959137, -0.09216020256280899, 0.023178813979029655, 0.047660090029239655, -0.025430256500840187, 0.049302514642477036, -0.011766382493078709, 0.009996750392019749, 0.033177345991134644, 0.022741124033927917, -0.01656142622232437, 0.014587066136300564, -0.03566094487905502, 0.024846352636814117, 0.08104164898395538, 0.04858899861574173, 0.00899622030556202, -0.01008540578186512, -0.009151185862720013, -0.05552233010530472, -0.05613752827048302, 0.02672787941992283, 0.011484220623970032, 0.024688273668289185, 0.0247960202395916, 0.06345388293266296, 0.04188400134444237, 0.049974266439676285, -0.021016335114836693, -0.018401658162474632, 0.0223880335688591, 0.00587120046839118, 0.06443307548761368, -0.016035988926887512, 0.052210383117198944, -0.036269959062337875, 0.012363079003989697, -0.05780549347400665, -0.01360227633267641, -0.011985735036432743, -0.03294890746474266, -2.407756619504653e-05, -0.03316979855298996, 0.050752442330121994, -0.05799771845340729, -0.011532413773238659, -0.024625632911920547, -0.022996651008725166, -0.010021815076470375, 0.03230167180299759, 0.03540528193116188, 0.018776265904307365, -0.0187143012881279, -0.03510220721364021, 0.00881965085864067, -0.03809399902820587, 0.06826318055391312, -0.016262700781226158, 0.021143263205885887, 0.044146694242954254, -0.026065552607178688, 0.0036629466339945793, 0.020445602014660835, -0.02539192885160446, -0.025797845795750618, 0.040446214377880096, -0.04632991924881935, -0.007676298264414072, 0.03085143119096756, 0.02902674302458763, -0.03197462111711502, 0.0015892096562311053, -0.06958010047674179, -0.009639508090913296, 0.03078112192451954, 0.019344409927725792, 0.027867447584867477, -0.022545717656612396, 0.03839858993887901, 0.0059189703315496445, -0.01621265336871147, 0.08120203763246536, -0.013939838856458664, 0.06135173141956329, -0.00666042510420084, -0.0002930961491074413, -0.010612559504806995, 0.01287702564150095, -0.030204249545931816, -0.012962688691914082, 0.023004300892353058, 0.014559571631252766, -0.02926766313612461, -0.01518302969634533, -0.0025469576939940453, 0.03852413222193718, 0.03569789230823517, -0.0295158289372921, 0.03668942302465439, -0.06043184548616409, -0.006580664776265621, -0.022653741762042046, -0.02264467626810074, 0.004925072658807039, -0.07548938691616058, -0.032111722975969315, -0.02581033855676651, 0.03768657520413399, -0.06861752271652222, -0.023413516581058502, 0.02428445592522621, -0.033687107264995575, -0.016957329586148262, 0.04273442551493645, -0.07166732847690582, -0.022126521915197372, -0.03257117047905922, -0.03376678004860878, -0.036871287971735, -0.020890049636363983, 0.0032305819913744926, -0.015031741932034492, 0.04165802523493767, 0.003506209934130311, -0.012653136625885963, 0.020039401948451996, 0.02168036811053753, -0.024150345474481583, 0.03945237770676613, -0.0024321775417774916, 0.018760625272989273, 0.01782943122088909, -0.03645635023713112, 0.03428533300757408, -0.06636066734790802, -0.010395488701760769, 0.06035960838198662, -0.04465266317129135, 0.001900971052236855, -0.022089922800660133, -0.04007532447576523, 0.0759316012263298, -0.0301203653216362, -0.0367291159927845, 0.003005692968145013, 0.03067524917423725, -0.014451312832534313, 0.01095013227313757, 0.03810780122876167, 0.06562219560146332, -0.0019380126614123583, 0.011321723461151123, 0.0021055960096418858, -0.018229082226753235, -0.046769801527261734, -0.001822967897169292, 0.02277316525578499, -0.02501668967306614, 0.03929300233721733, 0.0494399219751358, -0.030390476807951927, 0.03488124534487724, -0.03572676703333855, -0.03582966700196266, 0.002031634096056223, 0.019295938313007355, -0.028891565278172493, 0.017051711678504944, -0.005614951252937317, 0.0031911928672343493, 0.014817927964031696, -0.015800433233380318, -0.016077827662229538, 0.018544135615229607, 0.01668682135641575, -0.020883342251181602, -0.05470794811844826, 0.009135987609624863, -0.012566628865897655, -0.0026505745481699705, -0.08689624071121216, -0.0018385187722742558, 0.07806524634361267, -0.03633689135313034, -0.05632827803492546, 0.10151859372854233, 0.009837743826210499, 0.0013015918666496873, 0.07369256019592285, -0.07071548700332642, -0.008165940642356873, 0.019550621509552002, 0.06247960776090622, -0.058412324637174606, -0.06788873672485352, 0.010441507212817669, 0.07223226875066757, 0.015585623681545258, -0.10535410046577454, 0.03765305131673813, 0.029912734404206276, 0.05983506515622139, -0.03357639163732529, 0.05657925084233284, -0.03588251397013664, 0.0027911036740988493, -0.009576868265867233, -0.03511940315365791, -0.046221643686294556, -0.06559674441814423, 0.04455232620239258, -0.019215388223528862, 0.04501461237668991, -0.03488722816109657, 0.013443950563669205, 0.04981640353798866, -0.012557726353406906, 0.004397489130496979, 0.04870409145951271, -0.007483014836907387, 0.016911858692765236, 0.03399110957980156, 0.08028610795736313, 0.007617086172103882, -0.05219346284866333, 0.017742665484547615, 0.0601528100669384, -0.02918461337685585, 0.06786605715751648, 0.07352042198181152, -0.02069799415767193, -0.035853274166584015, -0.06391523033380508, -0.022968726232647896, -0.009399968199431896, -0.03619846701622009, 0.017669854685664177, 0.009669297374784946, -0.032189369201660156, -0.0018734289333224297, 0.02962597832083702, -0.04376102611422539, -0.018086448311805725, -0.012297259643673897, -0.07780725508928299, 0.045723263174295425, -0.0025984058156609535, 0.019257571548223495, -0.06540757417678833, 0.046262454241514206, -0.019963718950748444, -0.024360189214348793, -0.009140648879110813, -0.014907482080161572, 0.006446732673794031, -0.013914037495851517, 0.026436902582645416, -0.0865321010351181, 0.022440921515226364, 0.012990626506507397, 0.02747701294720173, 0.019028112292289734, -0.07623869180679321, -0.0012177759781479836, 0.0002192137617385015, 0.03479309007525444, -0.0026074685156345367, 0.0014934685314074159, -0.04724167659878731, 0.014003290794789791, -0.01006294135004282, 0.005641359835863113, -0.008985740132629871, -0.0008037586812861264, 0.002182880649343133, 0.02179572917521, 0.08834948390722275, -0.03388719633221626, 0.06789061427116394, -0.03398624807596207, 0.004795801360160112, -0.003169726813212037, -0.042939443141222, -0.04724303260445595, -0.02424117736518383, -0.05179273337125778, 0.013387501239776611, -0.049890533089637756, 0.007563701830804348, -0.033008236438035965, 0.04194984585046768, -0.01605292037129402, -0.04390920698642731, -0.017822235822677612, 0.026382166892290115, -0.013830110430717468, -0.022368455305695534, 0.02742486447095871, -0.07892933487892151, 0.005739751271903515, -0.027226893231272697, -0.032601382583379745, -0.006831382866948843, -0.0179732833057642, 0.017160676419734955, 0.024068303406238556, -0.00507908733561635, -0.00961335189640522, 0.03261609748005867, -0.005551825277507305, -0.02733377180993557, -0.07911698520183563, 0.03300682455301285, 0.045292142778635025, 0.03542708605527878, 0.09164384007453918, 0.036308497190475464, -0.011768201366066933, 0.00044150790199637413, -0.0490727573633194, 0.019517531618475914, 0.02497025579214096, -0.040270764380693436, 0.025993987917900085, -0.016043610870838165, -0.0854300856590271, 0.06331820785999298, 0.018252968788146973, -0.0070338984951376915, 0.010229311883449554, -0.0706271231174469, -9.921774471877143e-05, 0.0795849859714508, -0.021781736984848976, -5.8350977541581865e-33, 0.03145858645439148, -0.01276983879506588, 0.02508721873164177, -0.02485150471329689, -0.01361873373389244, 0.00716382684186101, 0.01798035390675068, -0.008477766066789627, -0.035539064556360245, -0.034738488495349884, -0.05708407238125801, 0.020860718563199043, 0.0030920456629246473, -0.0007962677045725286, 0.05253899097442627, 0.08349538594484329, 0.06432442367076874, 0.017946060746908188, 0.008066182024776936, -0.00684478972107172, -0.06851541996002197, 0.029908299446105957, -0.0009266631677746773, 0.008656322956085205, 0.0031310608610510826, -0.006539956200867891, 0.022309517487883568, -0.012744177132844925, 0.05824974551796913, -0.02644040435552597, 0.027024010196328163, -0.06186368316411972, 0.018518567085266113, -0.016065197065472603, -0.0003981953486800194, -0.02187032252550125, 0.01220040861517191, -0.003996666055172682, -0.024678658694028854, 0.026741892099380493, -0.0018746613059192896, -0.010613714344799519, -0.00835866667330265, -0.0012719732476398349, -0.005689937621355057, -0.04210449382662773, 0.02148018591105938, -0.025291936472058296, 0.0006672566523775458, -0.01351899839937687, -0.02535845711827278, 0.023935720324516296, -0.0073145353235304356, 0.049384817481040955, -0.041443560272455215, -0.017736414447426796, -0.0579228475689888, 0.017357932403683662, -0.03513684868812561, -0.031195756047964096, -0.06511761248111725, 0.04040060564875603, 0.03025873191654682, -0.006330910138785839, -0.0037549729458987713, 0.003033233107998967, 0.039598800241947174, 0.03533386066555977, -0.0033122263848781586, -0.04184584319591522, -0.0413045734167099, 0.0775732770562172, -0.05329175293445587, 0.01681213080883026, 0.01877833530306816, -0.05776483565568924, 0.0060691931284964085, -0.012518457137048244, 0.027973635122179985, 0.03381823003292084, -0.04860423132777214, 0.05563361197710037, -0.039895594120025635, 0.0026779617182910442, 0.05893353000283241, -0.04963137209415436, 0.005117631517350674, -0.05040401965379715, 0.0064108893275260925, 0.018680332228541374, -0.021128930151462555, 0.027679117396473885, -0.029124371707439423, 0.006597188301384449, 0.08913373947143555, -0.03342241793870926, -0.0078041129745543, -0.007985214702785015, -0.013507277704775333, 0.019666636362671852, -0.05885642021894455, 0.033980295062065125, -0.008445422165095806, 0.06033308058977127, 0.020655199885368347, 0.020924270153045654, -0.02452198788523674, -0.01900619827210903, -0.02015767991542816, -0.016786037012934685, 0.0025706656742841005, -0.03210935741662979, -0.03231765329837799, -0.028818165883421898, -0.05312570929527283, -0.010001510381698608, 0.052745066583156586, 0.05198267102241516, -0.013400575146079063, -0.034454651176929474, -0.009754323400557041, -0.020945440977811813, 0.02201365865767002, -0.05137602239847183, 0.00441852817311883, 0.008215569891035557, -0.008799218572676182, -0.06596868485212326, -0.009761018678545952, -0.041077714413404465, 0.015905287116765976, 0.04055389016866684, 3.0610272006015293e-07, -0.04058486595749855, 0.002215760061517358, 0.008035622537136078, -0.0038747016806155443, 0.011214411817491055, -0.02557511255145073, -0.00930362194776535, -0.01908632181584835, 0.023622646927833557, -0.002116538817062974, 0.02481905370950699, -0.012268174439668655, 0.02062922529876232, 0.02683507837355137, 0.021240578964352608, -0.04383140057325363, -0.016633884981274605, -0.05082321539521217, -0.028330693021416664, 0.0005926061421632767, 0.09089779108762741, 0.01176489144563675, 0.004258386325091124, 0.011053313501179218, 0.02270747534930706, 0.02216913551092148, -0.024500885978341103, 0.016300881281495094, 0.04494836553931236, 0.07510299980640411, 0.036053549498319626, -0.06280452013015747, -0.02421046607196331, 0.03156321123242378, -0.017283206805586815, -0.05984089896082878, 0.04809562861919403, 0.0394611656665802, -0.02164260298013687, 0.042783353477716446, 0.031781893223524094, -0.02823704294860363, 0.00459884712472558, 0.008157302625477314, 0.01271784771233797, 0.037102073431015015, -0.029427800327539444, 0.014162948355078697, -0.061676934361457825, -0.005062103271484375, -0.015982579439878464, 0.10459290444850922, -0.025944598019123077, -0.03141098842024803, 0.01788802444934845, -0.03105182573199272, -0.07923863083124161, -0.0002807422715704888, 0.03723254054784775, 0.047617267817258835, 0.021268820390105247, -0.04919701814651489, 0.0067561473697423935, 0.05323489382863045, 0.07784989476203918, 0.018358120694756508, 0.051826220005750656, 3.027660417574242e-34, -0.038618303835392, -0.027201468124985695, 0.034839216619729996, 0.0071927630342543125, 0.03712370619177818, -0.04052082449197769, 0.030728260055184364, -0.02613080106675625, 0.003002275014296174, -0.011984783224761486, -0.024336254224181175]","{'Experience': "": 5 to 10 years ['Android Developer Intern', 'Android Developer Intern'] Project Design Data Analysis ACCORD/Alliance Knowledge BNBC Standards Cost Estimation Feasibility Studies Documentation Compliance Site Monitoring Policy Enforcement Legal Compliance Data Management Team Collaboration Project Design Data Analysis ACCORD/Alliance Knowledge BNBC Standards Cost Estimation Feasibility Studies Documentation Compliance Site Monitoring Policy Enforcement Legal Compliance Data Management Team Collaboration ['May 2021', 'January 2021'] ['current', 'May 2021']"", 'Education': "": ['Bachelor of Science'] ['Computer Science'] ['University of Santa Clara'] •Bachelor of Business Administration (BBA) in Human Resource Management"", 'Skills': ': java, spring, javascript, css, html, rest apis, react native, kotlin, postgresql, mysql, auto cad 2d 3d, civil 3d, civil construction, civil engineering, android development, performance monitoring, quality assurance, team collaboration, bug fixing, performance improvement, cross-functional collaboration, data integrity, feature development'}",target position project coordinator civil objective soon to be computer science graduate eager to continue exploring the inspiring innovative field of android development. as a seasoned intern i am looking to join an android development team with at t as a junior developer. skills java spring javascript css html rest apis react native kotlin postgresql mysql auto cad 2d 3d civil 3d civil construction civil engineering android development performance monitoring quality assurance team collaboration bug fixing performance improvement cross functional collaboration data integrity feature development education bachelor of science computer science university of santa clara bachelor of business administration bba in human resource management experience 5 to 10 years android developer intern android developer intern project design data analysis accord alliance knowledge bnbc standards cost estimation feasibility studies documentation compliance site monitoring policy enforcement legal compliance data management team collaboration project design data analysis accord alliance knowledge bnbc standards cost estimation feasibility studies documentation compliance site monitoring policy enforcement legal compliance data management team collaboration may 2021 january 2021 current may 2021,"['target', 'position', 'project', 'coordinator', 'civil', 'objective', 'soon', 'computer', 'science', 'graduate', 'eager', 'continue', 'exploring', 'inspiring', 'innovative', 'field', 'android', 'development', 'seasoned', 'intern', 'looking', 'join', 'android', 'development', 'team', 'junior', 'developer', 'skill', 'java', 'spring', 'javascript', 'cs', 'html', 'rest', 'apis', 'react', 'native', 'kotlin', 'postgresql', 'mysql', 'auto', 'cad', 'civil', 'civil', 'construction', 'civil', 'engineering', 'android', 'development', 'performance', 'monitoring', 'quality', 'assurance', 'team', 'collaboration', 'bug', 'fixing', 'performance', 'improvement', 'cross', 'functional', 'collaboration', 'data', 'integrity', 'feature', 'development', 'education', 'bachelor', 'science', 'computer', 'science', 'university', 'santa', 'clara', 'bachelor', 'business', 'administration', 'bba', 'human', 'resource', 'management', 'experience', 'year', 'android', 'developer', 'intern', 'android', 'developer', 'intern', 'project', 'design', 'data', 'analysis', 'accord', 'alliance', 'knowledge', 'bnbc', 'standard', 'cost', 'estimation', 'feasibility', 'study', 'documentation', 'compliance', 'site', 'monitoring', 'policy', 'enforcement', 'legal', 'compliance', 'data', 'management', 'team', 'collaboration', 'project', 'design', 'data', 'analysis', 'accord', 'alliance', 'knowledge', 'bnbc', 'standard', 'cost', 'estimation', 'feasibility', 'study', 'documentation', 'compliance', 'site', 'monitoring', 'policy', 'enforcement', 'legal', 'compliance', 'data', 'management', 'team', 'collaboration', 'may', 'january', 'current', 'may']",target position project coordinator civil objective soon computer science graduate eager continue exploring inspiring innovative field android development seasoned intern looking join android development team junior developer skill java spring javascript cs html rest apis react native kotlin postgresql mysql auto cad civil civil construction civil engineering android development performance monitoring quality assurance team collaboration bug fixing performance improvement cross functional collaboration data integrity feature development education bachelor science computer science university santa clara bachelor business administration bba human resource management experience year android developer intern android developer intern project design data analysis accord alliance knowledge bnbc standard cost estimation feasibility study documentation compliance site monitoring policy enforcement legal compliance data management team collaboration project design data analysis accord alliance knowledge bnbc standard cost estimation feasibility study documentation compliance site monitoring policy enforcement legal compliance data management team collaboration may january current may
cand_00019,19,Executive/ Sr. Executive -IT,"Target position: Executive/ Sr. Executive -IT Objective: Skills: machine learning, data science, deep learning, decision trees, random forest, xgboost, catboost, classification, regression, scikit learn, numpy, pandas, opencv, python, matplotlib, loss optimization Education: ['B.Tech'] ['CSE'] ['Raja Birsimbal College, Ranchi'] Bachelor of Science (BSc) in Computer Science & Engineering Experience: 3 to 5 years ['Junior Machine Learning And Deep Learning Engineer'] Hardware & Software Installation System Monitoring IT Support Networking Expertise Mail Server Administration Security Management Troubleshooting & Repair Operations Support Hardware & Software Installation System Monitoring IT Support Networking Expertise Mail Server Administration Security Management Troubleshooting & Repair Operations Support ['Mar 2019'] ['till date']","[""machine learning"", ""data science"", ""deep learning"", ""decision trees"", ""random forest"", ""xgboost"", ""catboost"", ""classification"", ""regression"", ""scikit learn"", ""numpy"", ""pandas"", ""opencv"", ""python"", ""matplotlib"", ""loss optimization""]","[""machine learning"", ""data science"", ""deep learning"", ""decision trees"", ""random forest"", ""xgboost"", ""catboost"", ""classification"", ""regression"", ""scikit learn"", ""numpy"", ""pandas"", ""opencv"", ""python"", ""matplotlib"", ""loss optimization""]","['B.Tech'] ['CSE'] ['Raja Birsimbal College, Ranchi'] Bachelor of Science (BSc) in Computer Science & Engineering","3 to 5 years ['Junior Machine Learning And Deep Learning Engineer'] Hardware & Software Installation
System Monitoring
IT Support
Networking Expertise
Mail Server Administration
Security Management
Troubleshooting & Repair
Operations Support Hardware & Software Installation
System Monitoring
IT Support
Networking Expertise
Mail Server Administration
Security Management
Troubleshooting & Repair
Operations Support ['Mar 2019'] ['till date']",5.0,INFORMATION-TECHNOLOGY,"[0.06390287727117538, 0.012482735328376293, -0.040259674191474915, -0.0502794124186039, 0.052057184278964996, -0.0006449079955928028, -0.047205355018377304, 0.007705777883529663, 0.01804601401090622, -0.05296418443322182, 0.04905710741877556, 0.023272985592484474, -0.0005593231762759387, 0.10167311131954193, 0.026483692228794098, -0.023846348747611046, 0.0004849598917644471, 0.04246332868933678, -0.011434822343289852, -0.0168684683740139, -0.02165917120873928, 0.025254564359784126, -0.03653094545006752, -0.01350900623947382, -0.014963456429541111, -0.027527302503585815, 0.01379246637225151, 0.02610800415277481, -0.0013826563954353333, 0.002652611117810011, 0.008514851331710815, -0.06752446293830872, 0.006735911127179861, -0.029420774430036545, 2.120025555996108e-06, -0.02070176973938942, -0.00815178919583559, -0.012443569488823414, -0.017185965552926064, -0.05280586704611778, 0.015863994136452675, -0.01444736123085022, -0.009499882347881794, 0.05104401707649231, -0.027689598500728607, 0.05724695324897766, 0.05456962063908577, 0.017400505021214485, 0.03060198947787285, 0.10051948577165604, 0.012895975261926651, -0.026223788037896156, -0.005729368422180414, 0.001611988409422338, -0.03359055891633034, -0.06489906460046768, -0.021659156307578087, -0.009882714599370956, -0.012131620198488235, 0.005804343149065971, 0.005271329544484615, -0.04187428206205368, -0.02824057638645172, -0.04469527304172516, 0.04889490827918053, 0.04994123801589012, 0.03839651495218277, -0.038189273327589035, 0.00027837336529046297, -0.042210325598716736, -0.027143701910972595, -0.004326149821281433, -0.04442517086863518, 0.00975821539759636, -0.013905548490583897, -0.015967344865202904, 0.008989900350570679, -0.0018651429563760757, 0.01042682584375143, -0.002357667777687311, 0.009279134683310986, 0.02939782291650772, -0.04224963113665581, -0.035312946885824203, 0.03033613972365856, 0.07869169861078262, -0.01738806441426277, -0.0007819749298505485, 0.06183221563696861, -0.028236543759703636, 0.0635281354188919, 0.007955741137266159, -0.008032849989831448, 0.030626706779003143, -0.08292122930288315, -0.005257953889667988, 0.02124181017279625, -0.023359522223472595, -0.0013619527453556657, 0.010825267992913723, 0.01726846769452095, 0.021690504625439644, 0.05025666952133179, 0.010792465880513191, -0.03851281479001045, 0.02209407091140747, -0.0025455555878579617, 0.0164561178535223, -0.05242951586842537, -0.012244726531207561, 0.010203451849520206, -0.002782820723950863, -0.05075829103589058, -0.011799976229667664, -0.008062695153057575, 0.04723510518670082, -0.06115800142288208, 0.006025469861924648, 0.012613276019692421, -0.013459702953696251, 0.06438890844583511, 0.012635164894163609, -0.019306080415844917, 0.02968219667673111, -0.05439447984099388, -0.014553271234035492, -0.010440914891660213, 0.023894717916846275, 0.011806110851466656, 0.016063358634710312, 0.018736517056822777, 0.026792263612151146, 0.0033190634567290545, -0.028044577687978745, 0.014423653483390808, 0.04387027770280838, 0.024223698303103447, 0.05748153477907181, -0.08436853438615799, 0.04253498092293739, 0.008333133533596992, -0.02813589572906494, -0.007258516736328602, 0.022694865241646767, -0.05912888050079346, -0.04566732048988342, -0.023739539086818695, 0.0056352377869188786, 0.019759230315685272, -0.008119096048176289, -0.004489737097173929, -0.006639773026108742, 0.00525581743568182, -0.030961228534579277, 0.05904163792729378, 0.0074522970244288445, 0.014958681538701057, -0.004787262994796038, -0.021127641201019287, 0.05701626464724541, 0.003005729289725423, -0.026751449331641197, 0.012820301577448845, 0.05661194398999214, -0.05550717934966087, -0.015120918862521648, 0.02401798591017723, 0.05977356806397438, -0.057110290974378586, 0.016583647578954697, 0.018776273354887962, -0.04516831040382385, 0.02208530157804489, 0.06391998380422592, -0.008458230644464493, 0.013266093097627163, 0.03797384351491928, -0.03221127763390541, 0.01804177463054657, 0.028198882937431335, -0.04777088761329651, -0.12350796163082123, 0.03404441103339195, 0.06512745469808578, -0.01967005431652069, 0.011834384873509407, -0.01750561036169529, 0.051658064126968384, -0.04405614733695984, 0.02455892413854599, 0.01760539971292019, -0.02579989843070507, -0.06837387382984161, 0.01126895286142826, 0.05348647013306618, 0.000946593820117414, -0.08988458663225174, -0.06797362118959427, -0.010237451642751694, -0.042941998690366745, -0.049317218363285065, -0.037669941782951355, -0.02249356359243393, 0.0072302063927054405, 0.03486033156514168, -0.05753832682967186, -0.028139444068074226, -0.06877103447914124, -0.01623462326824665, 0.009411171078681946, 0.04837675392627716, -0.011335411109030247, -0.023297416046261787, -0.011164494790136814, -0.0275565292686224, 0.019400276243686676, 0.004824252333492041, -0.012954925186932087, 0.029958875849843025, -0.012961463071405888, -0.015632644295692444, 0.04196944460272789, -0.05984492227435112, 0.014249158091843128, 0.015445847995579243, -0.01625324971973896, 0.026783661916851997, 0.010375472716987133, 0.04132002592086792, 0.03695939853787422, 0.03000996820628643, -0.015162017196416855, -0.0004051209252793342, -0.008520723320543766, -0.029057014733552933, 0.00553818978369236, 0.018178051337599754, -0.00023193159722723067, -0.027992472052574158, -0.012922673486173153, -0.04807436838746071, 0.05805997550487518, 0.0036133851390331984, -0.008830372244119644, 0.009953217580914497, 0.008370245806872845, -0.043770451098680496, 0.033480510115623474, 0.01761099509894848, -0.03517117351293564, -0.003718188963830471, -0.00016893527936190367, 0.03956514596939087, 0.08776726573705673, -0.042560506612062454, -0.027946926653385162, -0.041047826409339905, 0.055696018040180206, -0.12012637406587601, -0.014922990463674068, -0.0014581604627892375, -0.01920962519943714, 0.044067271053791046, 0.00479896692559123, 0.05824970453977585, -0.045497383922338486, 0.0181687343865633, -0.02251860871911049, 0.005217664409428835, 0.03328382596373558, 0.02945922315120697, 0.06249328330159187, 0.0026080571115016937, 0.018764043226838112, -0.019588995724916458, -0.03273419663310051, 0.05458272248506546, 0.0386870913207531, -0.051123201847076416, 0.03858921676874161, 0.009594593197107315, -0.05473858490586281, 0.0048934160731732845, 0.011294804513454437, -0.042431462556123734, 0.004915671888738871, 0.0136657590046525, -0.031768880784511566, -0.007988170720636845, 0.05493244528770447, 0.028725197538733482, 0.006355187389999628, 0.009292618371546268, -0.04325652867555618, -0.07468602061271667, 0.01913316547870636, -0.04462387412786484, 0.06747172027826309, -0.0024518801365047693, 0.03794058412313461, -0.016914352774620056, 0.06492146849632263, 0.035181403160095215, 0.0010296469554305077, 0.001683034235611558, 0.04543638974428177, 0.031874045729637146, 0.025044890120625496, -0.0068215057253837585, -0.06985238939523697, 0.004277878440916538, 0.013801713474094868, 0.014124739915132523, 0.023394910618662834, -0.01074426993727684, -0.020107124000787735, -0.07394637167453766, 0.012706583365797997, -0.03122686967253685, 0.031534891575574875, -0.0013841035543009639, -0.027022862806916237, -0.02612529881298542, -0.012733994983136654, 0.04198255389928818, -0.09978486597537994, -0.1412758231163025, -0.01375811267644167, 0.01269030012190342, -0.0687909945845604, 0.034180473536252975, -0.005984140560030937, -0.024967022240161896, -0.06675030291080475, 0.03725799173116684, -0.04195713996887207, 0.004180494695901871, -0.0823369100689888, 0.010048597119748592, -0.021555699408054352, -0.026105618104338646, 0.027746813371777534, -0.053723547607660294, 0.013375995680689812, 0.03387536481022835, 0.005714128725230694, 0.027705324813723564, 0.0028200361412018538, -0.05790107324719429, 0.024241169914603233, 0.04170750826597214, 0.06159505248069763, -0.0002943850413430482, -0.038826581090688705, -0.002447386272251606, -0.025239871814846992, 0.07568978518247604, 0.02849249541759491, -0.027122920379042625, 0.025859441608190536, -0.004414583556354046, -0.0024422670248895884, 0.011660035699605942, 0.007706132717430592, -0.04145514592528343, 0.014446900226175785, 0.029047491028904915, -0.07386025041341782, 0.019262608140707016, -0.0034042128827422857, 0.004716496914625168, -0.013021312654018402, -0.008093276061117649, 0.023667894303798676, -0.01850179396569729, -0.018804457038640976, -0.024379421025514603, -0.0321032889187336, -0.06977185606956482, 0.04089291766285896, 0.06696295738220215, -0.011863681487739086, 0.04176601767539978, -0.011126811616122723, 0.005295383278280497, -0.013817192055284977, 0.029492700472474098, -0.01064161118119955, -0.03212752565741539, 0.0004986637504771352, -0.004046196583658457, -0.00689496286213398, -0.06488218158483505, -0.04762927070260048, -0.010266665369272232, 0.002833806909620762, -0.006905118469148874, -0.013284672982990742, 0.030893215909600258, -0.007141623180359602, 0.028502056375145912, 0.012818459421396255, -0.049302466213703156, 0.02793266624212265, -0.033724647015333176, -0.0042359428480267525, 0.08832156658172607, 0.009897868148982525, -0.034610673785209656, 0.05208902060985565, 0.0015432187356054783, 0.010477378964424133, 0.00040660699596628547, 0.06793095916509628, 0.026286954060196877, -0.06008151173591614, -0.02056921273469925, 0.06563834846019745, 0.020392997190356255, -0.08875447511672974, 0.055432263761758804, 0.04799589142203331, 0.05137764662504196, -0.004687102045863867, 0.025909654796123505, -0.04073604568839073, 0.017725331708788872, 0.009694783948361874, 0.07222839444875717, -0.0687461644411087, -0.06440205872058868, 0.04972369223833084, 0.015534373000264168, 0.014296213164925575, 0.019017577171325684, -0.03352117910981178, 0.08502953499555588, -0.030441220849752426, 0.0320560447871685, 0.001301812706515193, -0.021213268861174583, 0.041213955730199814, 0.04906594380736351, 0.05656174570322037, -0.008437621407210827, -0.013164223171770573, 0.019656483083963394, 0.03787592053413391, -0.03201460838317871, 0.02443908341228962, 0.10886947065591812, -0.08490510284900665, 0.002422923222184181, -0.05235433205962181, 0.0041426862590014935, -0.049529243260622025, -0.0876486673951149, 0.05601279065012932, 0.027327416464686394, -0.01369993295520544, 0.01015758141875267, 0.030882438644766808, -0.04314638674259186, -0.034137140959501266, -0.029577577486634254, 0.01889082044363022, 0.018679838627576828, -0.021851329132914543, 0.00483587896451354, -0.013809537515044212, -0.021618254482746124, -0.033038198947906494, -0.015144487842917442, -0.012020916678011417, 0.026283347979187965, -0.0022311473730951548, -0.02380928210914135, 0.08560974895954132, -0.04229696840047836, 0.011511009186506271, 0.045172229409217834, -0.017159478738904, 0.014398634433746338, -0.10437047481536865, -0.015358776785433292, 0.026047879830002785, 0.020604534074664116, 0.02096427232027054, -0.02925102412700653, -0.049916770309209824, 0.10867667198181152, 0.0023835182655602694, 0.0410129651427269, -0.04581781476736069, 0.04296484962105751, -0.05398824065923691, -0.034301191568374634, 0.04560895636677742, -0.04968954622745514, 0.07532227784395218, -0.028260882943868637, -0.014375864528119564, -0.003371941391378641, -0.04641953483223915, 0.0014719947939738631, -0.03221246600151062, -0.04188775271177292, 0.029058843851089478, -0.04672830551862717, -0.010390197858214378, -0.02358846552670002, 0.011411924846470356, -0.021564321592450142, -0.02375790849328041, 0.004978805314749479, 0.013365480117499828, 0.034766118973493576, -0.057231683284044266, 0.034624066203832626, -0.020078161731362343, 0.018651969730854034, -0.02443171851336956, -0.030270349234342575, 0.032551731914281845, 0.02126869559288025, 0.014303232543170452, 0.01813240349292755, -0.003927421290427446, 0.05511557683348656, 0.02593018300831318, 0.025574875995516777, -0.011418666690587997, -0.037128593772649765, -0.014691967517137527, -0.0018519451841711998, 0.03351401165127754, 0.03420579805970192, 0.062400173395872116, 0.016215898096561432, 0.024261703714728355, 0.007955072447657585, -0.006272506900131702, 0.022401846945285797, 0.01291485596448183, -0.01346530020236969, -0.023984573781490326, -0.016198832541704178, 0.026398619636893272, 0.011622038669884205, 0.03600075840950012, -0.01899266242980957, -0.033117640763521194, 0.015834607183933258, 0.055279623717069626, -0.03920290991663933, -5.3407854819061215e-33, 0.019481180235743523, -0.016254998743534088, 0.05104220286011696, 0.021425005048513412, -0.0005462363478727639, 0.025184759870171547, 0.03765784576535225, -0.017125386744737625, -0.030821582302451134, -0.01831871084868908, -0.026060665026307106, 0.02934877946972847, 0.026394909247756004, 0.0176549032330513, 0.00011569027265068144, 0.09973887354135513, 0.0031432241667062044, 0.014009675942361355, 0.0018850889755412936, -0.01714211516082287, -0.030027540400624275, 0.030859215185046196, 0.01851695589721203, -0.024558620527386665, -0.021065793931484222, 0.0010253642685711384, -0.015566878952085972, 0.01912429742515087, 0.031344059854745865, 0.0019989919383078814, 0.01580115221440792, -0.040618397295475006, 0.00268714502453804, -0.05089198797941208, 0.009499998763203621, -0.00602039135992527, -0.007843254134058952, 0.015052731148898602, -0.0096133416518569, 0.05395566299557686, 0.004049735143780708, -0.004681319463998079, -0.010949995368719101, -0.004406436812132597, 0.019910307601094246, -0.017500724643468857, 0.02659488655626774, 0.016255507245659828, 0.026464233174920082, -0.000519441906362772, -0.03944205865263939, 0.023825880140066147, -0.04395967721939087, 0.05483727902173996, -0.0370987243950367, 0.027962777763605118, -0.004558240994811058, -0.0040231263265013695, -0.051670320332050323, -0.015368301421403885, -0.05061458423733711, 0.052005790174007416, 0.027988407760858536, -0.04767169430851936, -0.04100955277681351, 0.014527427032589912, 0.03942403197288513, 0.0010921043576672673, 0.02709251642227173, -0.02972562238574028, -0.01999835856258869, 0.018943097442388535, -0.030475031584501266, -0.002614820608869195, 0.028207557275891304, -0.06582065671682358, -0.04499796777963638, 0.014529768377542496, 0.006937725469470024, -0.0029681141022592783, -0.014834699220955372, 0.05735673010349274, -0.03308191895484924, -0.00470896577462554, 0.056769780814647675, -0.027953507378697395, -0.005950091872364283, -0.03614199906587601, 0.04302132502198219, 0.011760542169213295, -0.03391638770699501, 0.027094995602965355, -0.042719196528196335, -0.004885918460786343, 0.09032341092824936, -0.010736469179391861, -0.011571728624403477, -0.00023133651120588183, 0.005529469344764948, 0.010586964897811413, -0.0031607334967702627, -0.039638034999370575, 0.004108365625143051, 0.027640342712402344, 0.05656753480434418, 0.04676451161503792, 0.02044297754764557, 0.00289700785651803, -0.030541077256202698, -0.016182105988264084, 0.004354866221547127, 0.005325248930603266, -0.03559361770749092, 0.00013328962086234242, -0.04895295575261116, -0.021192029118537903, 0.04665312170982361, -0.037283364683389664, 0.03246604651212692, -0.011560585349798203, 0.0051889317110180855, -0.03562422841787338, 0.05495733767747879, -0.041375868022441864, -0.003632100997492671, -0.0028701969422399998, -0.03336070850491524, -0.007360166870057583, -0.029362179338932037, -0.08481467515230179, 0.01228485256433487, 0.025349212810397148, 2.6097436034433485e-07, -0.02298877201974392, 0.03611551597714424, -0.03124053217470646, 0.00741366483271122, -0.03401947021484375, -0.01583319529891014, -0.024008169770240784, -0.02037074789404869, 0.005120876245200634, 0.029429879039525986, -0.006839181762188673, -0.05009860917925835, -0.018609575927257538, -0.027524977922439575, -0.03998742625117302, -0.0827382281422615, -0.024245042353868484, -0.003977909684181213, -0.033283669501543045, 0.05171827971935272, 0.046073008328676224, 0.07187468558549881, 0.08095413446426392, -0.030777854844927788, 0.016163429245352745, -0.014930101111531258, -0.06357325613498688, 0.0003035054833162576, 0.0013815283309668303, 0.045150674879550934, 0.02685520052909851, -0.013667434453964233, 0.005122530274093151, 0.060560762882232666, -0.029540149495005608, 0.0026287154760211706, 0.05375893414020538, 0.08781753480434418, -0.03214732185006142, 0.03066994808614254, 0.044144053012132645, 0.014294562861323357, 0.031102117151021957, -0.007016565650701523, 0.04464845731854439, 0.014726625755429268, -0.037938009947538376, -0.021169552579522133, -0.054617464542388916, 0.022433418780565262, -0.007548233028501272, 0.03562985733151436, -0.018244784325361252, -0.03852221369743347, 0.019795062020421028, -0.04497862979769707, -0.07892320305109024, 0.01835862174630165, 0.0449291355907917, 0.01942257396876812, -0.005083372816443443, -0.05127284675836563, 0.030883241444826126, 0.01332529354840517, 0.07964937388896942, 0.009455008432269096, 0.0009526533540338278, 3.098477523726554e-34, 0.004864358343183994, 0.014834762550890446, 0.01953164115548134, -0.032546624541282654, 0.02562665566802025, -0.031875208020210266, 0.013013683259487152, -0.03724667802453041, -0.0009995490545406938, -0.00571453059092164, -0.04364566132426262]","{'Experience': "": 3 to 5 years ['Junior Machine Learning And Deep Learning Engineer'] Hardware & Software Installation System Monitoring IT Support Networking Expertise Mail Server Administration Security Management Troubleshooting & Repair Operations Support Hardware & Software Installation System Monitoring IT Support Networking Expertise Mail Server Administration Security Management Troubleshooting & Repair Operations Support ['Mar 2019'] ['till date']"", 'Education': "": ['B.Tech'] ['CSE'] ['Raja Birsimbal College, Ranchi'] Bachelor of Science (BSc) in Computer Science & Engineering"", 'Skills': ': machine learning, data science, deep learning, decision trees, random forest, xgboost, catboost, classification, regression, scikit learn, numpy, pandas, opencv, python, matplotlib, loss optimization'}",target position executive sr. executive it objective skills machine learning data science deep learning decision trees random forest xgboost catboost classification regression scikit learn numpy pandas opencv python matplotlib loss optimization education b.tech cse raja birsimbal college ranchi bachelor of science bsc in computer science engineering experience 3 to 5 years junior machine learning and deep learning engineer hardware software installation system monitoring it support networking expertise mail server administration security management troubleshooting repair operations support hardware software installation system monitoring it support networking expertise mail server administration security management troubleshooting repair operations support mar 2019 till date,"['target', 'position', 'executive', 'sr', 'executive', 'objective', 'skill', 'machine', 'learning', 'data', 'science', 'deep', 'learning', 'decision', 'tree', 'random', 'forest', 'xgboost', 'catboost', 'classification', 'regression', 'scikit', 'learn', 'numpy', 'panda', 'opencv', 'python', 'matplotlib', 'loss', 'optimization', 'education', 'b', 'tech', 'cse', 'raja', 'birsimbal', 'college', 'ranchi', 'bachelor', 'science', 'bsc', 'computer', 'science', 'engineering', 'experience', 'year', 'junior', 'machine', 'learning', 'deep', 'learning', 'engineer', 'hardware', 'software', 'installation', 'system', 'monitoring', 'support', 'networking', 'expertise', 'mail', 'server', 'administration', 'security', 'management', 'troubleshooting', 'repair', 'operation', 'support', 'hardware', 'software', 'installation', 'system', 'monitoring', 'support', 'networking', 'expertise', 'mail', 'server', 'administration', 'security', 'management', 'troubleshooting', 'repair', 'operation', 'support', 'mar', 'till', 'date']",target position executive sr executive objective skill machine learning data science deep learning decision tree random forest xgboost catboost classification regression scikit learn numpy panda opencv python matplotlib loss optimization education b tech cse raja birsimbal college ranchi bachelor science bsc computer science engineering experience year junior machine learning deep learning engineer hardware software installation system monitoring support networking expertise mail server administration security management troubleshooting repair operation support hardware software installation system monitoring support networking expertise mail server administration security management troubleshooting repair operation support mar till date
cand_00020,20,Mechanical Engineer,"Target position: Mechanical Engineer Objective: Skills: aderant/cms, excel, quickbooks pro, sql, access, peachtree, hyperion essbase, financial reporting, us gaap principles, ifrs, bookkeeping, budget development, individual tax returns, maintenance and troubleshooting, mechanical Education: ['Bachelor of Business Administration'] ['Accounting'] ['TEMPLE UNIVERSITY'] Bachelor of Science (BSc) in Mechanical Engineering, Diploma in Mechanical Experience: 2 to 5 years ['Senior Accountant', 'Accountant', 'Financial Analyst'] Machinery Maintenance Troubleshooting Report Preparation Log Maintenance Machinery Maintenance Troubleshooting Report Preparation Log Maintenance ['Mar 2006', 'Jan 2005', 'Aug 2002'] ['Current', 'Mar 2006', 'Jan 2005']","[""aderant/cms"", ""excel"", ""quickbooks pro"", ""sql"", ""access"", ""peachtree"", ""hyperion essbase"", ""financial reporting"", ""us gaap principles"", ""ifrs"", ""bookkeeping"", ""budget development"", ""individual tax returns"", ""maintenance and troubleshooting"", ""mechanical""]","[""aderant/cms"", ""excel"", ""quickbooks pro"", ""sql"", ""access"", ""peachtree"", ""hyperion essbase"", ""financial reporting"", ""us gaap principles"", ""ifrs"", ""bookkeeping"", ""budget development"", ""individual tax returns"", ""maintenance and troubleshooting"", ""mechanical""]","['Bachelor of Business Administration'] ['Accounting'] ['TEMPLE UNIVERSITY'] Bachelor of Science (BSc) in Mechanical Engineering, Diploma in Mechanical","2 to 5 years ['Senior Accountant', 'Accountant', 'Financial Analyst'] Machinery Maintenance
Troubleshooting
Report Preparation
Log Maintenance Machinery Maintenance
Troubleshooting
Report Preparation
Log Maintenance ['Mar 2006', 'Jan 2005', 'Aug 2002'] ['Current', 'Mar 2006', 'Jan 2005']",5.0,FINANCE,"[-0.011425253003835678, 0.03360569477081299, -0.02429073303937912, -0.05212191492319107, 0.0383712463080883, 0.034011464565992355, -0.07217562943696976, 0.06063532084226608, -0.03708598390221596, -0.0753551721572876, 0.025158222764730453, 0.0013233884237706661, 0.035507045686244965, 0.02766484022140503, 0.019513722509145737, 0.04162459447979927, -0.01314186304807663, 0.05475008115172386, -0.049790140241384506, -0.016105972230434418, -0.02094757743179798, 0.01667737402021885, -0.05566173791885376, 0.00999536458402872, 0.0022653909400105476, 0.008948996663093567, 0.016188671812415123, 0.007372100837528706, -0.004385659471154213, 0.008035901933908463, -0.0014598107663914561, -0.0033251114655286074, 0.009701123461127281, -0.05911049246788025, 2.0858503830822883e-06, 0.002158521208912134, 0.0014017747016623616, -0.010666527785360813, -0.018841451033949852, -0.00254578934982419, -0.004287320654839277, -0.04419642686843872, 0.013878371566534042, 0.04078713804483414, -0.025222670286893845, 0.024962516501545906, 0.0320722833275795, -0.019299989566206932, 0.033792465925216675, 0.02864537201821804, 0.0050267246551811695, -0.029088715091347694, 0.008123417384922504, -0.048659272491931915, -0.018151070922613144, -0.08186714351177216, -0.0005263032508082688, -0.011068852618336678, 0.025210600346326828, -0.022738102823495865, -0.033354613929986954, -0.016453715041279793, -0.03521566092967987, -0.039284948259592056, 0.05527312681078911, 0.03279402107000351, 0.02627076767385006, -0.0006273512844927609, 0.021893519908189774, -0.02861129119992256, 0.05637844651937485, -0.028773244470357895, -0.040866926312446594, 0.010501256212592125, 0.0012137232115492225, 0.003859763266518712, 0.023019203916192055, -0.03539321571588516, -0.0015334287891164422, 0.010203012265264988, -0.011276002041995525, -0.005207322537899017, -0.06707029789686203, -0.06783700734376907, 0.03501897305250168, -0.00015845595044083893, -0.057427022606134415, -0.013415370136499405, 0.06165854632854462, 0.0009058864670805633, 0.0772537887096405, 0.0001922514638863504, 0.0033256295137107372, 0.021115778014063835, 0.0020555146038532257, -0.010888061486184597, 0.0514204204082489, -0.010019369423389435, 0.008345628157258034, -0.000526615884155035, -0.004158965777605772, 0.03683685138821602, 0.03678314760327339, 0.014269482344388962, -0.04957056790590286, 0.011707233265042305, 0.020043423399329185, -0.013687653467059135, -0.049401044845581055, 0.01450857613235712, -0.020192230120301247, -0.0010532469023019075, -0.04404813423752785, -0.046979792416095734, 0.006137204356491566, 0.06648316234350204, -0.04526621103286743, -0.015205539762973785, 0.012067047879099846, -0.012878382578492165, 0.09619846194982529, 0.0012146212393417954, -0.03573961183428764, 0.031227195635437965, -0.055300354957580566, -0.01391907874494791, 0.02823319286108017, 0.027221526950597763, -0.015203566290438175, 0.018601970747113228, -0.0045388005673885345, 0.004285129718482494, 0.025238756090402603, -0.005412672646343708, -0.013333645649254322, 0.05001968890428543, -0.0024712143931537867, 0.055009737610816956, -0.06367532163858414, 0.025393644347786903, -0.002383830724284053, 0.022812889888882637, -0.01734929159283638, 0.056423619389534, -0.00784781202673912, -0.048310719430446625, -0.012358016334474087, 0.00848465971648693, 0.0437491238117218, -0.009686586447060108, 0.002565824892371893, -0.009942078962922096, 0.028889868408441544, -0.03665998950600624, 0.013785608112812042, -0.018280958756804466, 0.04035695269703865, 0.0010478341719135642, -0.017385877668857574, 0.04913422837853432, -0.018523400649428368, -0.028985872864723206, 0.003520968835800886, 0.05415772274136543, -0.06372571736574173, -6.001187284709886e-05, 0.02882356382906437, 0.04657263681292534, -0.017976131290197372, 0.03835400193929672, 0.0024052283260971308, -0.047748494893312454, -0.012758865021169186, 0.06410561501979828, -0.026676684617996216, 0.005116323009133339, 0.056804485619068146, -0.05382731556892395, 0.05490074306726456, 0.032143767923116684, -0.02053050696849823, -0.14326997101306915, 0.03612611070275307, 0.012887374497950077, -0.026869552209973335, 0.03699641674757004, 0.0012113744160160422, 0.029248878359794617, -0.042414553463459015, 0.001601436291821301, 0.0076082730665802956, 0.0034367793705314398, -0.10185689479112625, -0.00246803998015821, 0.04337508603930473, 0.027126645669341087, -0.053757812827825546, -0.008431877940893173, 0.015973562374711037, -0.00409092428162694, -0.03630640357732773, -0.011042911559343338, -0.05388081446290016, 0.009422337636351585, 0.028451967984437943, -0.04353605955839157, -0.008054517209529877, -0.07306806743144989, -0.03486945107579231, 0.009885386563837528, 0.06357987970113754, 0.0021914083044975996, 0.021720364689826965, 0.005912514869123697, -0.0205078087747097, 0.03980332612991333, -0.0017434604233130813, 0.0007538585341535509, 0.025557396933436394, -0.06317734718322754, -0.014618100598454475, -0.007163700181990862, -0.061625346541404724, 0.013833207078278065, 0.0364098884165287, -0.022276107221841812, 0.05178415775299072, 0.0032525453716516495, 0.019077878445386887, 0.02725057862699032, 0.01878330484032631, -0.006649015471339226, 0.007876207120716572, -0.015028516761958599, 0.013060778379440308, 0.025769373401999474, 0.006382915191352367, 0.018669597804546356, -0.0012313408078625798, 0.00398490484803915, -0.050699420273303986, -0.005820059217512608, 0.02792332135140896, 0.012449056841433048, 4.62900243292097e-05, -0.0019155305344611406, -0.01982066221535206, 0.012086804024875164, 0.04881734773516655, 0.013913868926465511, 0.018730994313955307, 0.0006391658680513501, 0.036512669175863266, 0.06200139597058296, -0.01866055093705654, -0.03187444433569908, -0.07180969417095184, 0.04113931208848953, -0.08792192488908768, -0.006806089077144861, 0.03501326963305473, -0.04518333449959755, 0.01393178477883339, -0.02601536549627781, 0.03772146627306938, -0.028971973806619644, -0.009323753416538239, -0.03271661326289177, -0.021603897213935852, 0.05522854998707771, 0.01208046730607748, 0.051991648972034454, 0.014133742079138756, -0.0010768278734758496, 0.009773017838597298, -0.03901545703411102, 0.0261448435485363, 0.04485738277435303, -0.040902502834796906, 0.01742520183324814, 0.011017372831702232, -0.01948840543627739, 0.015290219336748123, 0.014635032042860985, -0.029381556436419487, -0.0179413091391325, 0.028043188154697418, -0.018361929804086685, -0.0697106346487999, 0.0703975111246109, 0.004741800483316183, -0.002571927150711417, 0.027451850473880768, -0.03391130268573761, -0.06223762780427933, 0.009108604863286018, -0.022029146552085876, 0.03877850994467735, -0.02807842753827572, 0.08772249519824982, -0.013155702501535416, 0.050506591796875, 0.008119392208755016, -0.033181797713041306, 0.02845670096576214, 0.05544017255306244, 0.04625216871500015, 0.03346436098217964, -0.012450327165424824, -0.11053195595741272, -0.006196030881255865, 0.033018991351127625, 0.03641409054398537, 0.008051061071455479, 0.017969924956560135, -0.039910685271024704, -0.01792529970407486, 0.013760559260845184, -0.0314069464802742, 0.02400032989680767, 0.01795358769595623, 0.03467048332095146, -0.054055895656347275, -0.04656965285539627, 0.03516906872391701, -0.022185802459716797, -0.06454511731863022, -0.023699820041656494, -0.00044092608732171357, -0.05396910384297371, 0.0018751188181340694, 0.04181491956114769, -0.008115332573652267, -0.03438197076320648, 0.05752045288681984, -0.034588396549224854, 0.029437432065606117, -0.03277764841914177, 0.009970990009605885, -0.005375458858907223, -0.022306721657514572, -0.0021034327801316977, -0.02620365098118782, 0.005392334423959255, 0.0538557767868042, -0.005038226023316383, 0.004999753087759018, 0.01678512990474701, -0.06852424144744873, 0.032666292041540146, 0.030173655599355698, 0.05730529874563217, -0.004324916750192642, -0.038166094571352005, -0.01857759617269039, 0.0012863718438893557, 0.0454641655087471, 0.048287246376276016, -0.0015395467635244131, -0.0015169557882472873, -0.02676166035234928, -0.019130641594529152, 0.02802455797791481, 0.015052970498800278, 0.008374813012778759, 0.0049384599551558495, 0.03159434348344803, -0.03908615559339523, 0.016183607280254364, -0.006946125533431768, -0.06691067665815353, -0.015308510512113571, -0.041484758257865906, -0.008802840486168861, -0.02126060053706169, -0.0008673126576468349, 0.0042093293741345406, 0.027135957032442093, -0.005545374937355518, 0.013979503884911537, 0.07491003721952438, -0.0055932230316102505, 0.05944722145795822, -0.01031866017729044, 0.03887822479009628, 0.007033172063529491, 0.030057016760110855, 0.0018063078168779612, -0.023987270891666412, 0.021949514746665955, -0.011319523677229881, 0.02136077545583248, -0.08597563207149506, 0.0031618319917470217, -0.0018098079599440098, -0.008297152817249298, -0.04627816751599312, -0.012917369604110718, 0.016612982377409935, 0.011681715026497841, 0.02633691392838955, 0.007681483402848244, -0.07878729701042175, 0.015582599677145481, 0.032406680285930634, -0.0321718268096447, 0.061707302927970886, -0.01601933315396309, -0.03583141788840294, 0.03386766463518143, 0.03139759227633476, 0.011006428860127926, -0.027108149603009224, 0.051451366394758224, -0.02130909264087677, -0.05850539356470108, -0.015370726585388184, 0.0647662803530693, 0.007649128325283527, -0.07362401485443115, 0.06578221172094345, 0.01895858719944954, 0.06472624838352203, -0.005280416924506426, 0.06068802997469902, -0.024539895355701447, 0.015161902643740177, -0.04295533522963524, 0.03450259938836098, -0.07918451726436615, -0.06734956055879593, 0.07449163496494293, -0.007232739590108395, -0.003248808439821005, -0.006502250209450722, -0.0036069657653570175, 0.0343308299779892, -0.03532880172133446, 0.014406183734536171, 0.0021438132971525192, -0.031512532383203506, 0.05984972044825554, 0.04976902902126312, 0.05062655732035637, 0.009587959386408329, 0.026160549372434616, -0.00631529139354825, 0.05072563886642456, -0.046622298657894135, -0.03472154587507248, 0.09953854233026505, -0.04171733558177948, -0.012048388831317425, -0.05776438117027283, -0.012665864080190659, -0.05983120948076248, -0.09947576373815536, 0.06601950526237488, -0.004214882384985685, 0.018756669014692307, -0.02855442464351654, 0.04217005893588066, -0.04213617742061615, -0.02804678864777088, -0.007195384707301855, -0.03241482377052307, 0.000794561521615833, -0.033559609204530716, 0.009959106333553791, -0.0673041045665741, 0.02471385896205902, -0.02917998656630516, -0.02942620776593685, -0.019961228594183922, -0.005598451476544142, -0.003592970548197627, -0.02526197023689747, 0.08995436877012253, -0.06550173461437225, 0.0002378549106651917, 0.057792771607637405, -0.050827138125896454, 0.056492891162633896, -0.08982174098491669, -0.032228533178567886, 0.0029739472083747387, 0.03688911348581314, 0.03254050388932228, -0.02146264910697937, 0.007943505421280861, 0.09416482597589493, -0.04307105019688606, 0.015175133012235165, -0.06837819516658783, 0.06285305321216583, -0.0066786292009055614, -0.00891860667616129, 0.09156675636768341, -0.07187163084745407, 0.05800957232713699, -0.05902612954378128, -0.005631609354168177, 0.018943093717098236, -0.031164614483714104, 0.0055924756452441216, -0.014557533897459507, -0.027628500014543533, 0.038748160004615784, -0.04021024703979492, 0.03993476182222366, -0.05011456087231636, 0.017914973199367523, -0.046757325530052185, 0.019158173352479935, -0.02551906369626522, -0.011222945526242256, -0.013347543776035309, -0.059983063489198685, 0.030954351648688316, 0.001030497718602419, 0.009741660207509995, -0.024880940094590187, -0.03284037858247757, 0.03753389045596123, 0.0020903232507407665, 0.011841639876365662, 0.020861010998487473, 0.03889797255396843, 0.004574556369334459, 0.013458402827382088, -0.005950203165411949, -0.015191232785582542, -0.06139387562870979, 0.02159976400434971, -0.01626949943602085, -0.00045810185838490725, 0.06008344888687134, 0.029099782928824425, 0.026960071176290512, 0.03964947164058685, -0.02976907230913639, -0.007226436864584684, 0.019691742956638336, 0.03023601323366165, -0.009357433766126633, -0.02024693600833416, -0.034523189067840576, 0.013245395384728909, 0.018322456628084183, 0.04938041418790817, -0.024168189615011215, -0.03664514422416687, 0.05597352236509323, 0.03645467385649681, -0.0178221445530653, -5.17179567934794e-33, -0.005865998100489378, -0.0010147430002689362, 0.016801631078124046, -0.013348388485610485, -0.01718541607260704, -0.0026776366867125034, 0.057427022606134415, -0.026670843362808228, -0.05519988760352135, -0.036214377731084824, -0.016198940575122833, 0.015438816510140896, 0.013988415710628033, -0.005518753547221422, 0.007961171679198742, 0.07352282851934433, -0.025026777759194374, -0.015496591106057167, 0.010507199913263321, -0.05095813795924187, -0.07610036432743073, 0.017572369426488876, 0.042046017944812775, 0.05770665034651756, 0.004435013514012098, -0.008454962633550167, -0.04450470954179764, 0.029847124591469765, 0.06442323327064514, -0.0024547006469219923, 0.025367330759763718, -0.04528823494911194, -0.0032926832791417837, -0.029559843242168427, 0.006887214723974466, -0.03750283643603325, 0.003387858159840107, -0.01230454072356224, -0.0008518135291524231, 0.02947368659079075, 0.06847105920314789, -0.00810292549431324, -0.00040650306618772447, -0.0067358785308897495, 0.0006327607552520931, -0.05582650378346443, 0.0017530989134684205, 2.6255374905304052e-05, 0.055817652493715286, 0.006364383734762669, -0.049037523567676544, 0.005760360974818468, -0.01866188459098339, 0.0534353069961071, -0.02969495952129364, 0.08325273543596268, 0.007678508758544922, -0.00936148315668106, -0.01060341577976942, -0.02919160947203636, -0.03613321855664253, 0.0527648851275444, 0.012881179340183735, -0.07512357085943222, -0.030765864998102188, -0.0022095374297350645, 0.029632309451699257, 0.014473611488938332, -0.0014025387354195118, -0.058905407786369324, -0.041774433106184006, -0.00036078665289096534, -0.03167733550071716, -0.01021187286823988, 0.004993821959942579, -0.034403733909130096, -0.060134876519441605, 0.029086777940392494, 0.010193699039518833, 0.03146219626069069, -0.0001912802254082635, 0.04104836657643318, -0.04642435163259506, -0.000461290794191882, 0.024492187425494194, -0.0030319704674184322, -0.01870499737560749, 0.02089124731719494, 0.04431195184588432, 0.010772356763482094, 0.029188653454184532, -0.0034957597963511944, -0.04476449266076088, 0.014891054481267929, 0.0772685706615448, 0.01662612147629261, 0.0020801087375730276, -0.018788939341902733, -0.011341143399477005, 0.0006453274399973452, -0.031931690871715546, 0.0391070581972599, -0.008153514005243778, 0.04149329662322998, 0.05630658194422722, 0.013189909048378468, -0.02044019289314747, -0.01538801472634077, -0.03871849179267883, 0.005279771983623505, -0.005360750015825033, -0.025685563683509827, -0.025828400626778603, 0.0002026949223363772, -0.013208456337451935, -0.014634354040026665, 0.0360732264816761, -0.08339108526706696, 0.02574431151151657, -0.05273328348994255, 0.008090991526842117, -0.02508099190890789, 0.07745519280433655, -0.010675624944269657, -0.0030146169010549784, -0.00035434812889434397, 0.034844882786273956, -0.02384760044515133, -0.004862417466938496, -0.049522582441568375, 0.022447803989052773, 0.018688829615712166, 2.663431644123193e-07, -0.005766802001744509, -0.0012987180380150676, -0.0032090959139168262, -0.005633771885186434, -0.03704901784658432, -0.04399104043841362, -0.04094439372420311, -0.039836302399635315, 0.030606796965003014, 0.058249231427907944, 0.007165377959609032, -0.041986074298620224, -0.008118031546473503, -0.04986732080578804, -0.018449779599905014, -0.059254176914691925, 0.01636168360710144, -0.0037572041619569063, -0.013037288561463356, 0.02789277397096157, 0.07633362710475922, 0.04812147468328476, 0.03811248764395714, -0.016926033422350883, -0.001937264110893011, 0.005442263558506966, -0.04863973334431648, -0.009821304120123386, -0.01723344624042511, 0.0173288956284523, 0.057139504700899124, -0.03966350853443146, -0.0009109697421081364, 0.05902057886123657, -0.04003310576081276, 0.013151786290109158, 0.07511534541845322, 0.06964606791734695, -0.015663661062717438, 0.0026579247787594795, 0.026221832260489464, 0.004503323696553707, 0.022921504452824593, 0.0028237234801054, 0.01260710321366787, -0.0062736268155276775, -0.01588577777147293, 0.017591243609786034, -0.09817564487457275, 0.06719495356082916, -0.04188128933310509, 0.09723647683858871, -0.01684008352458477, -0.03961899131536484, 0.0400969497859478, -0.013496022671461105, -0.08281990140676498, 0.039680495858192444, 0.0436648391187191, 0.03212529793381691, -0.013494555838406086, -0.026518162339925766, 0.04449494555592537, 0.0124125387519598, 0.10566908121109009, -0.028820842504501343, -0.030960354954004288, 3.097091266912049e-34, -0.017696121707558632, -0.015480151399970055, 0.051348716020584106, -0.010462310165166855, 0.048629552125930786, -0.021030696108937263, 0.02474895305931568, 0.005304635502398014, -0.01676155813038349, -0.05241069942712784, -0.03170996904373169]","{'Experience': "": 2 to 5 years ['Senior Accountant', 'Accountant', 'Financial Analyst'] Machinery Maintenance Troubleshooting Report Preparation Log Maintenance Machinery Maintenance Troubleshooting Report Preparation Log Maintenance ['Mar 2006', 'Jan 2005', 'Aug 2002'] ['Current', 'Mar 2006', 'Jan 2005']"", 'Education': "": ['Bachelor of Business Administration'] ['Accounting'] ['TEMPLE UNIVERSITY'] Bachelor of Science (BSc) in Mechanical Engineering, Diploma in Mechanical"", 'Skills': ': aderant/cms, excel, quickbooks pro, sql, access, peachtree, hyperion essbase, financial reporting, us gaap principles, ifrs, bookkeeping, budget development, individual tax returns, maintenance and troubleshooting, mechanical'}",target position mechanical engineer objective skills aderant cms excel quickbooks pro sql access peachtree hyperion essbase financial reporting us gaap principles ifrs bookkeeping budget development individual tax returns maintenance and troubleshooting mechanical education bachelor of business administration accounting temple university bachelor of science bsc in mechanical engineering diploma in mechanical experience 2 to 5 years senior accountant accountant financial analyst machinery maintenance troubleshooting report preparation log maintenance machinery maintenance troubleshooting report preparation log maintenance mar 2006 jan 2005 aug 2002 current mar 2006 jan 2005,"['target', 'position', 'mechanical', 'engineer', 'objective', 'skill', 'aderant', 'cm', 'excel', 'quickbooks', 'pro', 'sql', 'access', 'peachtree', 'hyperion', 'essbase', 'financial', 'reporting', 'u', 'gaap', 'principle', 'ifrs', 'bookkeeping', 'budget', 'development', 'individual', 'tax', 'return', 'maintenance', 'troubleshooting', 'mechanical', 'education', 'bachelor', 'business', 'administration', 'accounting', 'temple', 'university', 'bachelor', 'science', 'bsc', 'mechanical', 'engineering', 'diploma', 'mechanical', 'experience', 'year', 'senior', 'accountant', 'accountant', 'financial', 'analyst', 'machinery', 'maintenance', 'troubleshooting', 'report', 'preparation', 'log', 'maintenance', 'machinery', 'maintenance', 'troubleshooting', 'report', 'preparation', 'log', 'maintenance', 'mar', 'jan', 'aug', 'current', 'mar', 'jan']",target position mechanical engineer objective skill aderant cm excel quickbooks pro sql access peachtree hyperion essbase financial reporting u gaap principle ifrs bookkeeping budget development individual tax return maintenance troubleshooting mechanical education bachelor business administration accounting temple university bachelor science bsc mechanical engineering diploma mechanical experience year senior accountant accountant financial analyst machinery maintenance troubleshooting report preparation log maintenance machinery maintenance troubleshooting report preparation log maintenance mar jan aug current mar jan
cand_00021,21,Network Support Engineer,"Target position: Network Support Engineer Objective: To obtain a position in the field of civil engineering technician where I can apply and impart the knowledge I have gained through experience and college, as well as to acquire new insight through experience and application. Skills: arcview, autocad, drafting, gps, graphic, inspection, microsoft access, microstation, file maintenance, repairs, supervision, surveys, utilities, ccna cisco certified network associate, gpon, hardware networking, iig, isp, it enabled services, olt and onu, design, geopak, survey, trimble gps, topcon total station, topo graphic surveys, land surveys, construction surveys, ashtec gps, trimble 5600 total station, eagle point, surveying, geodimeter total station, environmental sampling, construction inspection, stream gauging Education: ['BS', 'AAS'] ['Construction Management', 'Civil and Construction Engineering Technology'] ['University of Northern Iowa', 'Hawkeye Community College'] Diploma, Bachelor/Honors Experience: At least 3 years ['Engineering Technician', 'Senior Engineering Technician', 'Engineering Technician'] Mikrotik Router Configuration OLT Device Setup & Management Integration with Billing Software Network Monitoring Tools Integration Connectivity Troubleshooting Technical Support & Escalation Installation & Configuration GPON/EPON Expertise Cisco, OLT, MikroTik Knowledge Mikrotik Router Configuration OLT Device Setup & Management Integration with Billing Software Network Monitoring Tools Integration Connectivity Troubleshooting Technical Support & Escalation Installation & Configuration GPON/EPON Expertise Cisco, OLT, MikroTik Knowledge ['August 2007', 'April 2006', 'May 1998'] ['Current', 'August 2007', 'April 2006']","[""arcview"", ""autocad"", ""drafting"", ""gps"", ""graphic"", ""inspection"", ""microsoft access"", ""microstation"", ""file maintenance"", ""repairs"", ""supervision"", ""surveys"", ""utilities"", ""ccna cisco certified network associate"", ""gpon"", ""hardware networking"", ""iig"", ""isp"", ""it enabled services"", ""olt and onu"", ""design"", ""geopak"", ""survey"", ""trimble gps"", ""topcon total station"", ""topo graphic surveys"", ""land surveys"", ""construction surveys"", ""ashtec gps"", ""trimble 5600 total station"", ""eagle point"", ""surveying"", ""geodimeter total station"", ""environmental sampling"", ""construction inspection"", ""stream gauging""]","[""arcview"", ""autocad"", ""drafting"", ""gps"", ""graphic"", ""inspection"", ""microsoft access"", ""microstation"", ""file maintenance"", ""repairs"", ""supervision"", ""surveys"", ""utilities"", ""ccna cisco certified network associate"", ""gpon"", ""hardware networking"", ""iig"", ""isp"", ""it enabled services"", ""olt and onu"", ""design"", ""geopak"", ""survey"", ""trimble gps"", ""topcon total station"", ""topo graphic surveys"", ""land surveys"", ""construction surveys"", ""ashtec gps"", ""trimble 5600 total station"", ""eagle point"", ""surveying"", ""geodimeter total station"", ""environmental sampling"", ""construction inspection"", ""stream gauging""]","['BS', 'AAS'] ['Construction Management', 'Civil and Construction Engineering Technology'] ['University of Northern Iowa', 'Hawkeye Community College'] Diploma, Bachelor/Honors","At least 3 years ['Engineering Technician', 'Senior Engineering Technician', 'Engineering Technician'] Mikrotik Router Configuration
OLT Device Setup & Management
Integration with Billing Software
Network Monitoring Tools Integration
Connectivity Troubleshooting
Technical Support & Escalation
Installation & Configuration
GPON/EPON Expertise
Cisco, OLT, MikroTik Knowledge Mikrotik Router Configuration
OLT Device Setup & Management
Integration with Billing Software
Network Monitoring Tools Integration
Connectivity Troubleshooting
Technical Support & Escalation
Installation & Configuration
GPON/EPON Expertise
Cisco, OLT, MikroTik Knowledge ['August 2007', 'April 2006', 'May 1998'] ['Current', 'August 2007', 'April 2006']",3.0,INFORMATION-TECHNOLOGY,"[0.024378694593906403, 0.022349270060658455, -0.027646617963910103, -0.026232102885842323, 0.024332096800208092, -0.019067689776420593, -0.03117814101278782, -0.018288930878043175, -0.0027116993442177773, -0.06187780946493149, 0.047255873680114746, -0.01428686361759901, 0.03127313777804375, 0.059703513979911804, 0.01875525899231434, 0.006770105566829443, -0.03642857447266579, 0.056081946939229965, -0.02133154310286045, 0.029176274314522743, 0.00586662208661437, 0.0354665070772171, -0.025213338434696198, -0.023880966007709503, -0.015509417280554771, 0.023933954536914825, -0.0023199371062219143, 0.023607004433870316, 0.03916958346962929, -0.023211410269141197, 0.03984041139483452, -0.0413191020488739, -0.023172616958618164, -0.05886681377887726, 2.2909218841959955e-06, 0.01827571541070938, -0.0008949307375587523, -0.018484007567167282, -0.007282768841832876, 0.0035703477915376425, -0.018561292439699173, -0.015401294454932213, -0.02740299515426159, 0.013152251951396465, -0.026539739221334457, 0.0657968670129776, 0.045480720698833466, 0.019916817545890808, 0.03302019461989403, 0.04382434859871864, 0.011574809439480305, -0.020577792078256607, -0.0394676998257637, -0.03380199894309044, -0.023742245510220528, -0.019634023308753967, -0.02185240387916565, 0.0059812129475176334, 0.03086778335273266, 0.05805497616529465, -0.02081621252000332, -0.03149471431970596, -0.010136245749890804, -0.004216981586068869, 0.03350444138050079, 0.04089796543121338, 0.02428502030670643, -0.003634390188381076, 0.020585976541042328, -0.031212005764245987, 0.041736748069524765, -0.0031166740227490664, -0.013059889897704124, 0.035558413714170456, -0.05049654096364975, 0.0016101370565593243, -0.019083485007286072, -0.07488975673913956, -0.016070516780018806, 0.01871575228869915, -0.03672992065548897, -0.005375523120164871, -0.03319654241204262, -0.048914480954408646, 0.009388715028762817, 0.05831632763147354, -0.03167583420872688, -0.01708695851266384, 0.025749297812581062, 0.004217586480081081, 0.06914599984884262, -0.0007569570443592966, 0.02395365573465824, -0.011000766418874264, -0.026751531288027763, -0.018361136317253113, 0.06845822930335999, -0.02900664322078228, 0.013625049032270908, 0.02544090710580349, -0.005540091544389725, 0.019951093941926956, 0.06019042804837227, 0.03592164069414139, -0.042855530977249146, 0.01259145513176918, -0.005197294522076845, 0.02298399992287159, -0.04903069883584976, -0.00886975135654211, -0.004458759445697069, -0.01803695783019066, -0.03151141107082367, -0.015349715948104858, -0.0010699867270886898, 0.06583485752344131, -0.020279115065932274, 0.0028170770965516567, 0.027673929929733276, -0.028475839644670486, 0.08335193991661072, 0.008823337033390999, -0.014407962560653687, 0.01722014509141445, -0.026816530153155327, -0.03254479169845581, 0.015500212088227272, 0.013676770031452179, 0.005921113304793835, -0.007965471595525742, -0.02556486986577511, 0.010844972915947437, 0.02669592760503292, -0.01142812054604292, -0.015097063034772873, -0.011376581154763699, -0.012284912168979645, 0.015374940820038319, -0.026149092242121696, 0.002542337169870734, -0.006566536147147417, -0.002662352519109845, -0.038723424077034, 0.05232061818242073, -0.043099403381347656, -0.023342005908489227, -0.03442826494574547, 0.005066708195954561, 0.02698402665555477, -0.014940702356398106, -0.00690015684813261, -0.022943221032619476, -0.0039035023655742407, -0.037741564214229584, 0.065918929874897, 0.0057550459168851376, 0.05039377510547638, -0.02610952965915203, -0.029967300593852997, 0.037470024079084396, -0.05550466105341911, -0.03376008942723274, -0.036736950278282166, 0.053564392030239105, -0.021767843514680862, 0.01201919186860323, 0.039111752063035965, 0.06359008699655533, 0.00816581305116415, -0.020718708634376526, 0.023497700691223145, -0.011134201660752296, 0.020614083856344223, 0.036294154822826385, -0.010801296681165695, 0.021484602242708206, 0.054891280829906464, -0.06510304659605026, 0.03589579090476036, 0.08084151148796082, -0.02968418225646019, -0.1326499581336975, -0.011347556486725807, 0.027440939098596573, -0.005250744521617889, 0.027687234804034233, -0.015074674971401691, 0.04847877845168114, -0.03202764317393303, 0.013655041344463825, -8.69880459504202e-05, 0.00862867571413517, -0.0662863701581955, 0.0033082575537264347, 0.02495354600250721, 0.02345394343137741, -0.045210015028715134, -0.03235809877514839, -0.0014732122654095292, -0.0021331626921892166, -0.01810932159423828, -0.030705060809850693, -0.06341955810785294, 0.009661652147769928, 0.020075196400284767, -0.007800139952450991, -0.04174833372235298, -0.056267477571964264, -0.006490555126219988, 0.04689905792474747, 0.05874551832675934, -0.013579740189015865, 0.008174892514944077, 0.00595155218616128, -0.020948579534888268, 0.02359340712428093, 0.01984768733382225, 0.020039578899741173, 0.006836617831140757, -0.006020649801939726, 0.018406786024570465, -0.02544170431792736, -0.06097457930445671, 0.005467028357088566, 0.03454357385635376, -0.01952528767287731, -0.010226568207144737, -0.002724289195612073, -0.010948601178824902, 0.039701640605926514, -0.0017532329075038433, -0.00661980826407671, -0.013100630603730679, -0.024428077042102814, -0.00766364810988307, 0.023807106539607048, 0.005227832123637199, 0.041788261383771896, -0.04164378345012665, -0.01645018719136715, -0.025293447077274323, 0.014739223755896091, 0.019331010058522224, 0.015004870481789112, 0.018862970173358917, -0.01346659567207098, 0.036656852811574936, 0.016286952421069145, 0.010844207368791103, 0.0072393715381622314, -0.014320440590381622, -0.013468737713992596, 0.016219142824411392, 0.06620116531848907, -0.025383317843079567, -0.019376855343580246, -0.08503600209951401, 0.095469169318676, -0.11409854888916016, -0.0021782931871712208, -0.04540349915623665, -0.04142707586288452, 0.0019574854522943497, -0.03379329666495323, 0.06474930047988892, 0.005789213813841343, -0.00843233522027731, -0.033944204449653625, -0.03299745172262192, -0.023824820294976234, 0.0479506179690361, 0.07269978523254395, 0.01093102153390646, -0.03199697658419609, -0.025627044960856438, -0.0179379191249609, 0.016677429899573326, 0.048652466386556625, -0.0432594008743763, 0.024224810302257538, 0.009178191423416138, -0.06359193474054337, -0.013233233243227005, -0.005617046728730202, -0.022188659757375717, 0.005576831754297018, 0.033632971346378326, -0.054797589778900146, -0.01752619631588459, 0.06190313398838043, 0.007419298868626356, -0.024151435121893883, 0.005719131324440241, -0.05264148861169815, -0.03396846354007721, 0.01895771361887455, -0.0725608542561531, 0.031205838546156883, -0.0030678000766783953, 0.06379440426826477, -0.0183578971773386, 0.011973503977060318, -0.00286266696639359, 0.001276388531550765, 0.002299129730090499, 0.05137939006090164, -0.0019642850384116173, 0.033426061272621155, -0.009877153672277927, -0.05472410097718239, -0.020190617069602013, 0.015690580010414124, 0.05390259996056557, -0.009116431698203087, 0.012469467706978321, -0.003944977652281523, -0.009182077832520008, -0.014649584889411926, 0.005331425461918116, 0.029242217540740967, 0.014257634058594704, 0.015486397780478, -0.01681000180542469, -0.0570690855383873, 0.017469218000769615, -0.07098093628883362, -0.08174467831850052, -0.033963028341531754, -0.00022758447448723018, -0.05117527395486832, 0.02849305234849453, 0.05314283445477486, -0.04753154143691063, -0.025684701278805733, 0.00015202285430859774, -0.05862416699528694, 0.0034119815099984407, -0.1003086194396019, 0.0176677443087101, -0.028005536645650864, -0.0274098739027977, -0.005917179398238659, -0.04481911659240723, 0.07175713032484055, 0.0747799277305603, -0.01759825088083744, 0.037416066974401474, 0.024981951341032982, 0.017673837020993233, 0.044467952102422714, -0.005950924474745989, 0.04830246418714523, -0.026120955124497414, 0.009068679995834827, 0.008642244152724743, 0.0338628813624382, 0.04696892946958542, 0.06874988973140717, -0.0035754560958594084, 0.03564896807074547, -0.06027821823954582, -0.039409469813108444, 0.007347464095801115, 0.0278620682656765, -0.02373918518424034, 0.024030746892094612, 0.010069590061903, -0.0706629678606987, 0.013457910157740116, -0.042300205677747726, 0.020693788304924965, -0.032029081135988235, -0.004343040287494659, -0.01096381340175867, -0.006883834954351187, -0.01416719239205122, -0.028734637424349785, 0.025269249454140663, -0.014801602810621262, 0.004897352773696184, 0.05815558135509491, 0.024546578526496887, 0.09760301560163498, -0.01359270978718996, 0.013767224736511707, -0.008115941658616066, 0.005041792523115873, -0.018904708325862885, -0.0040834699757397175, 0.02514413557946682, 0.013923730701208115, -0.0036705753300338984, -0.019913576543331146, -0.020038176327943802, -0.01878475397825241, 0.04409940913319588, -0.06932517886161804, -0.038731690496206284, 0.032036080956459045, 0.023058755323290825, 0.011389955878257751, -0.0020654331892728806, -0.0937061682343483, 0.010419469326734543, 0.008334471844136715, 0.044844187796115875, 0.02158099226653576, -0.025252748280763626, -0.0025327338371425867, 0.02170678973197937, 0.05661710351705551, -0.00015679870557505637, 0.0089268758893013, 0.025830915197730064, -0.06824640184640884, -0.05444413423538208, -0.016907140612602234, 0.031466852873563766, 0.048862457275390625, -0.06599728018045425, 0.03478149697184563, 0.022621141746640205, 0.07316716015338898, -0.03037124127149582, 0.08531896770000458, -0.07096370309591293, 0.023818055167794228, 0.060160718858242035, -0.03821820020675659, -0.06590016186237335, -0.053413424640893936, 0.027097877115011215, -0.033274684101343155, -0.0007458595791831613, -0.0024759701918810606, -0.04608401283621788, 0.060417499393224716, 0.03008386678993702, 0.032180581241846085, 0.02637908235192299, -0.012835401110351086, 0.03200037032365799, 0.08563914895057678, 0.06804831326007843, 0.0003383093571756035, 0.007306757383048534, -0.016264118254184723, 0.0022275568917393684, -0.008774980902671814, 0.03519681841135025, 0.06157376617193222, -0.016306636855006218, 0.028909172862768173, -0.04205333814024925, -0.055617284029722214, -0.04899065941572189, -0.0975479856133461, 0.05220773071050644, 0.013108445331454277, 0.00746427895501256, -0.001014098641462624, 0.038109276443719864, -0.021554559469223022, -0.017012765631079674, 0.010443476028740406, 0.011074213311076164, -0.03496764227747917, -0.0012731561437249184, -0.020525140687823296, -0.051850203424692154, 0.0013594323536381125, -0.006144584622234106, -0.03658660128712654, 0.005672050174325705, 0.045559413731098175, -0.029031842947006226, -0.015506936237215996, 0.0753069519996643, -0.06958222389221191, 0.03165275231003761, 0.042508240789175034, 0.0004927705158479512, 0.0591755136847496, -0.032769858837127686, -0.0013153544859960675, 0.0032588145695626736, 0.055025614798069, 0.05038757622241974, 0.015129396691918373, -0.022964896634221077, 0.05872971937060356, -0.0232500359416008, 0.01597735658288002, -0.029617320746183395, 0.05610249564051628, 0.002945928368717432, 0.02295549400150776, 0.04880005493760109, -0.05141399800777435, -0.013699552044272423, -0.02801155298948288, 0.004113051574677229, 0.024820854887366295, -0.014184903353452682, 0.001564570004120469, -0.02199849858880043, -0.04238736256957054, 0.0016593034379184246, -0.0379040464758873, 0.020902832970023155, -0.06514909118413925, 0.004063710104674101, -0.02212127484381199, 0.013320651836693287, -0.027923405170440674, 0.044347457587718964, -0.003116955980658531, 0.018850745633244514, 0.048506636172533035, -0.016833828762173653, 0.026660986244678497, -0.02779792994260788, -0.02460772916674614, 0.024415133520960808, -0.006747120525687933, 0.029761509969830513, 0.022429076954722404, 0.03644002974033356, 0.05814028158783913, -0.015181811526417732, 0.02218751795589924, -0.03010067529976368, -0.055692922323942184, 0.009616286493837833, 0.014847860671579838, 0.00844996515661478, 0.02469894289970398, 0.06222084164619446, -0.02774759568274021, 0.025904864072799683, -0.03653181716799736, 0.00536762410774827, 0.01877630315721035, 0.019067823886871338, 0.003998841159045696, -0.0428122878074646, -0.03210238739848137, 0.03562919422984123, 0.023241804912686348, 0.0038053204771131277, 0.025513067841529846, -0.05837366357445717, 0.0039681135676801205, 0.05078106373548508, 0.023985257372260094, -6.164531882686056e-33, -0.01197016891092062, -0.044091109186410904, 0.04346727207303047, 0.046080343425273895, -0.03516312316060066, -0.00014959656982682645, 0.04132504016160965, -0.034804679453372955, -0.06001177430152893, -0.061405353248119354, -0.010575015097856522, 0.020115073770284653, 0.015963749960064888, 0.013392508961260319, 0.012875127606093884, 0.10459960997104645, 0.011025593616068363, 0.002872215583920479, -0.02394752763211727, -0.055935345590114594, -0.059113919734954834, -0.003917237743735313, 0.035559192299842834, -0.051968757063150406, 0.013249272480607033, -0.02301975153386593, -0.004347290378063917, -0.009251848794519901, 0.03288501873612404, -0.00736581813544035, 0.005965135991573334, -0.040283311158418655, 0.01980770379304886, -0.02437906339764595, 0.023112816736102104, 0.015823017805814743, -0.032736390829086304, 0.013722743839025497, -0.030147675424814224, 0.04384083300828934, 0.005813807714730501, -0.03412885591387749, -0.014076638035476208, -0.007638229057192802, -0.032059941440820694, -0.018861470744013786, 0.0005950902123004198, 0.03656857833266258, 0.043866995722055435, 0.03325878083705902, -0.031160958111286163, -0.016033437103033066, -0.039947547018527985, 0.03457048907876015, -0.06546778976917267, 0.002253640443086624, -0.014582277275621891, -0.008136413991451263, -0.0626133382320404, -0.015438530594110489, -0.048051461577415466, 0.050210826098918915, 0.049199409782886505, -0.08175309002399445, -0.06215178221464157, 0.015773393213748932, 0.01994009129703045, -0.007554268930107355, 0.030400309711694717, -0.08634733408689499, -0.017433151602745056, 0.0137265520170331, -0.05141674354672432, -0.011211234144866467, 0.002747912425547838, -0.11093787848949432, -0.060342684388160706, 0.002731103915721178, 0.006073861848562956, 0.01814648136496544, 0.0006212959415279329, 0.010454842820763588, 0.006056922487914562, 0.0015965536003932357, 0.03927168995141983, -0.06503083556890488, 0.0015694262692704797, -0.03119579516351223, 0.034715861082077026, 0.027385998517274857, 0.008351352997124195, 0.03404529392719269, -0.04977535083889961, 0.020739732310175896, 0.09181815385818481, 0.012102814391255379, -0.016261551529169083, 0.006597775034606457, -0.01576079986989498, 0.06494539976119995, -0.005279303062707186, 0.010832530446350574, -0.025154681876301765, 0.035148750990629196, 0.04153278097510338, 0.014256013557314873, -0.0037713840138167143, 0.042536456137895584, -0.012918500229716301, 0.001957550412043929, 0.003914072178304195, -0.05167720094323158, -0.03496706113219261, -0.027468468993902206, -0.02285035513341427, -0.023717835545539856, 0.06632862985134125, -0.051938559859991074, 0.02051001414656639, -0.03557506948709488, 0.0474681556224823, 0.0011681249598041177, 0.04017544537782669, -0.01368914544582367, 0.002996287541463971, 0.016710752621293068, 0.006525119300931692, -0.04080507531762123, -0.04561493918299675, -0.01280879881232977, 0.03092767670750618, 0.030759206041693687, 2.930247262611374e-07, -0.021251846104860306, 0.04952424019575119, -0.01783626526594162, 0.03624730929732323, -0.014192875474691391, -0.06941690295934677, -0.06764479726552963, 0.014331276528537273, 0.030262978747487068, 0.03826534003019333, 0.011598369106650352, -0.03952726349234581, -0.04280567541718483, -0.013819798827171326, -0.03973264619708061, -0.06112729758024216, 0.05094696208834648, -0.015180286951363087, -0.040850572288036346, 0.00420108949765563, 0.12435348331928253, 0.003879575291648507, 0.031028734520077705, 0.019430074840784073, 0.011499517597258091, -0.022341756150126457, -0.03960713744163513, 0.03288014605641365, -0.011598968878388405, 0.032122377306222916, 0.01425880752503872, -0.010888837277889252, -0.008166068233549595, 0.06193885952234268, -0.004983528051525354, -0.012123769149184227, 0.09523905813694, 0.0581689327955246, -0.01679134927690029, 0.03590695187449455, 0.025095198303461075, -0.047596752643585205, 0.024420903995633125, -0.01716781221330166, 0.0186375193297863, 0.015173615887761116, -0.008929088711738586, 0.03702182695269585, -0.06302034854888916, -0.006956517696380615, -0.04919814690947533, 0.06847480684518814, -0.003035958157852292, -0.08242122083902359, 0.023883549496531487, -0.01877754181623459, -0.06200066953897476, 0.03377193212509155, 0.0515020526945591, 0.04513191059231758, 0.01938449591398239, -0.07145103812217712, 0.01905997283756733, 0.02773156762123108, 0.12968270480632782, 0.05376220494508743, -0.04173539578914642, 3.516657572732919e-34, -0.015126092359423637, 0.011658535338938236, 0.03097379207611084, -0.03500620275735855, 0.02406022697687149, -0.024224761873483658, 0.010400486178696156, -0.03861217200756073, -0.01308463979512453, -0.044667068868875504, -0.018871139734983444]","{'Experience': 'and college, as well as to acquire new insight through experience and application.', 'Education': "": ['BS', 'AAS'] ['Construction Management', 'Civil and Construction Engineering Technology'] ['University of Northern Iowa', 'Hawkeye Community College'] Diploma, Bachelor/Honors"", 'Skills': ': arcview, autocad, drafting, gps, graphic, inspection, microsoft access, microstation, file maintenance, repairs, supervision, surveys, utilities, ccna cisco certified network associate, gpon, hardware networking, iig, isp, it enabled services, olt and onu, design, geopak, survey, trimble gps, topcon total station, topo graphic surveys, land surveys, construction surveys, ashtec gps, trimble 5600 total station, eagle point, surveying, geodimeter total station, environmental sampling, construction inspection, stream gauging'}",target position network support engineer objective to obtain a position in the field of civil engineering technician where i can apply and impart the knowledge i have gained through experience and college as well as to acquire new insight through experience and application. skills arcview autocad drafting gps graphic inspection microsoft access microstation file maintenance repairs supervision surveys utilities ccna cisco certified network associate gpon hardware networking iig isp it enabled services olt and onu design geopak survey trimble gps topcon total station topo graphic surveys land surveys construction surveys ashtec gps trimble 5600 total station eagle point surveying geodimeter total station environmental sampling construction inspection stream gauging education bs aas construction management civil and construction engineering technology university of northern iowa hawkeye community college diploma bachelor honors experience at least 3 years engineering technician senior engineering technician engineering technician mikrotik router configuration olt device setup management integration with billing software network monitoring tools integration connectivity troubleshooting technical support escalation installation configuration gpon epon expertise cisco olt mikrotik knowledge mikrotik router configuration olt device setup management integration with billing software network monitoring tools integration connectivity troubleshooting technical support escalation installation configuration gpon epon expertise cisco olt mikrotik knowledge august 2007 april 2006 may 1998 current august 2007 april 2006,"['target', 'position', 'network', 'support', 'engineer', 'objective', 'obtain', 'position', 'field', 'civil', 'engineering', 'technician', 'apply', 'impart', 'knowledge', 'gained', 'experience', 'college', 'well', 'acquire', 'new', 'insight', 'experience', 'application', 'skill', 'arcview', 'autocad', 'drafting', 'gps', 'graphic', 'inspection', 'microsoft', 'access', 'microstation', 'file', 'maintenance', 'repair', 'supervision', 'survey', 'utility', 'ccna', 'cisco', 'certified', 'network', 'associate', 'gpon', 'hardware', 'networking', 'iig', 'isp', 'enabled', 'service', 'olt', 'onu', 'design', 'geopak', 'survey', 'trimble', 'gps', 'topcon', 'total', 'station', 'topo', 'graphic', 'survey', 'land', 'survey', 'construction', 'survey', 'ashtec', 'gps', 'trimble', 'total', 'station', 'eagle', 'point', 'surveying', 'geodimeter', 'total', 'station', 'environmental', 'sampling', 'construction', 'inspection', 'stream', 'gauging', 'education', 'b', 'aa', 'construction', 'management', 'civil', 'construction', 'engineering', 'technology', 'university', 'northern', 'iowa', 'hawkeye', 'community', 'college', 'diploma', 'bachelor', 'honor', 'experience', 'least', 'year', 'engineering', 'technician', 'senior', 'engineering', 'technician', 'engineering', 'technician', 'mikrotik', 'router', 'configuration', 'olt', 'device', 'setup', 'management', 'integration', 'billing', 'software', 'network', 'monitoring', 'tool', 'integration', 'connectivity', 'troubleshooting', 'technical', 'support', 'escalation', 'installation', 'configuration', 'gpon', 'epon', 'expertise', 'cisco', 'olt', 'mikrotik', 'knowledge', 'mikrotik', 'router', 'configuration', 'olt', 'device', 'setup', 'management', 'integration', 'billing', 'software', 'network', 'monitoring', 'tool', 'integration', 'connectivity', 'troubleshooting', 'technical', 'support', 'escalation', 'installation', 'configuration', 'gpon', 'epon', 'expertise', 'cisco', 'olt', 'mikrotik', 'knowledge', 'august', 'april', 'may', 'current', 'august', 'april']",target position network support engineer objective obtain position field civil engineering technician apply impart knowledge gained experience college well acquire new insight experience application skill arcview autocad drafting gps graphic inspection microsoft access microstation file maintenance repair supervision survey utility ccna cisco certified network associate gpon hardware networking iig isp enabled service olt onu design geopak survey trimble gps topcon total station topo graphic survey land survey construction survey ashtec gps trimble total station eagle point surveying geodimeter total station environmental sampling construction inspection stream gauging education b aa construction management civil construction engineering technology university northern iowa hawkeye community college diploma bachelor honor experience least year engineering technician senior engineering technician engineering technician mikrotik router configuration olt device setup management integration billing software network monitoring tool integration connectivity troubleshooting technical support escalation installation configuration gpon epon expertise cisco olt mikrotik knowledge mikrotik router configuration olt device setup management integration billing software network monitoring tool integration connectivity troubleshooting technical support escalation installation configuration gpon epon expertise cisco olt mikrotik knowledge august april may current august april
cand_00022,22,"Executive/ Senior Executive- Trade Marketing, Hygiene Products","Target position: Executive/ Senior Executive- Trade Marketing, Hygiene Products Objective: Extremely motivated to constantly develop my skills and grow professionally. I am confident in my ability to come up with innovative solutions and maintain better software development practices. Skills: python, machine learning, deep learning, data analysis, computer vision, aws, scikit-learn, numpy, java, c++, sap, brand promotion, campaign management, field supervision, merchandising, promotional activities, trade marketing, react, mqtt, cloud Education: ['B.TECH'] ['N/A'] ['V.V.I.T'] Master of Business Administration (MBA) Experience: At least 3 years ['SOFTWARE ENGINEER - MACHINE LEARNING'] Trade Marketing Executive Brand Visibility, Sales Targets Field Marketing, Campaigns, Product Distribution Brand Head Excel, KPIs Tracking Trade Marketing Executive Brand Visibility, Sales Targets Field Marketing, Campaigns, Product Distribution Brand Head Excel, KPIs Tracking ['May 2018'] ['Ongoing']","[""python"", ""machine learning"", ""deep learning"", ""data analysis"", ""computer vision"", ""aws"", ""scikit-learn"", ""numpy"", ""java"", ""c++"", ""sap"", ""brand promotion"", ""campaign management"", ""field supervision"", ""merchandising"", ""promotional activities"", ""trade marketing"", ""react"", ""mqtt"", ""cloud""]","[""python"", ""machine learning"", ""deep learning"", ""data analysis"", ""computer vision"", ""aws"", ""scikit-learn"", ""numpy"", ""java"", ""c++"", ""sap"", ""brand promotion"", ""campaign management"", ""field supervision"", ""merchandising"", ""promotional activities"", ""trade marketing"", ""react"", ""mqtt"", ""cloud""]",['B.TECH'] ['N/A'] ['V.V.I.T'] Master of Business Administration (MBA),"At least 3 years ['SOFTWARE ENGINEER - MACHINE LEARNING'] Trade Marketing Executive
Brand Visibility, Sales Targets
Field Marketing, Campaigns, Product Distribution
Brand Head
Excel, KPIs Tracking Trade Marketing Executive
Brand Visibility, Sales Targets
Field Marketing, Campaigns, Product Distribution
Brand Head
Excel, KPIs Tracking ['May 2018'] ['Ongoing']",3.0,INFORMATION-TECHNOLOGY,"[0.06891030073165894, 0.0184320118278265, -0.02664218097925186, -0.0658147782087326, 0.07319578528404236, -0.011903738602995872, -0.07652688026428223, 0.0008336328319273889, 0.012506754137575626, -0.06548555195331573, 0.028317078948020935, -0.007924120873212814, -0.007999375462532043, 0.12259535491466522, 0.026204459369182587, -0.003790805581957102, 0.0060228281654417515, 0.03660508990287781, -0.010675035417079926, 0.0016481009079143405, 0.00045004283310845494, 0.021780943498015404, -0.039744433015584946, -0.0044154031202197075, 0.005420344416052103, -0.022631198167800903, 0.03364904969930649, 0.027872679755091667, -0.008542652241885662, -0.005617374088615179, 0.005871351808309555, -0.0254029780626297, -0.00949582364410162, -0.04061437398195267, 2.01012107936549e-06, -0.022560184821486473, -0.007765457034111023, -0.0314524881541729, -0.0006045688060112298, -0.03836432844400406, 0.05391821637749672, 0.009131972678005695, -0.0049773920327425, 0.057462695986032486, -0.027912043035030365, 0.017519144341349602, 0.04961371794342995, -0.009623044170439243, 0.0172012597322464, 0.07742936909198761, 0.0013971234438940883, -0.027490835636854172, -0.006433530244976282, -0.00809042900800705, -0.036708515137434006, -0.07084611803293228, -0.003267250955104828, -0.04677346721291542, -0.01510299276560545, -0.0012269284343346953, 0.010313832201063633, -0.02333749644458294, -0.05719022452831268, -0.041090406477451324, 0.07169413566589355, 0.04181993752717972, 0.04108958691358566, -0.050469670444726944, -0.008962689898908138, -0.043847084045410156, -0.012610085308551788, 0.0010563299292698503, -0.05588289350271225, 0.021074902266263962, 0.016605379059910774, -0.012687130831182003, 0.00970944669097662, -0.029422400519251823, 0.019395986571907997, 0.04333138093352318, -0.024951666593551636, 0.03295708820223808, -0.03283529356122017, -0.06043681502342224, 0.015088900923728943, 0.0661124661564827, -0.010140102356672287, 0.01529745850712061, 0.06493981927633286, -0.04815760999917984, 0.05560073256492615, -0.00520782545208931, 0.005682119634002447, 0.01978670060634613, -0.04972154274582863, -0.0033607908990234137, 0.06349585205316544, -0.010455370880663395, 0.004560073837637901, -0.03425120934844017, 0.02479558065533638, 0.01530290488153696, 0.03220539167523384, -0.003466504393145442, -0.04068693518638611, 0.03895052894949913, 0.0031491394620388746, -0.007676313631236553, -0.08498961478471756, -0.006663569714874029, 1.9647397493827157e-05, -0.0013730630744248629, -0.06280984729528427, -0.039136629551649094, -0.028838960453867912, 0.037097979336977005, -0.054037488996982574, -0.02509661205112934, 0.032693006098270416, -0.014231868088245392, 0.05194015055894852, 0.022746173664927483, 0.008516760542988777, 0.022762278094887733, -0.055918138474226, 0.01485180202871561, -0.001548329833894968, 0.010756359435617924, -0.009779366664588451, 0.011058066040277481, 0.028575699776411057, 0.017674358561635017, -0.023424513638019562, -0.03559955209493637, 0.009677859954535961, 0.05467715486884117, -0.0345592238008976, 0.05729793757200241, -0.06131318584084511, 0.05220620706677437, 0.011038893833756447, 0.007663161959499121, 0.0032381340861320496, 0.04251968115568161, -0.0353107675909996, -0.04800384119153023, -0.008466042578220367, -0.022427160292863846, 0.036099642515182495, 0.006307299714535475, 0.004741868004202843, -0.03649488836526871, 0.029430702328681946, -0.028557337820529938, 0.034484781324863434, 0.016355300322175026, 0.018355024978518486, -0.004322655498981476, -0.00541253387928009, 0.04055314138531685, 0.005329784005880356, -0.051961448043584824, 0.01260132435709238, 0.049982644617557526, -0.06969068199396133, 0.016753975301980972, 0.053077466785907745, 0.05129699409008026, -0.02222382090985775, 0.011171848513185978, 0.016817495226860046, -0.04222322627902031, 0.0046895770356059074, 0.07419181615114212, 0.04292998090386391, -0.015436151996254921, 0.02487737312912941, -0.06457530707120895, 0.04693879187107086, 0.02974182367324829, -0.05139372870326042, -0.1465625911951065, 0.015015019103884697, 0.019620046019554138, 0.01489053200930357, 0.03841015696525574, -0.008420491591095924, 0.05502984672784805, -0.02149060368537903, 0.03423388674855232, 0.04224328696727753, -0.014215673319995403, -0.03433423861861229, -6.561273767147213e-05, 0.0050268578343093395, 0.01707335375249386, -0.08073891699314117, -0.024885231629014015, -0.04149794951081276, -0.06659253686666489, -0.04535311460494995, -0.009044062346220016, -0.04330417141318321, -0.003392771352082491, 0.0262079406529665, -0.02230379357933998, -0.0016146687557920814, -0.07405772805213928, -0.035100389271974564, 0.034092821180820465, 0.03983728215098381, -0.013914212584495544, -0.014384174719452858, 0.0051204427145421505, -0.011491888202726841, -0.03692249208688736, 0.005093543324619532, -0.014193366281688213, 0.02037123590707779, -0.02439466491341591, -0.0015319944359362125, 0.01990072801709175, -0.025379637256264687, 0.0032552352640777826, 0.03724072501063347, -0.012380464002490044, 0.02997114323079586, -0.006996601354330778, 0.02561120316386223, 0.06102108582854271, 0.028515756130218506, 0.020127294585108757, 0.007464360911399126, -0.04151514172554016, 0.011716295965015888, 0.02480461448431015, 0.05943433567881584, 0.03174794465303421, -0.014092876575887203, 0.0183049738407135, -0.06295529752969742, 0.041900504380464554, 0.019988099113106728, 0.030129028484225273, -0.013901392929255962, 0.01601196452975273, -0.03654199093580246, 0.028081858530640602, 0.0038728665094822645, -0.013639751821756363, 0.028184061869978905, 0.04907330125570297, 0.03511330112814903, 0.08063691854476929, -0.05697295069694519, -0.009464353322982788, -0.06950541585683823, 0.021001208573579788, -0.08270446956157684, 0.03005376085639, -0.01967744156718254, -0.013586358167231083, 0.0009117589797824621, -0.011127782054245472, 0.04865647107362747, -0.05604802444577217, 0.03384481742978096, -0.023880722001194954, 0.011584790423512459, 0.03445790335536003, 0.04941495135426521, 0.049480509012937546, 0.02480469085276127, 0.021966148167848587, 0.0033256495371460915, -0.05234648659825325, 0.03370383754372597, 0.03962497040629387, -0.04988696053624153, 0.04463859647512436, 0.020552104339003563, -0.08002181351184845, 0.008967825211584568, 0.04304707422852516, -0.012568650767207146, -0.0003935425484087318, 0.0031031265389174223, 0.019075162708759308, -0.021467149257659912, 0.023888399824500084, 0.0010162817779928446, 0.0036155066918581724, -3.036567250092048e-06, -0.060379669070243835, -0.06817912310361862, 0.032938797026872635, -0.024691147729754448, 0.015628987923264503, 0.008158784359693527, 0.005258885212242603, -0.002875139005482197, 0.03385365009307861, 0.055926840752363205, -0.027993617579340935, 0.013716960325837135, 0.047142378985881805, -0.005295304115861654, 0.028460046276450157, -0.005852925591170788, -0.043994367122650146, -0.019820358604192734, -0.0007367038051597774, 0.048453737050294876, 0.008766754530370235, 0.01934906840324402, -0.0380525104701519, -0.0460282601416111, -0.0018796739168465137, -0.022875554859638214, 0.06657715886831284, -0.03643866255879402, -0.02870277687907219, -0.04308474436402321, -0.0479353666305542, 0.03027998097240925, -0.04531700164079666, -0.11304732412099838, -0.02061149850487709, 0.0064799245446920395, -0.07626643031835556, 0.0017275132704526186, -0.03932473063468933, -0.00037637000787071884, -0.03789811208844185, -0.0039094011299312115, -0.06935998052358627, 0.002823133720085025, -0.04825292527675629, 0.004673764109611511, -0.025311896577477455, -0.020305557176470757, 0.017584552988409996, -0.04343385621905327, 0.014654719270765781, 0.039042454212903976, -0.013888128101825714, 0.06057584285736084, 0.04003521054983139, -0.07682650536298752, 0.04800182580947876, 0.017083708196878433, 0.05992474779486656, 0.02626040205359459, -0.015122671611607075, -0.006796717643737793, -0.025762217119336128, 0.06422314047813416, 0.018484970554709435, -0.027094334363937378, 0.011013839393854141, -0.027860846370458603, 0.002536512678489089, -0.015260719694197178, 0.0153402891010046, -0.028711510822176933, 0.022743774577975273, -0.010456654243171215, -0.06565497815608978, 0.01889735460281372, -0.007521345745772123, 0.01247152965515852, 0.0004472086438909173, -0.004265235271304846, 0.011669875122606754, -0.008998329751193523, 0.011808295734226704, 0.005601838696748018, 0.0041402727365493774, -0.060889989137649536, 0.033794403076171875, 0.0840986967086792, 0.0031585469841957092, 0.05487290769815445, -0.018241476267576218, 0.003103851806372404, -0.033750373870134354, 0.04630670323967934, -0.03547496721148491, -0.023432031273841858, 0.019094685092568398, 0.030458461493253708, -0.004264278337359428, -0.04701010882854462, -0.009831288829445839, -0.01712149754166603, 0.01933414489030838, 0.012128726579248905, -0.028085630387067795, 0.029761353507637978, 0.01544126309454441, -0.007677281275391579, -0.0051022120751440525, -0.04993820935487747, 0.04793906956911087, -0.010122141800820827, -0.0522182397544384, 0.06991604715585709, 0.019241485744714737, -0.013370916247367859, 0.06399348378181458, 0.006648425944149494, -0.009873926639556885, -0.014114150777459145, 0.07942698895931244, 0.0001573310000821948, -0.06766537576913834, 0.009257808327674866, 0.08849239349365234, 0.011119822971522808, -0.11176282912492752, 0.05906816944479942, 0.04665515199303627, 0.027711879462003708, 0.031324613839387894, 0.032650433480739594, -0.020889470353722572, 0.025071676820516586, -0.028102312237024307, 0.052240509539842606, -0.06692176312208176, -0.09310721606016159, 0.07880762219429016, 0.012931139208376408, 0.009559406898915768, -0.0006204047240316868, -0.03498171269893646, 0.05117041990160942, -0.024916797876358032, 0.02873373217880726, -0.016989491879940033, 0.011249162256717682, 0.06524913012981415, 0.008939376100897789, 0.07147528976202011, 0.014955666847527027, -0.044489506632089615, -0.005739449989050627, 0.0868658572435379, -0.04013955220580101, 0.015340571291744709, 0.12253113836050034, -0.07089294493198395, 0.009478802792727947, -0.011149505153298378, -0.025925341993570328, -0.06385859102010727, -0.0555187463760376, 0.04137657582759857, -0.0029539663810282946, -0.02038884162902832, 0.005547358654439449, 0.03137451782822609, -0.012638017535209656, 0.007816093973815441, -0.016814155504107475, -0.016415536403656006, 0.01883968710899353, -0.0025465996004641056, 0.017733551561832428, -0.05571555718779564, 0.028941338881850243, -0.02900773659348488, -0.018485115841031075, 0.002423095516860485, 0.030547896400094032, 0.0009646866237744689, 0.0007177712977863848, 0.10195740312337875, -0.034068815410137177, 0.02564501389861107, 0.017624694854021072, 0.00792690645903349, 0.035370584577322006, -0.07119837403297424, -0.0326022244989872, 0.028414074331521988, 0.035354211926460266, 0.014390712603926659, -0.05050842836499214, -0.035940829664468765, 0.09043604135513306, 0.002127258572727442, 0.038697753101587296, -0.0496126189827919, 0.004143909085541964, -0.02189713530242443, -0.02290431037545204, 0.049327436834573746, -0.04226044565439224, 0.07328594475984573, -0.019343607127666473, -0.03437504172325134, -0.011471770703792572, -0.04577160254120827, -0.02113696001470089, -0.042126480489969254, -0.0677528977394104, 0.02171209827065468, -0.033802323043346405, 0.007196438033133745, -0.04360901191830635, 0.00912234652787447, -0.030932238325476646, -0.009136811830103397, 0.012069923803210258, 0.01901283487677574, 0.004816135857254267, -0.08085943758487701, 0.056510407477617264, -0.004805583972483873, 0.023886695504188538, -0.04211943596601486, -0.0431751124560833, 0.019521597772836685, 0.0013471904676407576, -0.01318682823330164, 0.01410576980561018, 0.02350166067481041, 0.030063768848776817, 0.006955916061997414, 0.006634483579546213, -0.02736264280974865, -0.05176476761698723, 0.0030637478921562433, 0.0028561451472342014, 0.03883201256394386, 0.061674728989601135, 0.0542445108294487, 0.020254837349057198, 0.023343142122030258, -0.0009019876015372574, -0.005332984030246735, 0.036582838743925095, 0.003417745465412736, -0.02648698352277279, 0.009988722391426563, -0.05637751519680023, 0.041903410106897354, 0.023639922961592674, -0.0004709905479103327, -0.029105743393301964, -0.05212772637605667, 0.03048740327358246, 0.05556917563080788, -0.02281883917748928, -5.2185862319824214e-33, 0.034972961992025375, 0.006553214509040117, 0.03458211570978165, 0.017013678327202797, -0.021312711760401726, -0.010371279902756214, 0.024854861199855804, -0.030016900971531868, -0.036981940269470215, -0.011627288535237312, -0.021070152521133423, -0.01803944632411003, 0.0014383216621354222, 0.02195163071155548, 0.010956383310258389, 0.08374249935150146, -0.0003431086952332407, -0.014818382449448109, 0.00949052069336176, -0.030313951894640923, -0.0433519147336483, 0.033302582800388336, 0.0014031502651050687, 0.003439839230850339, -0.01258581131696701, -0.04381343722343445, -0.012699110433459282, 0.05027822405099869, 0.05472481623291969, 0.017019594088196754, 0.03492863476276398, -0.046357207000255585, 0.005726569797843695, -0.03124946728348732, 0.01748710870742798, -0.02766173519194126, -0.014254500158131123, 0.026285944506525993, 0.010578740388154984, 0.014152778312563896, -0.015231724828481674, 0.02253582328557968, -0.02902192808687687, -0.0049715302884578705, 0.02323846146464348, -0.012662753462791443, -0.002462513977661729, -0.026528935879468918, 0.03429393097758293, 0.009776603430509567, -0.02571028470993042, -0.014146768487989902, -0.042345352470874786, 0.05969579517841339, -0.026397641748189926, 0.03827723488211632, 0.0001559205848025158, -0.015896718949079514, -0.02435920573771, -0.016655215993523598, -0.0563352033495903, 0.050763316452503204, 0.02546335756778717, -0.022232845425605774, -0.04355817288160324, 0.014254785142838955, 0.05301263928413391, 0.0051295398734509945, 0.054261550307273865, 0.005895094480365515, -0.0312773659825325, 0.010465506464242935, -0.03175795450806618, -0.029440896585583687, -0.006197198759764433, -0.024147504940629005, -0.026762669906020164, -0.01033828780055046, 0.02260213904082775, -0.012743878178298473, -0.05492314323782921, 0.037461720407009125, 0.017262760549783707, -0.00424375431612134, 0.03853349760174751, -0.016172489151358604, -0.026293890550732613, -0.019631817936897278, 0.04349242150783539, 0.01347854733467102, -0.024791203439235687, 0.03232549503445625, -0.04082934930920601, 0.02318054996430874, 0.06691311299800873, -0.04259973019361496, -0.0009435748215764761, -0.009678483940660954, 0.0057822708040475845, -0.023563269525766373, 0.020575929433107376, 0.006565863266587257, -0.0008566724718548357, -6.271362508414313e-05, 0.034547109156847, 0.03168375790119171, -0.019887126982212067, -0.029931258410215378, -0.03321808576583862, -0.009464891627430916, 0.02274775318801403, -0.003481225110590458, -0.029195096343755722, -0.04259426146745682, -0.03898374363780022, -0.04101864621043205, 0.035360533744096756, -0.015829138457775116, 0.025936516001820564, -0.01376404706388712, 0.018945913761854172, -0.016619723290205002, 0.08193082362413406, -0.0395500622689724, -0.0100699532777071, 0.025476140901446342, -0.0031341416761279106, -0.03556288033723831, -0.0258259829133749, -0.07448390126228333, 0.012785105966031551, 0.005355179309844971, 2.654203399288235e-07, 0.012633049860596657, 0.03570765256881714, -0.02678818814456463, 0.016024066135287285, -0.00320241367444396, -0.03465433791279793, -0.04546937346458435, -0.030574191361665726, 0.0034729831386357546, -0.014623763039708138, -0.011688942089676857, -0.043261393904685974, -0.05442124605178833, -0.01916814036667347, -0.036063939332962036, -0.07694945484399796, -0.01237016636878252, -0.046560995280742645, -0.03869326040148735, 0.03816322609782219, 0.03325985372066498, 0.05035804584622383, 0.058936260640621185, -0.022007787600159645, 0.02365471050143242, -0.02313627488911152, -0.022494709119200706, -0.012108126655220985, 0.02944372221827507, 0.05797004699707031, -0.0005486423033289611, -0.05137546360492706, 0.023234523832798004, 0.0195414200425148, -0.009024569764733315, 0.016033681109547615, 0.06369119137525558, 0.08374308049678802, -0.004212481435388327, 0.0403994545340538, 0.025707805529236794, 0.029068654403090477, 0.019499018788337708, -0.005890653934329748, 0.03764355555176735, -0.020291361957788467, -0.024545546621084213, -0.014702042564749718, -0.0917229950428009, 0.03611989691853523, -0.015612082555890083, 0.04628397524356842, -0.00721014617010951, -0.030274024233222008, 0.016896402463316917, -0.015633009374141693, -0.07184270769357681, 0.035610005259513855, 0.04468625783920288, -0.0028228722512722015, -0.004674350377172232, -0.03091837838292122, 0.0128013389185071, 0.016308045014739037, 0.06939814239740372, -0.0008899033418856561, 0.02040695957839489, 3.082006827490618e-34, 0.0199915561825037, -0.011043264530599117, 0.03478343039751053, -0.039255205541849136, 0.04228249192237854, -0.06095870956778526, 0.0044175125658512115, -0.012091527692973614, -0.021503891795873642, -0.04472433030605316, -0.04115291312336922]","{'Experience': "": At least 3 years ['SOFTWARE ENGINEER - MACHINE LEARNING'] Trade Marketing Executive Brand Visibility, Sales Targets Field Marketing, Campaigns, Product Distribution Brand Head Excel, KPIs Tracking Trade Marketing Executive Brand Visibility, Sales Targets Field Marketing, Campaigns, Product Distribution Brand Head Excel, KPIs Tracking ['May 2018'] ['Ongoing']"", 'Education': "": ['B.TECH'] ['N/A'] ['V.V.I.T'] Master of Business Administration (MBA)"", 'Skills': 'and grow professionally. I am confident in my ability to come up with innovative solutions and maintain better software development practices. Skills: python, machine learning, deep learning, data analysis, computer vision, aws, scikit-learn, numpy, java, c++, sap, brand promotion, campaign management, field supervision, merchandising, promotional activities, trade marketing, react, mqtt, cloud'}",target position executive senior executive trade marketing hygiene products objective extremely motivated to constantly develop my skills and grow professionally. i am confident in my ability to come up with innovative solutions and maintain better software development practices. skills python machine learning deep learning data analysis computer vision aws scikit learn numpy java c++ sap brand promotion campaign management field supervision merchandising promotional activities trade marketing react mqtt cloud education b.tech n a v.v.i.t master of business administration mba experience at least 3 years software engineer machine learning trade marketing executive brand visibility sales targets field marketing campaigns product distribution brand head excel kpis tracking trade marketing executive brand visibility sales targets field marketing campaigns product distribution brand head excel kpis tracking may 2018 ongoing,"['target', 'position', 'executive', 'senior', 'executive', 'trade', 'marketing', 'hygiene', 'product', 'objective', 'extremely', 'motivated', 'constantly', 'develop', 'skill', 'grow', 'professionally', 'confident', 'ability', 'come', 'innovative', 'solution', 'maintain', 'better', 'software', 'development', 'practice', 'skill', 'python', 'machine', 'learning', 'deep', 'learning', 'data', 'analysis', 'computer', 'vision', 'aws', 'scikit', 'learn', 'numpy', 'java', 'c++', 'sap', 'brand', 'promotion', 'campaign', 'management', 'field', 'supervision', 'merchandising', 'promotional', 'activity', 'trade', 'marketing', 'react', 'mqtt', 'cloud', 'education', 'b', 'tech', 'n', 'v', 'v', 'master', 'business', 'administration', 'mba', 'experience', 'least', 'year', 'software', 'engineer', 'machine', 'learning', 'trade', 'marketing', 'executive', 'brand', 'visibility', 'sale', 'target', 'field', 'marketing', 'campaign', 'product', 'distribution', 'brand', 'head', 'excel', 'kpis', 'tracking', 'trade', 'marketing', 'executive', 'brand', 'visibility', 'sale', 'target', 'field', 'marketing', 'campaign', 'product', 'distribution', 'brand', 'head', 'excel', 'kpis', 'tracking', 'may', 'ongoing']",target position executive senior executive trade marketing hygiene product objective extremely motivated constantly develop skill grow professionally confident ability come innovative solution maintain better software development practice skill python machine learning deep learning data analysis computer vision aws scikit learn numpy java c++ sap brand promotion campaign management field supervision merchandising promotional activity trade marketing react mqtt cloud education b tech n v v master business administration mba experience least year software engineer machine learning trade marketing executive brand visibility sale target field marketing campaign product distribution brand head excel kpis tracking trade marketing executive brand visibility sale target field marketing campaign product distribution brand head excel kpis tracking may ongoing
cand_00023,23,Intern (Generative AI Engineering - 2D/3D Image Generation),"Target position: Intern (Generative AI Engineering - 2D/3D Image Generation) Objective: To obtain a position where Teamwork, Integrity and Professionalism are a high standard in the Company's Mission Statement. All while engaging in new challenges and learning experiences. Skills: material management, law enforcement, mechanical test equipment, pc s, ms office, 10key by touch, forklift and crane certification, self-motivation, ndt level ii, mechanical theory, pneumatic and hydraulic theory, automation, closing, coaching, oral, hardware, customer support, designing, direction, hand tools, inventory, iso 9001, machinery, materials, mechanical, personnel, processes, procurement, programming, progress, quality, quality control, receiving, repairs, repairing, robotic systems, safety, scheduling, shipping, simulation, supervisor, test equipment, troubleshooting, written, articles, implementation, commission, maintenance, electrical systems, technical problem solving, supervision, inventory management, repair services, equipment installation, fire alarm systems, preventive maintenance, facility operation, machinery maintenance, testing equipment, wind tunnels, mechanical modification, installation, system inspection, report generation, logistics coordination, equipment maintenance, compliance, materials expediting, configuration verification, auditing, promis software, logistics, production planning, materials management, schedule management, order management Education: ['General Courses', 'Technical Diploma'] [None, None] ['Monterey Peninsula College', 'San Francisco Police Academy'] Bachelor of Science (BSc) Experience: ['Equipment Engineering Technician', 'Mechanical Technician', 'Operating Engineer / Test Technician', 'Logistics Coordinator / Sr. Lab Technician', 'Production Control Analyst', 'Material/Production Planner'] Generative AI Development Evolutionary Computation Deep Learning Optimization Expert Systems Design Knowledge Representation Data Preprocessing Model Training Research & Integration Generative AI Development Evolutionary Computation Deep Learning Optimization Expert Systems Design Knowledge Representation Data Preprocessing Model Training Research & Integration ['05/2014', '04/2013', '11/2007', '10/2006', '11/2004', '07/2001'] [None, '05/2014', '06/2012', '11/2007', '05/2006', '02/2004']","[""material management"", ""law enforcement"", ""mechanical test equipment"", ""pc s"", ""ms office"", ""10key by touch"", ""forklift and crane certification"", ""self-motivation"", ""ndt level ii"", ""mechanical theory"", ""pneumatic and hydraulic theory"", ""automation"", ""closing"", ""coaching"", ""oral"", ""hardware"", ""customer support"", ""designing"", ""direction"", ""hand tools"", ""inventory"", ""iso 9001"", ""machinery"", ""materials"", ""mechanical"", ""personnel"", ""processes"", ""procurement"", ""programming"", ""progress"", ""quality"", ""quality control"", ""receiving"", ""repairs"", ""repairing"", ""robotic systems"", ""safety"", ""scheduling"", ""shipping"", ""simulation"", ""supervisor"", ""test equipment"", ""troubleshooting"", ""written"", ""articles"", ""implementation"", ""commission"", ""maintenance"", ""electrical systems"", ""technical problem solving"", ""supervision"", ""inventory management"", ""repair services"", ""equipment installation"", ""fire alarm systems"", ""preventive maintenance"", ""facility operation"", ""machinery maintenance"", ""testing equipment"", ""wind tunnels"", ""mechanical modification"", ""installation"", ""system inspection"", ""report generation"", ""logistics coordination"", ""equipment maintenance"", ""compliance"", ""materials expediting"", ""configuration verification"", ""auditing"", ""promis software"", ""logistics"", ""production planning"", ""materials management"", ""schedule management"", ""order management""]","[""material management"", ""law enforcement"", ""mechanical test equipment"", ""pc s"", ""ms office"", ""10key by touch"", ""forklift and crane certification"", ""self-motivation"", ""ndt level ii"", ""mechanical theory"", ""pneumatic and hydraulic theory"", ""automation"", ""closing"", ""coaching"", ""oral"", ""hardware"", ""customer support"", ""designing"", ""direction"", ""hand tools"", ""inventory"", ""iso 9001"", ""machinery"", ""materials"", ""mechanical"", ""personnel"", ""processes"", ""procurement"", ""programming"", ""progress"", ""quality"", ""quality control"", ""receiving"", ""repairs"", ""repairing"", ""robotic systems"", ""safety"", ""scheduling"", ""shipping"", ""simulation"", ""supervisor"", ""test equipment"", ""troubleshooting"", ""written"", ""articles"", ""implementation"", ""commission"", ""maintenance"", ""electrical systems"", ""technical problem solving"", ""supervision"", ""inventory management"", ""repair services"", ""equipment installation"", ""fire alarm systems"", ""preventive maintenance"", ""facility operation"", ""machinery maintenance"", ""testing equipment"", ""wind tunnels"", ""mechanical modification"", ""installation"", ""system inspection"", ""report generation"", ""logistics coordination"", ""equipment maintenance"", ""compliance"", ""materials expediting"", ""configuration verification"", ""auditing"", ""promis software"", ""logistics"", ""production planning"", ""materials management"", ""schedule management"", ""order management""]","['General Courses', 'Technical Diploma'] [None, None] ['Monterey Peninsula College', 'San Francisco Police Academy'] Bachelor of Science (BSc)"," ['Equipment Engineering Technician', 'Mechanical Technician', 'Operating Engineer / Test Technician', 'Logistics Coordinator / Sr. Lab Technician', 'Production Control Analyst', 'Material/Production Planner'] Generative AI Development
Evolutionary Computation
Deep Learning Optimization
Expert Systems Design
Knowledge Representation
Data Preprocessing
Model Training
Research & Integration Generative AI Development
Evolutionary Computation
Deep Learning Optimization
Expert Systems Design
Knowledge Representation
Data Preprocessing
Model Training
Research & Integration ['05/2014', '04/2013', '11/2007', '10/2006', '11/2004', '07/2001'] [None, '05/2014', '06/2012', '11/2007', '05/2006', '02/2004']",11.0,INFORMATION-TECHNOLOGY,"[0.028883827850222588, 0.07952789217233658, -0.03459146246314049, -0.01321613509207964, 0.02837870456278324, -0.004757095593959093, 0.001898265560157597, 0.013656483963131905, -0.032205354422330856, -0.004613400436937809, 0.030719442293047905, -0.009397247806191444, -0.017287619411945343, 0.07352906465530396, 0.00864916667342186, -0.0006383741274476051, -0.003661557799205184, 0.02783663012087345, -0.03757219389081001, -0.021104443818330765, -0.04004642367362976, 0.014803548343479633, -0.010179387405514717, 0.018179310485720634, -0.06464769691228867, -0.017621392384171486, 0.010419457219541073, 0.027484100311994553, 0.0184920746833086, -0.006298842374235392, 0.003718552179634571, -0.0009796714875847101, 0.020015640184283257, -0.032424479722976685, 2.368373316130601e-06, 0.0021287165582180023, 0.00908807571977377, -0.03407713398337364, 0.02807047590613365, -0.03942212462425232, 0.015315270982682705, -0.03833528235554695, -0.0467957928776741, 0.010739090852439404, -0.03585467115044594, 0.02210206352174282, 0.05943676456809044, 0.018910931423306465, 0.023093942552804947, 0.02708340808749199, -0.01465496513992548, -0.04504327103495598, -0.020144842565059662, -0.024110661819577217, -0.020689815282821655, -0.03385205566883087, -0.018524331972002983, 0.0070991781540215015, 0.012182332575321198, -0.03360984846949577, 0.0008310161647386849, 0.016146933659911156, 0.026414072141051292, -0.03801177442073822, 0.10301242768764496, 0.06613030284643173, 0.05495345592498779, -0.045017752796411514, 0.027959726750850677, -0.020988715812563896, -0.014783124439418316, 0.006243299227207899, -0.048385586589574814, 0.026828046888113022, 0.010358805768191814, -0.01667599193751812, -0.0009791613556444645, 2.317362714165938e-06, -0.007258033379912376, 0.013689284212887287, -0.03556324541568756, 0.02917761541903019, -0.07823047786951065, -0.04563618078827858, 0.03369443118572235, -0.008613107725977898, -0.009923683479428291, -0.0032710593659430742, 0.015029435977339745, 0.007043775171041489, 0.034503623843193054, -0.0202045738697052, -0.007884468883275986, 0.03228805959224701, -0.026469431817531586, 0.008439994417130947, 0.020036980509757996, -0.04466108977794647, 0.00030792580218985677, -0.027158422395586967, -0.020154234021902084, 0.02758185751736164, 0.07283582538366318, 0.029667779803276062, -0.06525091826915741, 0.04359493404626846, -0.018680883571505547, 0.051284901797771454, -0.07612336426973343, 0.011511702090501785, -0.02835533581674099, -0.023392757400870323, -0.07856347411870956, -0.01955639198422432, -0.013843752443790436, 0.011509202420711517, -0.026808030903339386, 0.016751891002058983, -0.0015127274673432112, -0.012400808744132519, 0.06222877278923988, 0.07876735180616379, -0.037075407803058624, 0.034342702478170395, -0.06160849705338478, -0.026393108069896698, -0.010260272771120071, 0.024526096880435944, -0.0026204469613730907, 0.004750929307192564, 0.011370934545993805, 0.0378393791615963, -0.006614435464143753, 0.03039705939590931, -0.004627006594091654, 0.04035511240363121, -0.03836703673005104, 0.046513378620147705, -0.0668574720621109, 0.01179439015686512, 0.024313518777489662, -0.030199939385056496, -0.012014982290565968, -0.00022631855972576886, 0.0017772895516827703, -0.07492832094430923, -0.01806461624801159, 0.011196642182767391, 0.019181523472070694, -0.01968700811266899, 0.04482419043779373, 0.004103303886950016, -0.022887909784913063, -0.017478426918387413, 0.03681322559714317, 0.025561043992638588, 0.037651244550943375, 0.001784360851161182, 0.009063225239515305, 0.10321344435214996, 0.001792598981410265, -0.02890353463590145, 0.017863424494862556, 0.01946962997317314, -0.08096138387918472, -0.012200766243040562, 0.04007292166352272, -0.004650768358260393, -0.029603401198983192, 0.05549798160791397, 0.015804922208189964, 0.0101240836083889, -0.003963613882660866, 0.06994476169347763, -0.003428202122449875, 0.00960193295031786, 0.0023925884161144495, -0.037192899733781815, 0.041452713310718536, 0.021813012659549713, -0.04101657494902611, -0.11350975930690765, 0.05171317607164383, 0.05103062465786934, 0.04009796679019928, 0.010723463259637356, -0.05527197942137718, 0.08406713604927063, -0.05312209576368332, -0.033822931349277496, 0.0282353013753891, -0.005725054070353508, -0.07356085628271103, 0.010960315354168415, 0.04645440727472305, 0.017676999792456627, -0.07374357432126999, -0.07295150309801102, -0.03444177284836769, -0.04094235971570015, -0.038821712136268616, -0.01664852350950241, -0.0033487502951174974, 0.07742070406675339, 0.033091865479946136, 0.018410006538033485, -0.040233295410871506, -0.051074642688035965, -0.04083476588129997, 0.06398992240428925, 0.04566953703761101, -0.014530888758599758, -0.016220560297369957, -0.012436890043318272, -0.025120707228779793, -0.012212431989610195, 0.0019117997726425529, 0.02302088774740696, -0.006417432334274054, -0.015270465984940529, -0.012430285103619099, 0.03979354351758957, -0.05699445679783821, 0.015548860654234886, -0.024174179881811142, -0.05489714443683624, 0.017541689798235893, 0.00926982332020998, 0.029201872646808624, 0.0382784865796566, -0.009797787293791771, -0.021825160831212997, 0.03254879638552666, -0.04525512084364891, -0.026079915463924408, 0.062459785491228104, 0.017276640981435776, 0.05330115184187889, -0.017223790287971497, -0.05630873143672943, -0.03935902565717697, -0.033566057682037354, -0.009388195350766182, 0.013512305915355682, -0.01945863664150238, -0.0142015116289258, -0.02654040977358818, 0.014485087245702744, 0.01052824966609478, -0.0021975631825625896, 0.034390777349472046, -0.024122903123497963, 0.02020346373319626, 0.04378289729356766, -0.046814385801553726, 0.010805894620716572, -0.013532914221286774, 0.07179456204175949, -0.07373373955488205, -0.008807206526398659, 0.012126296758651733, -0.03190961852669716, 0.028400694951415062, -0.017538100481033325, 0.0711631253361702, -0.024013983085751534, 0.00825513992458582, -0.0631052702665329, -0.036489054560661316, 0.018814364448189735, -0.01647792011499405, 0.043096087872982025, -0.019324399530887604, -0.014468684792518616, 0.0060697090812027454, -0.0381096675992012, 0.055683739483356476, 0.016167907044291496, -0.06319314986467361, 0.016612663865089417, 0.01608319953083992, -0.04068967327475548, 0.0026578111574053764, 0.016992779448628426, -0.034444499760866165, -0.00354756903834641, 0.09566227346658707, -0.037081029266119, -0.05672616884112358, 0.025182776153087616, -0.004352529998868704, 0.021696912124753, 0.0357934907078743, -0.07723245024681091, -0.02629156783223152, 0.009181618690490723, 0.012498698197305202, 0.04731335490942001, 0.017015350982546806, 0.05448593944311142, 0.003926592413336039, 0.0388275608420372, 0.012487182393670082, 0.014202840626239777, 0.02269379235804081, 0.034781843423843384, 0.048540644347667694, 0.00523979589343071, -0.022234000265598297, -0.062214355915784836, 0.02374027855694294, 0.006504593882709742, -0.00039216413279064, 0.04564172402024269, 0.0052443696185946465, -0.035876933485269547, -0.0014359671622514725, -0.017900817096233368, -0.010714821517467499, 0.02434002421796322, -0.0031018657609820366, -0.00898300763219595, -0.033243998885154724, -0.032401490956544876, 0.026802849024534225, -0.0317288339138031, -0.06627094745635986, 0.005095896311104298, 0.016178715974092484, -0.026352353394031525, 0.015517118386924267, 0.045627959072589874, -0.003358707297593355, -0.0380743183195591, 0.10066894441843033, -0.04769033566117287, -0.010154660791158676, -0.09185110032558441, -0.00991550087928772, -0.005977364256978035, -0.020421437919139862, -0.03146917745471001, -0.07772844284772873, 0.048907484859228134, 0.059133417904376984, 0.015877554193139076, 0.02681705541908741, 0.004182726610451937, -0.029726142063736916, 0.008490514941513538, 0.003298636758700013, 0.04285483434796333, -0.017057228833436966, -0.016176259145140648, -0.021900800988078117, 0.01758608967065811, 0.08504761010408401, 0.044702667742967606, -0.031375959515571594, 0.012853024527430534, -0.014777823351323605, 0.014236114919185638, 0.030148690566420555, -0.0002673791896086186, -0.07847040146589279, 0.026371698826551437, 0.02010398916900158, 0.006854811683297157, 0.022134624421596527, -0.03458922728896141, 0.01565546542406082, 0.021501118317246437, -0.008524978533387184, -0.010008851066231728, -0.018502062186598778, -0.0170504841953516, 0.0037750385235995054, 0.051421038806438446, -0.06377457827329636, 0.005477924831211567, 0.07266054302453995, -0.016502268612384796, 0.07183437794446945, -0.02645867131650448, 0.020340748131275177, -0.04733667150139809, -0.014438727870583534, -0.00429136399179697, -0.06329580396413803, 0.09058761596679688, -0.018103715032339096, -0.023744331672787666, -0.10442525148391724, -0.0372871458530426, -0.019034020602703094, -0.01703536882996559, -0.01715237647294998, -0.01701982319355011, 0.023655463010072708, 0.010859182104468346, 0.028401123359799385, 0.06977275758981705, -0.06709813326597214, 0.01567915827035904, -0.018657224252820015, -0.036072827875614166, 0.07530757039785385, 0.010562701150774956, -0.0044303713366389275, -0.0028395599219948053, -0.0003005501057486981, 0.06670298427343369, 0.012285067699849606, 0.03971673920750618, -0.009145444259047508, -0.0597076490521431, -0.015150333754718304, 0.03253394737839699, 0.023371316492557526, -0.0370919294655323, 0.04630125313997269, 0.031134912744164467, 0.03855639696121216, -0.0017029299633577466, 0.0383070707321167, -0.05246363580226898, 0.008861567825078964, 0.03002879023551941, 0.007108747959136963, -0.029321687296032906, -0.05355260521173477, 0.03134631738066673, -0.01753860153257847, 0.07903400808572769, -0.07454731315374374, -0.009637728333473206, 0.010749375447630882, -0.041319943964481354, -0.02057901956140995, -0.034004244953393936, -0.017332347109913826, -0.004640807397663593, 0.07496236264705658, 0.024629021063447, -0.0676111951470375, -0.06335664540529251, 0.01382130105048418, -7.419117173412815e-05, -0.04321615397930145, 0.02644774131476879, 0.05580335855484009, -0.03472752869129181, -0.04593261331319809, -0.03131619840860367, -0.020322930067777634, -0.02594868838787079, -0.03842887282371521, 0.031042519956827164, 0.02337776869535446, 0.013452949933707714, 0.0606921911239624, 0.03230220824480057, -0.04813516512513161, -0.011218003928661346, -0.005547742825001478, 0.0417698509991169, 0.06518959254026413, -0.011581582017242908, 0.0013071945868432522, -0.06811954081058502, 0.00719218235462904, -0.009355500340461731, -0.03453575447201729, -0.007067355327308178, 0.050729554146528244, 0.0008361992076970637, -0.010403423570096493, 0.05605486035346985, -0.03874550014734268, 0.014241025783121586, 0.04855976998806, -0.06692052632570267, 0.003193462500348687, -0.027271969243884087, -0.0384846106171608, 0.02592187374830246, 0.019240424036979675, 0.0024127988144755363, -0.04558129236102104, -0.030200794339179993, 0.07529646903276443, -0.03599868342280388, 0.023359112441539764, -0.013027611188590527, 0.04294482246041298, -0.001594212488271296, -6.830578058725223e-05, 0.04456719011068344, -0.059042468667030334, 0.042004384100437164, -0.06305379420518875, -0.008571531623601913, 0.01950967311859131, -0.035629887133836746, -0.022066408768296242, 0.016078859567642212, -0.018050098791718483, 0.019282083958387375, -0.02991633117198944, 0.029939226806163788, -0.0309052262455225, 0.05088447779417038, -0.0033700887579470873, -0.05705984681844711, -0.04427742585539818, 0.08849108219146729, 0.026528118178248405, -0.031031152233481407, 0.011029248125851154, -0.03639271482825279, 0.034156233072280884, -0.012663770467042923, -0.018209686502814293, 0.02904687263071537, -0.020197730511426926, -0.021870268508791924, 0.031176183372735977, 0.04215472936630249, -0.03173806518316269, 0.036992985755205154, -0.013575932011008263, -0.00839278008788824, -0.08283379673957825, 0.04707639291882515, -0.027355581521987915, 0.05987854301929474, 0.059879276901483536, -0.00803675502538681, 0.01788155920803547, 0.019807571545243263, -0.05142805725336075, -0.019398409873247147, -0.03722160682082176, 0.048401229083538055, -0.003368000267073512, 0.010121294297277927, -0.045214466750621796, 0.058706216514110565, 0.009436806663870811, -0.006788368336856365, -0.003706839866936207, -0.062097564339637756, 0.013173217885196209, 0.03900419920682907, -0.013585166074335575, -6.08382023650669e-33, 0.015241751447319984, -0.05192604660987854, 0.0498216487467289, -0.02769598364830017, -0.037643205374479294, -0.018122069537639618, 0.01832476258277893, -0.040785644203424454, -0.03006245382130146, -0.04049365967512131, -0.010001438669860363, -0.0011125472374260426, 0.013850833289325237, 0.02145506627857685, 0.01450585387647152, 0.08145041018724442, 0.0367250069975853, -0.01142029371112585, -0.006344481837004423, -0.017199276015162468, -0.030117342248558998, 0.015908638015389442, 0.022944627329707146, -0.015702903270721436, -0.03828483819961548, 0.011595395393669605, -0.03281626105308533, 0.025915732607245445, 0.032612644135951996, -0.018634796142578125, 0.02490473911166191, -0.0235386174172163, 0.0017515356885269284, -0.057112082839012146, 0.013870371505618095, -0.010625717230141163, -0.02673121728003025, -0.013217882253229618, -0.021075112745165825, 0.026884539052844048, -0.008469193242490292, -0.04374292492866516, 0.011221569031476974, -0.010538386180996895, 0.004510057624429464, -0.05260796472430229, 0.0275877695530653, 0.007694107014685869, 0.050232965499162674, 0.0049127861857414246, -0.08368053287267685, 0.0017778652254492044, -0.029780490323901176, 0.020255334675312042, -0.004937310703098774, 0.005708892829716206, 0.01592974364757538, -0.021976107731461525, -0.03644142672419548, 0.0024593740236014128, -0.028834890574216843, 0.0132346972823143, 0.03829824924468994, -0.051414452493190765, -0.0076950169168412685, 0.025174980983138084, 0.0721442848443985, 0.03407343477010727, -0.01657557114958763, -0.05849866569042206, -0.03218824788928032, 0.06309011578559875, -0.011507541872560978, -0.015415230765938759, 0.04745275527238846, -0.05149681493639946, -0.033048730343580246, 0.0417243167757988, 0.018009942024946213, 0.038366276770830154, -0.03178561106324196, 0.025871187448501587, -0.006896341219544411, 0.01054005790501833, 0.0621223971247673, -0.06591794639825821, -0.00928322784602642, -0.02294445037841797, 0.03878026083111763, 0.0252618920058012, -0.03130262717604637, -0.011311165057122707, -0.01776628941297531, -0.010974613949656487, 0.111580491065979, 0.008758049458265305, 0.011638384312391281, -0.00834804680198431, 0.0011936277151107788, -0.0033757509663701057, -0.02255600318312645, 0.02213367633521557, 0.012320907786488533, 0.042715054005384445, 0.05039938539266586, 0.019799401983618736, -0.010376924648880959, 0.00869100820273161, 0.006683314684778452, -0.007417834829539061, -0.014775633811950684, -0.01954692043364048, -0.005273539572954178, -0.061539698392152786, -0.03563152626156807, -0.01744726486504078, 0.026281602680683136, -0.038676101714372635, 0.020280014723539352, -0.0031379428692162037, 0.018932431936264038, -0.02979416958987713, 0.0253349207341671, -0.01213979534804821, -0.020058119669556618, 0.02498197741806507, 0.004727277904748917, 0.013894036412239075, -0.029369346797466278, -0.0681881383061409, -0.013118552975356579, 0.010447613894939423, 2.9194384865149914e-07, -0.033997792750597, -0.0004590703174471855, 0.026212450116872787, 0.05892109125852585, -0.027019783854484558, -0.03646291792392731, -0.006792660802602768, 0.0165717750787735, -0.0292604248970747, 0.03302764520049095, 0.050657644867897034, 0.00441699055954814, -0.028665529564023018, -0.028631677851080894, -0.030361350625753403, -0.04460678622126579, 0.030551446601748466, 0.01322641596198082, -0.030607452616095543, 0.02695925533771515, 0.11093585193157196, 0.037111248821020126, 0.03983829915523529, -0.03490843251347542, 0.03348087519407272, -0.005465255584567785, -0.030472369864583015, 0.03552310913801193, 0.03319143131375313, 0.018301406875252724, 0.0493360199034214, 0.005903271026909351, -0.02071971818804741, 0.043164607137441635, -0.011032447218894958, -0.008720427751541138, 0.059566378593444824, 0.05722526088356972, -0.025912247598171234, 0.04170677065849304, 0.053836774080991745, 0.018557483330368996, 0.02917679399251938, -0.040844060480594635, 0.021235115826129913, -0.017175348475575447, -0.003984317183494568, 0.029593851417303085, -0.1001228615641594, 0.0396573469042778, -0.041298363357782364, 0.03583553805947304, -0.038085367530584335, -0.023769471794366837, 0.012557445093989372, -0.03444427251815796, -0.029480768367648125, 0.036708902567625046, 0.05881349742412567, -0.023943377658724785, -0.05206530913710594, -0.01254227850586176, 0.03354217857122421, -0.0032282827887684107, 0.09168260544538498, 0.045252397656440735, -0.021820511668920517, 3.1312428216345423e-34, -0.028384417295455933, 0.014255989342927933, 0.021079791709780693, 0.01133166067302227, 0.05730273947119713, -0.027565838769078255, 0.027030717581510544, -0.012670425698161125, -0.003933305386453867, -0.0067267026752233505, -0.046951524913311005]","{'Experience': 's.', 'Education': "": ['General Courses', 'Technical Diploma'] [None, None] ['Monterey Peninsula College', 'San Francisco Police Academy'] Bachelor of Science (BSc)"", 'Skills': ': material management, law enforcement, mechanical test equipment, pc s, ms office, 10key by touch, forklift and crane certification, self-motivation, ndt level ii, mechanical theory, pneumatic and hydraulic theory, automation, closing, coaching, oral, hardware, customer support, designing, direction, hand tools, inventory, iso 9001, machinery, materials, mechanical, personnel, processes, procurement, programming, progress, quality, quality control, receiving, repairs, repairing, robotic systems, safety, scheduling, shipping, simulation, supervisor, test equipment, troubleshooting, written, articles, implementation, commission, maintenance, electrical systems, technical problem solving, supervision, inventory management, repair services, equipment installation, fire alarm systems, preventive maintenance, facility operation, machinery maintenance, testing equipment, wind tunnels, mechanical modification, installation, system inspection, report generation, logistics coordination, equipment maintenance, compliance, materials expediting, configuration verification, auditing, promis software, logistics, production planning, materials management, schedule management, order management'}",target position intern generative ai engineering 2d 3d image generation objective to obtain a position where teamwork integrity and professionalism are a high standard in the company s mission statement. all while engaging in new challenges and learning experiences. skills material management law enforcement mechanical test equipment pc s ms office 10key by touch forklift and crane certification self motivation ndt level ii mechanical theory pneumatic and hydraulic theory automation closing coaching oral hardware customer support designing direction hand tools inventory iso 9001 machinery materials mechanical personnel processes procurement programming progress quality quality control receiving repairs repairing robotic systems safety scheduling shipping simulation supervisor test equipment troubleshooting written articles implementation commission maintenance electrical systems technical problem solving supervision inventory management repair services equipment installation fire alarm systems preventive maintenance facility operation machinery maintenance testing equipment wind tunnels mechanical modification installation system inspection report generation logistics coordination equipment maintenance compliance materials expediting configuration verification auditing promis software logistics production planning materials management schedule management order management education general courses technical diploma none none monterey peninsula college san francisco police academy bachelor of science bsc experience equipment engineering technician mechanical technician operating engineer test technician logistics coordinator sr. lab technician production control analyst material production planner generative ai development evolutionary computation deep learning optimization expert systems design knowledge representation data preprocessing model training research integration generative ai development evolutionary computation deep learning optimization expert systems design knowledge representation data preprocessing model training research integration 05 2014 04 2013 11 2007 10 2006 11 2004 07 2001 none 05 2014 06 2012 11 2007 05 2006 02 2004,"['target', 'position', 'intern', 'generative', 'ai', 'engineering', 'image', 'generation', 'objective', 'obtain', 'position', 'teamwork', 'integrity', 'professionalism', 'high', 'standard', 'company', 'mission', 'statement', 'engaging', 'new', 'challenge', 'learning', 'experience', 'skill', 'material', 'management', 'law', 'enforcement', 'mechanical', 'test', 'equipment', 'pc', 'm', 'office', 'key', 'touch', 'forklift', 'crane', 'certification', 'self', 'motivation', 'ndt', 'level', 'ii', 'mechanical', 'theory', 'pneumatic', 'hydraulic', 'theory', 'automation', 'closing', 'coaching', 'oral', 'hardware', 'customer', 'support', 'designing', 'direction', 'hand', 'tool', 'inventory', 'iso', 'machinery', 'material', 'mechanical', 'personnel', 'process', 'procurement', 'programming', 'progress', 'quality', 'quality', 'control', 'receiving', 'repair', 'repairing', 'robotic', 'system', 'safety', 'scheduling', 'shipping', 'simulation', 'supervisor', 'test', 'equipment', 'troubleshooting', 'written', 'article', 'implementation', 'commission', 'maintenance', 'electrical', 'system', 'technical', 'problem', 'solving', 'supervision', 'inventory', 'management', 'repair', 'service', 'equipment', 'installation', 'fire', 'alarm', 'system', 'preventive', 'maintenance', 'facility', 'operation', 'machinery', 'maintenance', 'testing', 'equipment', 'wind', 'tunnel', 'mechanical', 'modification', 'installation', 'system', 'inspection', 'report', 'generation', 'logistics', 'coordination', 'equipment', 'maintenance', 'compliance', 'material', 'expediting', 'configuration', 'verification', 'auditing', 'promis', 'software', 'logistics', 'production', 'planning', 'material', 'management', 'schedule', 'management', 'order', 'management', 'education', 'general', 'course', 'technical', 'diploma', 'none', 'none', 'monterey', 'peninsula', 'college', 'san', 'francisco', 'police', 'academy', 'bachelor', 'science', 'bsc', 'experience', 'equipment', 'engineering', 'technician', 'mechanical', 'technician', 'operating', 'engineer', 'test', 'technician', 'logistics', 'coordinator', 'sr', 'lab', 'technician', 'production', 'control', 'analyst', 'material', 'production', 'planner', 'generative', 'ai', 'development', 'evolutionary', 'computation', 'deep', 'learning', 'optimization', 'expert', 'system', 'design', 'knowledge', 'representation', 'data', 'preprocessing', 'model', 'training', 'research', 'integration', 'generative', 'ai', 'development', 'evolutionary', 'computation', 'deep', 'learning', 'optimization', 'expert', 'system', 'design', 'knowledge', 'representation', 'data', 'preprocessing', 'model', 'training', 'research', 'integration', 'none']",target position intern generative ai engineering image generation objective obtain position teamwork integrity professionalism high standard company mission statement engaging new challenge learning experience skill material management law enforcement mechanical test equipment pc m office key touch forklift crane certification self motivation ndt level ii mechanical theory pneumatic hydraulic theory automation closing coaching oral hardware customer support designing direction hand tool inventory iso machinery material mechanical personnel process procurement programming progress quality quality control receiving repair repairing robotic system safety scheduling shipping simulation supervisor test equipment troubleshooting written article implementation commission maintenance electrical system technical problem solving supervision inventory management repair service equipment installation fire alarm system preventive maintenance facility operation machinery maintenance testing equipment wind tunnel mechanical modification installation system inspection report generation logistics coordination equipment maintenance compliance material expediting configuration verification auditing promis software logistics production planning material management schedule management order management education general course technical diploma none none monterey peninsula college san francisco police academy bachelor science bsc experience equipment engineering technician mechanical technician operating engineer test technician logistics coordinator sr lab technician production control analyst material production planner generative ai development evolutionary computation deep learning optimization expert system design knowledge representation data preprocessing model training research integration generative ai development evolutionary computation deep learning optimization expert system design knowledge representation data preprocessing model training research integration none
cand_00024,24,Executive - VAT,"Target position: Executive - VAT Objective: Expertise EDA modeler. I like to learn what my data contains and how well I can model it depending on the problem. I can also leverage different visualization tools to aid the understanding of the extracted data and finally use the required ML algorithm to get an outcome. Skills: data analysis, business analysis, machine learning, regression analysis, time series analysis, sql, base sas, python, nlp, credit risk, tableau, statistical analysis, data visualization, data science, power bi, vat and tax, eda, data cleaning, data modeling Education: ['B.CA', 'M.CA'] [None, None] ['KVoCT, Pune', 'KVoCT, Pune'] BBA in Accounting and Finance Experience: 1 to 3 years ['Jr. Data Scientist'] Mushak Forms Maintenance VAT Software & MS Office Maintenance VAT Ledger Management VAT Challan Coordination Liaison with VAT Office VAT Documentation Other Assigned Tasks Mushak Forms Maintenance VAT Software & MS Office Maintenance VAT Ledger Management VAT Challan Coordination Liaison with VAT Office VAT Documentation Other Assigned Tasks ['Feb 2020'] ['Ongoing']","[""data analysis"", ""business analysis"", ""machine learning"", ""regression analysis"", ""time series analysis"", ""sql"", ""base sas"", ""python"", ""nlp"", ""credit risk"", ""tableau"", ""statistical analysis"", ""data visualization"", ""data science"", ""power bi"", ""vat and tax"", ""eda"", ""data cleaning"", ""data modeling""]","[""data analysis"", ""business analysis"", ""machine learning"", ""regression analysis"", ""time series analysis"", ""sql"", ""base sas"", ""python"", ""nlp"", ""credit risk"", ""tableau"", ""statistical analysis"", ""data visualization"", ""data science"", ""power bi"", ""vat and tax"", ""eda"", ""data cleaning"", ""data modeling""]","['B.CA', 'M.CA'] [None, None] ['KVoCT, Pune', 'KVoCT, Pune'] BBA in Accounting and Finance","1 to 3 years ['Jr. Data Scientist'] Mushak Forms Maintenance
VAT Software & MS Office Maintenance
VAT Ledger Management
VAT Challan Coordination
Liaison with VAT Office
VAT Documentation
Other Assigned Tasks Mushak Forms Maintenance
VAT Software & MS Office Maintenance
VAT Ledger Management
VAT Challan Coordination
Liaison with VAT Office
VAT Documentation
Other Assigned Tasks ['Feb 2020'] ['Ongoing']",3.0,INFORMATION-TECHNOLOGY,"[0.027599085122346878, -0.014926886186003685, -0.038044121116399765, -0.03621514514088631, 0.0410325862467289, 0.03782498091459274, -0.07593195885419846, 0.007291282527148724, -0.02286347933113575, -0.02203759364783764, 0.02465340867638588, -0.010666565969586372, 0.0004669993359129876, 0.06352515518665314, 0.0272134467959404, -0.04814458638429642, 0.012363607995212078, 0.035129811614751816, 0.00033179172896780074, -0.02468232251703739, 0.023174744099378586, -0.003035594942048192, -0.030099039897322655, 0.019423577934503555, 0.01846497692167759, 0.02454536221921444, -0.015963828191161156, 0.039850443601608276, 0.012824807316064835, 0.029709765687584877, 0.05385126173496246, -0.01984826661646366, 0.003812625538557768, -0.039525046944618225, 2.0826175841648364e-06, 0.0035237909760326147, -0.058425236493349075, -0.038542501628398895, -0.03914136439561844, -0.015866070985794067, 0.02261890098452568, -0.013447897508740425, 0.005938439164310694, 0.014258233830332756, -0.03494146093726158, -0.0012801290722563863, 0.05364033207297325, -0.05588991567492485, 0.06304492056369781, 0.04110094532370567, -0.004583538975566626, -0.0266671534627676, -0.004387016408145428, -0.05245748907327652, -0.026370491832494736, -0.05425287038087845, 0.025297146290540695, 0.005470966454595327, -0.013695984147489071, -0.0022342470474541187, -0.011365952901542187, -0.0011891189496964216, -0.044886600226163864, -0.026840373873710632, 0.07205191999673843, 0.04898727312684059, 0.03163142502307892, 0.009995060972869396, -0.018699374049901962, -0.02111590839922428, 0.03868357837200165, 0.011055463925004005, -0.024762330576777458, 0.023640813305974007, -0.014703969471156597, 0.04312354326248169, -0.021545276045799255, -0.047386664897203445, -0.012727814726531506, 0.026376551017165184, 0.037502363324165344, 0.019549289718270302, -0.05104933679103851, -0.023460455238819122, 0.03791919723153114, 0.017712445929646492, -0.012750762514770031, -0.019682887941598892, 0.06803077459335327, -0.011581873521208763, 0.013908942230045795, 0.0009833555668592453, -0.020163260400295258, 0.03735819831490517, -0.036074575036764145, 0.017995690926909447, 0.03250866010785103, -0.04272259399294853, 0.0009523405460640788, 0.045394737273454666, 0.037615127861499786, 0.01647983118891716, 0.010898798704147339, -0.0009699263609945774, -0.015497997403144836, 0.025013938546180725, -0.03151759132742882, 0.06291326135396957, -0.042187824845314026, -0.01573583111166954, -0.007370506878942251, -0.023561375215649605, -0.04934023320674896, -0.01530161127448082, -0.0047187767922878265, 0.07238106429576874, -0.07452493906021118, -0.03613680973649025, -0.015350000001490116, 0.0022258961107581854, 0.06693137437105179, 0.007170711178332567, -0.006871303543448448, 0.0033919557463377714, -0.04593009874224663, -0.009316261857748032, 0.010379241779446602, 0.02753523364663124, -0.028699811547994614, -0.0123105114325881, -0.003684211988002062, 0.018865371122956276, -0.013499255292117596, -0.024599479511380196, 0.008133298717439175, 0.040297672152519226, 0.03738615661859512, 0.019479362294077873, -0.05490296334028244, 0.05778631940484047, 0.01708163321018219, -0.011569077149033546, 0.020025471225380898, 0.02121659740805626, -0.043935783207416534, -0.07100603729486465, -0.006608552765101194, 0.05482010915875435, 0.01934708282351494, -0.016330135986208916, -0.016639970242977142, 0.03179626911878586, -0.017956160008907318, 0.011661619879305363, 0.04457571357488632, 0.01227073185145855, 0.04170680046081543, 0.0012829340994358063, -0.010885932482779026, -0.010061578825116158, -0.018623214215040207, -0.01877814717590809, 0.05271817371249199, 0.04321461543440819, -0.031453151255846024, 0.018670618534088135, 0.011980234645307064, 0.07828505337238312, -0.08144227415323257, -0.009703805670142174, 0.014909486286342144, -0.008449000306427479, -0.0320640429854393, 0.06616747379302979, 0.0036800536327064037, -0.0236899983137846, 0.07219967246055603, -0.05804458633065224, 0.03385447710752487, 0.031384244561195374, -0.019503340125083923, -0.09641367942094803, 0.03722602501511574, 0.03296239674091339, 0.01050756499171257, 0.010259417816996574, -0.0066992719657719135, 0.019425375387072563, -0.043185774236917496, 0.005734387785196304, 0.035104066133499146, 0.010274144820868969, -0.06919341534376144, 0.004471690393984318, 0.019227927550673485, -0.0017912924522534013, -0.05630851536989212, -0.017907768487930298, -0.013203716836869717, -0.02997628226876259, -0.05675417184829712, -0.06274539232254028, -0.013970178551971912, -0.00536827277392149, 0.03322165831923485, -0.021416597068309784, -0.05089922621846199, -0.09393501281738281, -0.008087677881121635, 0.03136580437421799, 0.05138561874628067, -0.031442876905202866, -0.04411862790584564, -0.0062564280815422535, -0.02555614896118641, -0.005173214711248875, -0.002336485544219613, 0.01221277192234993, 0.013491538353264332, -0.04980387166142464, -0.009496076963841915, -0.0010160228703171015, 0.025756921619176865, 0.024093186482787132, 0.012691343203186989, -0.0293154064565897, 0.047377683222293854, 0.0461236797273159, 0.03384804725646973, 0.030314642935991287, 0.011143367737531662, -0.009762904606759548, -0.007342315744608641, 0.0042062862776219845, -0.0006888171774335206, -0.010208627209067345, 0.06841052323579788, 0.034071169793605804, -0.0123336436226964, 0.0013642864068970084, -0.03969123214483261, 0.012982914224267006, -0.004161959979683161, 0.008073302917182446, -0.048628754913806915, -0.013911794871091843, -0.019858578220009804, -0.015053041279315948, -0.014297516085207462, -0.007014058064669371, 0.018237706273794174, 0.04430203139781952, 0.043746814131736755, 0.05110697075724602, -0.019014250487089157, 0.029859086498618126, -0.03547101467847824, 0.038318805396556854, -0.09642548859119415, 0.037688277661800385, -0.04193789139389992, -0.021098129451274872, 0.026339353993535042, -0.012834531255066395, 0.07021501660346985, -0.030172066763043404, 0.007462836802005768, -0.05541515350341797, 0.013516772538423538, 0.050525322556495667, 0.05427535995841026, 0.036256253719329834, 0.012026960030198097, -0.034230224788188934, -0.001432607532478869, -0.04944099113345146, 0.008264850825071335, 0.04920022934675217, -0.06490884721279144, 0.029421547427773476, 0.030659813433885574, -0.08776552230119705, 0.0011185603216290474, 0.034556370228528976, -0.004007152747362852, -0.005472720600664616, 0.006080723833292723, 0.010779724456369877, 0.016658399254083633, 0.02458808571100235, 0.035732682794332504, -0.016568461433053017, -0.0015273790340870619, -0.028796056285500526, -0.057538267225027084, 0.02930322289466858, -0.014495528303086758, 0.02198268100619316, -0.0340481661260128, 0.013139521703124046, 0.0044361865147948265, -0.005461925640702248, 0.017021669074892998, 0.012676484882831573, 0.02516448311507702, 0.10410721600055695, 0.044008996337652206, 0.046382494270801544, -0.00605680700391531, -0.06810180842876434, -0.019236765801906586, 0.02977917529642582, -0.012250357307493687, 0.0837823748588562, 0.04330318793654442, -0.01690756157040596, -0.08129382133483887, -0.0015847103204578161, -0.037592336535453796, 0.06294824928045273, -0.020758235827088356, -0.036349426954984665, -0.05078421160578728, -0.03109993413090706, 0.010060240514576435, -0.04592939466238022, -0.0728403627872467, -0.05339398980140686, 0.009914105758070946, -0.06820963323116302, -0.0008614526013843715, -0.0357615165412426, 0.006562404800206423, -0.05416255071759224, 0.02568916603922844, -0.03332613408565521, 0.011040334589779377, -0.0438842736184597, -0.00572999706491828, -0.012792876921594143, -0.041109297424554825, 0.0010528645943850279, -0.03335406631231308, 0.033896103501319885, 0.04966331273317337, 0.0114145427942276, -0.016517749056220055, 0.03355787694454193, -0.021317780017852783, 0.04126248136162758, 0.02074720896780491, 0.04735085740685463, -0.009492069482803345, -0.048671990633010864, -0.008692821487784386, 0.002462314208969474, 0.0598505474627018, 0.023779189214110374, -0.04498791694641113, -0.019337352365255356, -0.01221182569861412, -0.02254374511539936, -0.005171774886548519, 0.026355737820267677, 0.0011255736462771893, 0.009458435699343681, 0.022727761417627335, -0.04517620801925659, 0.00015352485934272408, -0.012678205966949463, -0.04012209177017212, 0.0017843168461695313, -0.024387439712882042, 0.003263783873990178, -0.027042634785175323, 0.016232982277870178, -0.017955461516976357, -0.053397055715322495, -0.02448243647813797, 0.0015260979998856783, 0.0721108689904213, -0.0699181780219078, 0.07768212258815765, 0.0014240326127037406, 0.02833956852555275, -0.028244640678167343, 0.014344023540616035, -0.04121235013008118, -7.11077154846862e-05, 0.07037266343832016, 0.014237761497497559, 0.03732731193304062, -0.032512810081243515, -0.011415546759963036, 0.017411915585398674, -0.04744745045900345, -0.016029026359319687, -0.025270875543355942, 0.02152366004884243, 0.017503507435321808, 0.03929803520441055, 0.007798502687364817, -0.04567437246441841, 0.02462843433022499, 0.0031751154456287622, -0.016615943983197212, 0.09396804869174957, 0.040696509182453156, -0.04563891142606735, 0.0209052711725235, -0.0019373552640900016, 0.009718004614114761, -0.04865981265902519, 0.06671737879514694, 0.03850225731730461, -0.07138732075691223, -0.00978040136396885, 0.03336786851286888, 0.03212527185678482, -0.0405566431581974, 0.040412019938230515, 0.03796626254916191, 0.027439365163445473, -0.00038717477582395077, 0.04053059592843056, -0.0014607374323531985, -0.017794610932469368, -0.01083179097622633, 0.06753875315189362, -0.03367623686790466, -0.03754027932882309, 0.06524904072284698, 0.04039948061108589, 0.05269118398427963, -0.018851466476917267, -0.02751064859330654, 0.06281083822250366, -0.011659262701869011, -0.006899307481944561, 0.010810206644237041, -0.0439705029129982, 0.07549446076154709, 0.017565244808793068, 0.049979496747255325, -0.00124828121624887, -0.01621660217642784, -0.024295151233673096, 0.07788815349340439, -0.050348132848739624, -0.06314488500356674, 0.1302638053894043, -0.035977113991975784, -0.002816208638250828, -0.048932045698165894, 0.00459995586425066, -0.048658452928066254, -0.13061046600341797, -0.017855195328593254, -0.004977195989340544, 0.016572443768382072, 0.0254106055945158, 0.03828604519367218, 0.021042920649051666, -0.011960395611822605, -0.017678283154964447, 0.07738351076841354, -0.0048040300607681274, -0.02316291630268097, -0.011614440008997917, -0.05247672274708748, 0.02149340696632862, -0.03496658056974411, -0.0017174565000459552, 0.011510748416185379, 0.05153866484761238, -0.006364033557474613, -0.017363691702485085, 0.09303894639015198, -0.02935256063938141, 0.009456569328904152, 0.05433504655957222, 0.03400079533457756, 0.029276639223098755, -0.08638690412044525, -0.016484765335917473, 0.033885251730680466, 0.007582314312458038, 0.06109122559428215, -0.024893373250961304, -0.0613584965467453, 0.10705692321062088, 0.013119730167090893, 0.017077265307307243, -0.035375483334064484, 0.04431147128343582, -0.04504476860165596, -0.05890865623950958, 0.08444235473871231, -0.044674355536699295, 0.07926224917173386, -0.03663261979818344, -0.027185695245862007, 0.02816326729953289, -0.05616379901766777, -0.02065540850162506, -0.026516174897551537, -0.03821861371397972, 0.02565702050924301, -0.057787392288446426, 0.014609997160732746, 0.0022097777109593153, 0.023885779082775116, -0.023543706163764, -0.058952853083610535, 0.005438832566142082, -0.008911618031561375, 0.006639695726335049, -0.04863746091723442, 0.007628226187080145, -0.05385444685816765, 0.03581130877137184, -0.005931096151471138, -0.030334437265992165, 0.022788016125559807, 0.014125442132353783, 0.05117164924740791, 0.00800637248903513, -0.0032585838343948126, -0.004102939739823341, 0.017158426344394684, -0.009360197931528091, 0.018676236271858215, -0.0746234878897667, -0.014413444325327873, -0.034982386976480484, 0.01203006599098444, 0.008902519941329956, 0.025616273283958435, 0.02294246107339859, 0.02581537328660488, -0.025938987731933594, 0.01039175409823656, 0.0046484023332595825, -0.00484419334679842, -0.06400077044963837, -0.0012804250000044703, -0.033509623259305954, 0.00037192628951743245, 0.03748418018221855, 0.008541727438569069, -0.009747792035341263, -0.05824834108352661, -0.03178776055574417, 0.019370799884200096, 0.00559088122099638, -5.242272075809506e-33, -0.0071706571616232395, -0.012900663539767265, 0.0350550077855587, 0.015663033351302147, 0.002823207061737776, 0.01255042664706707, 0.03600049391388893, -0.053414102643728256, -0.035952381789684296, -0.042934905737638474, 0.0034754264634102583, 0.028313366696238518, 0.009627818129956722, -0.007538606412708759, 0.006416341755539179, 0.0647282600402832, -0.019538721069693565, -0.00933339074254036, 0.022424770519137383, -0.05176454782485962, -0.07731194794178009, 0.022517381235957146, 0.005198250990360975, -0.03843456506729126, 0.03969180956482887, 0.022653909400105476, -0.023358747363090515, 0.042731303721666336, 0.005804821848869324, 0.006738097406923771, 0.011868061497807503, -0.044147737324237823, -0.018638484179973602, -0.013345287181437016, 0.005141218658536673, 0.0044865114614367485, -0.0026315804570913315, -0.002850180957466364, 0.016088085249066353, 0.035121481865644455, 0.009376994334161282, -0.04016875475645065, 0.021619511768221855, 0.026405565440654755, 0.004393167793750763, -0.010064967907965183, -0.014846629463136196, -0.004484087228775024, 0.05327381193637848, 0.018274473026394844, -0.06613092869520187, 0.01895303651690483, -0.047967325896024704, 0.047961145639419556, 0.00830005668103695, 0.07651255279779434, 0.013797580264508724, -0.02224671095609665, -0.029633596539497375, 0.004292715340852737, -0.01269619446247816, 0.012308972887694836, 0.019737744703888893, -0.03597565367817879, -0.002996297786012292, 0.003965494688600302, 0.057024743407964706, -0.03150050342082977, -0.04396368935704231, -0.04574228450655937, -0.005423667840659618, 0.023351168259978294, -0.057729028165340424, -0.024186251685023308, -0.024990366771817207, -0.0236359890550375, -0.03658030182123184, 0.05123842880129814, 0.016904225572943687, 0.02956293523311615, -0.032535620033741, 0.0054589747451245785, -0.03922071307897568, -0.0036596893332898617, 0.030194437131285667, -0.04140268638730049, -0.024475479498505592, -0.03286853805184364, 0.0676831603050232, -0.01607067696750164, -0.00019792742386925966, -0.009666155092418194, -0.0683382898569107, 0.008823440410196781, 0.07032501697540283, -0.021522879600524902, -0.021407652646303177, 0.01618133671581745, 0.013082477264106274, 0.00028207837021909654, 0.0014920205576345325, -0.0040094866417348385, 0.046240657567977905, 0.0028636513743549585, 0.016705943271517754, 0.02185247652232647, -0.008179244585335255, -0.009770150296390057, -0.08320560306310654, 0.02359960414469242, 0.03618018701672554, 0.02138187177479267, -0.03294207900762558, 0.039362628012895584, -0.00837140716612339, -0.012313921004533768, 0.02025548741221428, -0.06469522416591644, 0.04532679542899132, -0.014230228960514069, 0.015860989689826965, -0.03194905444979668, 0.04720522463321686, -0.012795998714864254, -0.018024401739239693, 0.008709562011063099, 0.018935833126306534, -0.058785758912563324, -0.022124135866761208, -0.014347720891237259, 0.019147701561450958, -0.003444662084802985, 2.6068653369293315e-07, -0.002598965773358941, 0.060462962836027145, -0.04814625158905983, -0.01995592936873436, -0.03898321092128754, -0.020046744495630264, -0.06651031970977783, -0.024171490222215652, -0.013245596550405025, 0.010220974683761597, 0.013023807667195797, -0.0621664933860302, -0.002565088216215372, -0.014038920402526855, -0.028793325647711754, -0.08720705658197403, -0.011823184788227081, 0.007304703816771507, -0.026858115568757057, 0.002476566005498171, 0.04604781046509743, 0.05747850984334946, 0.0518592931330204, -0.038153741508722305, -0.009017891250550747, 0.03834935277700424, -0.012272603809833527, -0.006328405812382698, -0.026691237464547157, 0.035143088549375534, 0.07113857567310333, -0.03691457211971283, 0.02671033702790737, 0.0577731691300869, -0.0004886160604655743, 0.013629348948597908, 0.017866121605038643, 0.11908329278230667, -0.013096132315695286, 0.07297363132238388, 0.045050911605358124, 0.02882271446287632, 0.008604468777775764, 0.0019226002041250467, 0.03482029214501381, 0.009076143614947796, -0.04068285971879959, 0.02814755029976368, -0.066164530813694, 0.0671122744679451, 0.015911605209112167, 0.030979013070464134, -0.028535962104797363, -0.04152311757206917, 0.006363490596413612, -0.07085757702589035, -0.038974132388830185, 0.03155796602368355, 0.07797816395759583, -0.028951091691851616, -0.00892046932131052, -0.0213665459305048, 0.01188740786164999, 0.01043902151286602, 0.0752345398068428, -0.02267010509967804, 5.1794144383165985e-05, 2.997766356453633e-34, -0.004220069386065006, 0.02121223509311676, 0.021475039422512054, -0.027068868279457092, 0.02461426332592964, -0.02912500686943531, 0.022092418745160103, 0.010122270323336124, -0.01353603694587946, -0.027493655681610107, -0.014085712842643261]","{'Experience': "": 1 to 3 years ['Jr. Data Scientist'] Mushak Forms Maintenance VAT Software & MS Office Maintenance VAT Ledger Management VAT Challan Coordination Liaison with VAT Office VAT Documentation Other Assigned Tasks Mushak Forms Maintenance VAT Software & MS Office Maintenance VAT Ledger Management VAT Challan Coordination Liaison with VAT Office VAT Documentation Other Assigned Tasks ['Feb 2020'] ['Ongoing']"", 'Education': "": ['B.CA', 'M.CA'] [None, None] ['KVoCT, Pune', 'KVoCT, Pune'] BBA in Accounting and Finance"", 'Skills': ': data analysis, business analysis, machine learning, regression analysis, time series analysis, sql, base sas, python, nlp, credit risk, tableau, statistical analysis, data visualization, data science, power bi, vat and tax, eda, data cleaning, data modeling'}",target position executive vat objective expertise eda modeler. i like to learn what my data contains and how well i can model it depending on the problem. i can also leverage different visualization tools to aid the understanding of the extracted data and finally use the required ml algorithm to get an outcome. skills data analysis business analysis machine learning regression analysis time series analysis sql base sas python nlp credit risk tableau statistical analysis data visualization data science power bi vat and tax eda data cleaning data modeling education b.ca m.ca none none kvoct pune kvoct pune bba in accounting and finance experience 1 to 3 years jr. data scientist mushak forms maintenance vat software ms office maintenance vat ledger management vat challan coordination liaison with vat office vat documentation other assigned tasks mushak forms maintenance vat software ms office maintenance vat ledger management vat challan coordination liaison with vat office vat documentation other assigned tasks feb 2020 ongoing,"['target', 'position', 'executive', 'vat', 'objective', 'expertise', 'eda', 'modeler', 'like', 'learn', 'data', 'contains', 'well', 'model', 'depending', 'problem', 'also', 'leverage', 'different', 'visualization', 'tool', 'aid', 'understanding', 'extracted', 'data', 'finally', 'use', 'required', 'ml', 'algorithm', 'get', 'outcome', 'skill', 'data', 'analysis', 'business', 'analysis', 'machine', 'learning', 'regression', 'analysis', 'time', 'series', 'analysis', 'sql', 'base', 'sa', 'python', 'nlp', 'credit', 'risk', 'tableau', 'statistical', 'analysis', 'data', 'visualization', 'data', 'science', 'power', 'bi', 'vat', 'tax', 'eda', 'data', 'cleaning', 'data', 'modeling', 'education', 'b', 'ca', 'ca', 'none', 'none', 'kvoct', 'pune', 'kvoct', 'pune', 'bba', 'accounting', 'finance', 'experience', 'year', 'jr', 'data', 'scientist', 'mushak', 'form', 'maintenance', 'vat', 'software', 'm', 'office', 'maintenance', 'vat', 'ledger', 'management', 'vat', 'challan', 'coordination', 'liaison', 'vat', 'office', 'vat', 'documentation', 'assigned', 'task', 'mushak', 'form', 'maintenance', 'vat', 'software', 'm', 'office', 'maintenance', 'vat', 'ledger', 'management', 'vat', 'challan', 'coordination', 'liaison', 'vat', 'office', 'vat', 'documentation', 'assigned', 'task', 'feb', 'ongoing']",target position executive vat objective expertise eda modeler like learn data contains well model depending problem also leverage different visualization tool aid understanding extracted data finally use required ml algorithm get outcome skill data analysis business analysis machine learning regression analysis time series analysis sql base sa python nlp credit risk tableau statistical analysis data visualization data science power bi vat tax eda data cleaning data modeling education b ca ca none none kvoct pune kvoct pune bba accounting finance experience year jr data scientist mushak form maintenance vat software m office maintenance vat ledger management vat challan coordination liaison vat office vat documentation assigned task mushak form maintenance vat software m office maintenance vat ledger management vat challan coordination liaison vat office vat documentation assigned task feb ongoing
cand_00025,25,Mechanical Engineer,"Target position: Mechanical Engineer Objective: Dedicated and well-rounded software engineer with a passion for math, computer science, and elite education. Bringing 12+ years of teaching expertise to help Amazon's Career Fulfillment students feel the same joy and pride in my comprehensive JavaScript computer science program as my past 150+ high school students. Eager to teach the basics, get students the tools they need, and foster their passion to reach their goals. Skills: html, css, javascript angular, python, git, algorithm design, technical writing, data analysis, interpersonal communication, patience, maintenance and troubleshooting, mechanical, javascript, teaching, program development, technical support, database design, software testing, agile/scrum, code writing, cicd Education: ['Master of Science', 'Bachelor of Science'] ['Computer Science', 'Computer Science'] ['Princeton International School of Mathematics and Science', 'New York University'] Bachelor of Science (BSc) in Mechanical Engineering, Diploma in Mechanical Experience: 2 to 5 years ['Computer Science Teacher', 'Software Engineer', 'Junior Software Engineer'] Machinery Maintenance Troubleshooting Report Preparation Log Maintenance Machinery Maintenance Troubleshooting Report Preparation Log Maintenance ['2017', '2014', '2012'] ['current', '2017', '2014']","[""html"", ""css"", ""javascript angular"", ""python"", ""git"", ""algorithm design"", ""technical writing"", ""data analysis"", ""interpersonal communication"", ""patience"", ""maintenance and troubleshooting"", ""mechanical"", ""javascript"", ""teaching"", ""program development"", ""technical support"", ""database design"", ""software testing"", ""agile/scrum"", ""code writing"", ""cicd""]","[""html"", ""css"", ""javascript angular"", ""python"", ""git"", ""algorithm design"", ""technical writing"", ""data analysis"", ""interpersonal communication"", ""patience"", ""maintenance and troubleshooting"", ""mechanical"", ""javascript"", ""teaching"", ""program development"", ""technical support"", ""database design"", ""software testing"", ""agile/scrum"", ""code writing"", ""cicd""]","['Master of Science', 'Bachelor of Science'] ['Computer Science', 'Computer Science'] ['Princeton International School of Mathematics and Science', 'New York University'] Bachelor of Science (BSc) in Mechanical Engineering, Diploma in Mechanical","2 to 5 years ['Computer Science Teacher', 'Software Engineer', 'Junior Software Engineer'] Machinery Maintenance
Troubleshooting
Report Preparation
Log Maintenance Machinery Maintenance
Troubleshooting
Report Preparation
Log Maintenance ['2017', '2014', '2012'] ['current', '2017', '2014']",5.0,INFORMATION-TECHNOLOGY,"[0.04599905386567116, 0.045863211154937744, -0.04647598788142204, -0.04017484933137894, 0.0690460056066513, 0.0066199107095599174, -0.03886904940009117, -0.031650133430957794, -0.04859647527337074, -0.052960529923439026, 0.049909621477127075, 0.03157806396484375, 0.013460137881338596, 0.08005236834287643, -0.017016030848026276, 0.001348924939520657, -0.014950692653656006, 0.004831469152122736, 0.003623501630499959, 0.0013505498645827174, 0.018888583406805992, 0.0406578965485096, -0.025847313925623894, -0.04025759920477867, -0.007395450957119465, -0.0578986257314682, 0.036773934960365295, -0.00426291860640049, 0.008937446400523186, 0.02663637511432171, 0.027479244396090508, -0.029257455840706825, -0.03317203372716904, -0.05552294850349426, 2.3564241473650327e-06, -0.015876732766628265, 0.005860501900315285, -0.012435784563422203, -0.04417295381426811, -0.021507008001208305, 0.02053164504468441, 0.015832150354981422, -0.03850070759654045, 0.043769292533397675, -0.01848551072180271, 0.02474311552941799, 0.03668395057320595, -0.06128942221403122, 0.037783607840538025, 0.0018324574921280146, 0.019550612196326256, 0.012857500463724136, -0.02712792530655861, -0.010955872014164925, 0.01956743560731411, -0.0011798382038250566, -0.028327981010079384, -0.025384675711393356, 0.03211331367492676, 0.0022360337898135185, -0.030888689681887627, -0.00595645559951663, -0.02693137153983116, -0.05289841070771217, 0.11492189764976501, 0.04422437399625778, 0.004133312031626701, -0.010312601923942566, 0.014642837457358837, -0.048888929188251495, 0.06166897341609001, -0.005094630643725395, -0.03860950842499733, 0.017690064385533333, 0.003917823079973459, 0.03473462536931038, -0.013939667493104935, -0.011963220313191414, 0.02201066166162491, -0.02181681990623474, -0.03706943616271019, 0.004215430002659559, -0.07565943896770477, -0.0042638774029910564, 0.03828948363661766, 0.021530671045184135, -0.02498837560415268, 0.008521964773535728, 0.04566260799765587, 0.018743084743618965, 0.07113675028085709, -0.00665025832131505, 0.021630724892020226, 0.031209122389554977, 0.012897362932562828, -0.014933358877897263, 0.046136438846588135, -0.008918391540646553, -0.014376696199178696, 0.0526895709335804, -0.01093294657766819, 0.05634094774723053, 0.044896844774484634, 0.029708098620176315, -0.018014393746852875, 0.02840222418308258, 0.04439401626586914, 0.0015471058432012796, -0.03327077254652977, 0.05045214295387268, 0.007047638297080994, 0.013307631015777588, 0.0012013831874355674, -0.04237620159983635, 0.047938138246536255, 0.016963999718427658, -0.024266308173537254, -0.009860088117420673, 0.014445895329117775, 0.018155986443161964, 0.031128620728850365, 0.03725482523441315, -0.026101019233465195, 0.05304991081357002, -0.013782940804958344, 0.00786377489566803, 0.023798681795597076, -0.002443455159664154, -0.0003603456716518849, 0.014545700512826443, -0.005799032747745514, 0.02270614355802536, -0.007953664287924767, -0.009135941974818707, 0.033169936388731, 0.025807399302721024, -0.003656771034002304, 0.04198329150676727, 0.015348831191658974, -0.01459148433059454, -0.018717564642429352, 0.06604765355587006, 0.03187919780611992, 0.019887343049049377, -0.04247226566076279, -0.025250548496842384, -0.011563305743038654, 0.02542237378656864, 0.016516050323843956, 0.012521792203187943, 0.047926563769578934, -0.014288479462265968, 0.00684133917093277, -0.05206597223877907, 0.06441717594861984, 0.025182759389281273, 0.0036159122828394175, -0.020144835114479065, 0.013458735309541225, 0.07131380587816238, 0.028803035616874695, -0.04180004075169563, 0.03388627618551254, 0.06709598749876022, -0.06616052985191345, 0.024211136624217033, 0.060233984142541885, 0.01633257232606411, -0.020248258486390114, 0.06624092161655426, 0.03611317276954651, -0.03555843606591225, -0.01625046506524086, 0.0448063500225544, 0.006149285938590765, 0.0014181748265400529, 0.0015515170525759459, -0.026056017726659775, 0.06851227581501007, 0.023175770416855812, -0.009961670264601707, -0.1435644030570984, -0.006157661788165569, 0.020672325044870377, -0.018533769994974136, 0.022459600120782852, -0.0412825271487236, 0.07198456674814224, -0.013961737975478172, 0.019788311794400215, 0.015879420563578606, -0.019851528108119965, -0.03562210872769356, 0.01874314248561859, 0.027462027966976166, -0.004375464748591185, -0.03836650028824806, -0.014992131851613522, -0.043415334075689316, -0.06822650134563446, -0.011045481078326702, -0.003588191932067275, -0.09915328770875931, 0.025573721155524254, 0.03650761768221855, -0.03056010976433754, -0.07872144132852554, -0.056051112711429596, -0.026680829003453255, 0.03075927495956421, 0.0402577668428421, 0.0067933835089206696, -0.016844362020492554, 0.006036294158548117, -0.01986968331038952, -0.0069121187552809715, -0.008609913289546967, 0.0025901012122631073, 0.03200559318065643, -0.045937906950712204, 0.00248702522367239, -0.055198658257722855, -0.022921349853277206, 0.024886908009648323, -0.0690734013915062, -0.04214709252119064, 0.02968200296163559, -0.012501057237386703, 0.004877828992903233, 0.018772555515170097, 0.023673593997955322, -0.009339866228401661, 0.0073005822487175465, 0.014910943806171417, 0.001638461253605783, 0.012333989143371582, -0.02113347314298153, 0.048028986901044846, 0.017823783680796623, -0.012821182608604431, -0.052921269088983536, 0.022797396406531334, -0.005551937501877546, 0.03399902954697609, 0.0350833535194397, 0.01246035099029541, -0.03268992900848389, 0.05730457603931427, 0.017548058182001114, -0.01726369746029377, -0.0032102540135383606, 0.046272046864032745, -0.004715828225016594, 0.06742774695158005, -0.03927578404545784, -0.008633358404040337, -0.03883476182818413, 0.012985052540898323, -0.06820238381624222, 0.009033815003931522, -0.011350240558385849, -0.0351790152490139, 0.00188658747356385, -0.009581144899129868, 0.06340532004833221, -0.05292552337050438, 0.030679449439048767, -0.002628870075568557, -0.030459541827440262, 0.038206618279218674, 0.010034280829131603, 0.013014957308769226, -0.010652471333742142, 0.013271543197333813, 0.01931970752775669, -0.00839521549642086, 0.0016181552782654762, 0.006866540759801865, -0.03832630813121796, -0.000408611522288993, 0.001828920328989625, -0.06652402132749557, 0.0030805806163698435, -0.004649292211979628, -0.035725634545087814, 0.005704295821487904, 0.03486582264304161, 0.008231842890381813, 0.005410254932940006, 0.13191965222358704, -0.023847021162509918, 0.008261472918093204, -0.013173681683838367, -0.006098926067352295, -0.052059948444366455, -0.01373453252017498, -0.039821576327085495, 0.030897697433829308, -0.03986682742834091, 0.04115886986255646, -0.01763218641281128, -0.01611190475523472, 0.022971685975790024, -0.01718306355178356, 0.03791831061244011, -0.007518990430980921, 0.004687058739364147, 0.03397677466273308, -0.015874404460191727, -0.03868664428591728, 0.004460275173187256, 0.01248789019882679, 0.01654507964849472, -0.012207644060254097, 0.0011266914661973715, -0.03520265221595764, -0.014882214367389679, -0.015432512387633324, -0.005373312160372734, 0.03573242947459221, 0.008425909094512463, 0.013518787920475006, -0.015718592330813408, -0.06019148603081703, 0.0225546695291996, -0.06416347622871399, -0.053609225898981094, -0.01277230679988861, 0.008986005559563637, -0.04992559179663658, -0.029348857700824738, -0.021993083879351616, -0.005632726009935141, -0.04616760089993477, 0.047518130391836166, -0.027512723580002785, -0.005601535085588694, -0.0903082937002182, -0.0060363998636603355, -0.016249649226665497, -0.0010812077671289444, -0.018985597416758537, -0.03128163516521454, 0.03540007397532463, 0.03552703186869621, -0.02425333485007286, 0.05529032275080681, 0.0012544223573058844, -0.0534350760281086, -0.022485796362161636, 0.06292664259672165, 0.0845138281583786, 0.018217476084828377, -0.053488921374082565, 0.02045121230185032, -0.04425332322716713, -0.02663317136466503, 0.040113165974617004, -0.006443525664508343, -0.05965111404657364, -0.04424068331718445, 0.03104184940457344, 0.09933154284954071, -0.016945090144872665, -0.059777308255434036, -0.015276342630386353, 0.057429488748311996, -0.05405091494321823, 0.0057978639379143715, 0.016084065660834312, -0.04154994711279869, -0.028749167919158936, -0.06563553214073181, 0.00026340759359300137, -0.01965479552745819, -0.022068563848733902, 0.019423484802246094, 0.02511206641793251, 0.014572324231266975, 0.01141881849616766, 0.04195938631892204, -0.07131979614496231, 0.04041389375925064, -0.014962187968194485, 0.048870719969272614, 0.005140927154570818, 0.03702252730727196, -0.007460836321115494, -0.05325544252991676, 0.0004349620430730283, -0.0051707676611840725, 0.007767925038933754, -0.018081041052937508, 0.002639721380546689, -0.0024045612663030624, 0.029101865366101265, -0.007154806982725859, -0.02874220348894596, 0.0016965512186288834, 0.033381879329681396, 0.020434070378541946, -0.0005911220796406269, -0.10216128081083298, 0.05907542258501053, 0.04846126213669777, -0.03709416091442108, 0.07149709761142731, -0.020409507676959038, -0.015383264981210232, 0.08261056244373322, -0.013341899029910564, 0.012101244181394577, -0.027001744136214256, 0.045228417962789536, -0.048904746770858765, -0.08530203253030777, 0.014962395653128624, 0.06477072089910507, 0.029364917427301407, -0.06704722344875336, 0.028295157477259636, 0.06403259187936783, 0.059672389179468155, 0.0027652087155729532, 0.03208090364933014, -0.05005834624171257, 0.0424632802605629, -0.05279790610074997, 0.02494230307638645, -0.07121633738279343, -0.07874251157045364, 0.08753480017185211, -0.02750840224325657, 0.014180350117385387, -0.018501419574022293, -0.00737583776935935, 0.015279841609299183, 0.020576614886522293, 0.04761218652129173, 0.025633249431848526, -0.003182475920766592, 0.023674901574850082, 0.011612845584750175, 0.06198788061738014, -0.019332315772771835, 0.017939642071723938, 0.026670867577195168, 0.018353376537561417, -0.022620417177677155, -0.010785617865622044, 0.07703229039907455, -0.016306014731526375, 0.004954456351697445, -0.09499023109674454, -0.06195833534002304, -0.03771151229739189, -0.038124486804008484, 0.023687321692705154, 0.006615945138037205, 0.004886872600764036, 0.01123543456196785, 0.03877406567335129, -0.04033556580543518, 0.025135623291134834, -0.048796553164720535, -0.037384629249572754, 0.0724031925201416, -0.06738463044166565, 0.03130795806646347, -0.0515129417181015, 0.052879445254802704, -0.010058603249490261, -0.04562857747077942, -0.007009407971054316, 0.02237796224653721, 0.014803665690124035, -0.018195072188973427, 0.061066482216119766, -0.04462939873337746, -0.02379496768116951, 0.04166703298687935, -0.0230451300740242, 0.022543977946043015, -0.07709992676973343, 0.006570541765540838, -0.006388289388269186, 0.03358802571892738, -0.008496265858411789, -0.01189761608839035, -0.028355233371257782, 0.039638686925172806, -0.026597199961543083, 0.023452475666999817, 0.01876128278672695, 0.0679311528801918, -0.001967943273484707, -0.049469299614429474, 0.08225066214799881, -0.05432293191552162, 0.02868003398180008, -0.018796322867274284, -0.03239956870675087, 0.002998356707394123, -0.04145330563187599, -0.021255824714899063, -0.0045415740460157394, -0.046956032514572144, 0.0554329976439476, 0.007509212009608746, 0.04549871385097504, -0.04388299584388733, 0.008017806336283684, -0.04899308830499649, -0.032025013118982315, -0.019664887338876724, 0.003275287104770541, -0.06998764723539352, -0.003425764385610819, 0.0697723925113678, -0.029550986364483833, 0.014515390619635582, -0.015098100528120995, -0.0486181415617466, 0.03386068344116211, 0.007901693694293499, 0.010690863244235516, 0.011052431538701057, 0.03032488003373146, 0.024548690766096115, -0.014841334894299507, -0.026240479201078415, -0.02670641802251339, -0.0418543666601181, 0.014768438413739204, -8.568157500121742e-05, 0.02440914325416088, 0.07984655350446701, -0.003959646914154291, 0.042356982827186584, -0.013634604401886463, -0.018406927585601807, -0.008681301958858967, -0.003631584346294403, 0.0012683816021308303, 0.00795311201363802, -0.013772259466350079, -0.017763767391443253, 0.04366061091423035, -0.010970134288072586, 0.05148099735379219, 0.027877457439899445, -0.026272131130099297, 0.005926267709583044, 0.025099867954850197, -0.003937796223908663, -5.444541960149389e-33, 0.02911914512515068, -0.03548504784703255, 0.015397204086184502, -0.0003468008653726429, -0.022794919088482857, -0.004001466557383537, 0.019301224499940872, -0.026619143784046173, -0.032176271080970764, -0.034507300704717636, -0.0044351257383823395, 0.02042727917432785, 0.018764585256576538, 0.028277253732085228, 0.030841505154967308, 0.07685645669698715, 0.011745119467377663, 0.014780266210436821, -0.01952263154089451, 0.010562109760940075, -0.07736123353242874, 0.019343553110957146, 0.04003250598907471, -0.0057650404050946236, 0.006717888172715902, -0.04420602321624756, -0.04444660246372223, 0.005872367415577173, 0.03772444278001785, 0.020258205011487007, 2.026314723480027e-05, 0.035728972405195236, -0.028050193563103676, -0.05210486054420471, -0.0029093537013977766, -0.012794973328709602, -0.00111109868157655, 0.017265433445572853, 0.007197999395430088, 0.008793417364358902, -0.007778618484735489, -0.013356001116335392, 0.009400985203683376, -0.004865072667598724, -0.009314554743468761, -0.0557134672999382, 0.044670578092336655, 0.0008458907250314951, 0.04368675500154495, -0.032703232020139694, -0.04904244467616081, 0.011686475947499275, -0.07534203678369522, 0.020986411720514297, -0.034080635756254196, 0.09838077425956726, 0.0009353514178656042, -0.03206312656402588, -0.054684147238731384, 0.014150301925837994, -0.0645422488451004, 0.058287203311920166, 0.03381097689270973, -0.029050536453723907, -0.071247898042202, 0.039449624717235565, 0.01156997587531805, 0.01611836813390255, 0.04842183366417885, -0.006887266878038645, 0.015989264473319054, -0.0350339338183403, -0.013276576064527035, 0.018235888332128525, 0.006180517841130495, 0.03810352832078934, -0.024756088852882385, 0.0053032818250358105, 0.010691698640584946, 0.04603642225265503, -0.05327610671520233, 0.018714001402258873, -0.06817210465669632, -0.024356434121727943, 0.011424725875258446, -0.031320877373218536, -0.01021570898592472, 0.008149308152496815, 0.045110948383808136, -0.0105362543836236, -0.0523177795112133, -0.026461025699973106, -0.055763863027095795, 0.03550288453698158, 0.002229296835139394, 0.017788445577025414, -0.04714060202240944, 0.029435262084007263, -0.00529734930023551, -0.0142654525116086, -0.0060438853688538074, -0.0023707279469817877, -0.04224206134676933, -0.005761404987424612, 0.06170244887471199, 0.004868274554610252, -0.035813625901937485, -0.004097080789506435, -0.021651100367307663, -0.034251708537340164, -0.008648010902106762, -0.03664145991206169, -0.006254647858440876, -0.013284105807542801, -0.004507084842771292, -0.002462625503540039, 0.04479705169796944, -0.02934226393699646, 0.013956519775092602, -0.02316298894584179, -0.0037519270554184914, -0.037003565579652786, 0.06827675551176071, -0.05419480800628662, -0.03899068012833595, -0.012616414576768875, -0.004939354490488768, -0.038163211196660995, -0.01642191782593727, -0.07376082241535187, 0.002893660916015506, 0.0026126697193831205, 2.93639089932185e-07, 0.01553340069949627, 0.05080942437052727, -0.028873996809124947, -0.016801204532384872, -0.0010172652546316385, -0.01184618566185236, -0.002686786465346813, -0.03202323988080025, 0.052446506917476654, 0.026346534490585327, -0.0298844575881958, 0.030125271528959274, -0.003020017873495817, -0.01695433259010315, -0.002166692866012454, -0.09925372153520584, -0.007256464567035437, 0.020024724304676056, -0.012966779060661793, 0.06886106729507446, 0.10165028274059296, 0.02973574586212635, 0.07857519388198853, -0.02416321076452732, -0.0034724099095910788, 2.353332456550561e-05, -0.05652587488293648, 0.006483401171863079, -0.0025454964488744736, 0.03355872631072998, -0.015899112448096275, -0.030113426968455315, -0.007225547451525927, 0.029278535395860672, -0.004877611994743347, -0.014158656820654869, 0.013684389181435108, 0.04662109166383743, 0.009217431768774986, 0.09764992445707321, 0.04037920758128166, 0.029050488024950027, 0.01645464077591896, 0.011240496300160885, 0.015609160996973515, -0.023486081510782242, -0.04379809647798538, 0.02517779916524887, -0.07634871453046799, -0.03308577090501785, -0.013621480204164982, 0.04116828739643097, -0.03980260714888573, -0.023998955264687538, 0.014248798601329327, -0.025934049859642982, -0.10088828206062317, 0.03623516485095024, 0.03251529857516289, 0.03176004812121391, -0.029212092980742455, -0.038868632167577744, 0.002513028448447585, 0.03446953743696213, 0.07839793711900711, 0.015100846067070961, 0.019279997795820236, 3.4982913918562824e-34, -0.01241660863161087, 0.013229559175670147, 0.04341503605246544, -0.04949572682380676, 0.0449359305202961, -0.04201124608516693, 0.006533078849315643, -0.008769657462835312, -0.012267757207155228, -0.009959246031939983, -0.06333401054143906]","{'Experience': "": 2 to 5 years ['Computer Science Teacher', 'Software Engineer', 'Junior Software Engineer'] Machinery Maintenance Troubleshooting Report Preparation Log Maintenance Machinery Maintenance Troubleshooting Report Preparation Log Maintenance ['2017', '2014', '2012'] ['current', '2017', '2014']"", 'Education': "". Bringing 12+ years of teaching expertise to help Amazon's Career Fulfillment students feel the same joy and pride in my comprehensive JavaScript computer science program as my past 150+ high school students. Eager to teach the basics, get students the tools they need, and foster their passion to reach their goals."", 'Skills': ': html, css, javascript angular, python, git, algorithm design, technical writing, data analysis, interpersonal communication, patience, maintenance and troubleshooting, mechanical, javascript, teaching, program development, technical support, database design, software testing, agile/scrum, code writing, cicd'}",target position mechanical engineer objective dedicated and well rounded software engineer with a passion for math computer science and elite education. bringing 12+ years of teaching expertise to help amazon s career fulfillment students feel the same joy and pride in my comprehensive javascript computer science program as my past 150+ high school students. eager to teach the basics get students the tools they need and foster their passion to reach their goals. skills html css javascript angular python git algorithm design technical writing data analysis interpersonal communication patience maintenance and troubleshooting mechanical javascript teaching program development technical support database design software testing agile scrum code writing cicd education master of science bachelor of science computer science computer science princeton international school of mathematics and science new york university bachelor of science bsc in mechanical engineering diploma in mechanical experience 2 to 5 years computer science teacher software engineer junior software engineer machinery maintenance troubleshooting report preparation log maintenance machinery maintenance troubleshooting report preparation log maintenance 2017 2014 2012 current 2017 2014,"['target', 'position', 'mechanical', 'engineer', 'objective', 'dedicated', 'well', 'rounded', 'software', 'engineer', 'passion', 'math', 'computer', 'science', 'elite', 'education', 'bringing', 'year', 'teaching', 'expertise', 'help', 'amazon', 'career', 'fulfillment', 'student', 'feel', 'joy', 'pride', 'comprehensive', 'javascript', 'computer', 'science', 'program', 'past', 'high', 'school', 'student', 'eager', 'teach', 'basic', 'get', 'student', 'tool', 'need', 'foster', 'passion', 'reach', 'goal', 'skill', 'html', 'cs', 'javascript', 'angular', 'python', 'git', 'algorithm', 'design', 'technical', 'writing', 'data', 'analysis', 'interpersonal', 'communication', 'patience', 'maintenance', 'troubleshooting', 'mechanical', 'javascript', 'teaching', 'program', 'development', 'technical', 'support', 'database', 'design', 'software', 'testing', 'agile', 'scrum', 'code', 'writing', 'cicd', 'education', 'master', 'science', 'bachelor', 'science', 'computer', 'science', 'computer', 'science', 'princeton', 'international', 'school', 'mathematics', 'science', 'new', 'york', 'university', 'bachelor', 'science', 'bsc', 'mechanical', 'engineering', 'diploma', 'mechanical', 'experience', 'year', 'computer', 'science', 'teacher', 'software', 'engineer', 'junior', 'software', 'engineer', 'machinery', 'maintenance', 'troubleshooting', 'report', 'preparation', 'log', 'maintenance', 'machinery', 'maintenance', 'troubleshooting', 'report', 'preparation', 'log', 'maintenance', 'current']",target position mechanical engineer objective dedicated well rounded software engineer passion math computer science elite education bringing year teaching expertise help amazon career fulfillment student feel joy pride comprehensive javascript computer science program past high school student eager teach basic get student tool need foster passion reach goal skill html cs javascript angular python git algorithm design technical writing data analysis interpersonal communication patience maintenance troubleshooting mechanical javascript teaching program development technical support database design software testing agile scrum code writing cicd education master science bachelor science computer science computer science princeton international school mathematics science new york university bachelor science bsc mechanical engineering diploma mechanical experience year computer science teacher software engineer junior software engineer machinery maintenance troubleshooting report preparation log maintenance machinery maintenance troubleshooting report preparation log maintenance current
cand_00026,26,Sr.Officer / Executive - Internal Audit,"Target position: Sr.Officer / Executive - Internal Audit Objective: Skills: econometrics, data analytics, data modeling, data validation, data reporting, business intelligence, data manipulation, data mining, machine learning, r programming, sql, oracle, scorecard, ifrs, having cacc from reputed ca firm, internal audit and compliance Education: ['B.A (Economics)', 'MSc (Economics)'] ['Economics', 'Economics'] ['Shaheed Bhagat Singh College (M), University of Delhi', 'Indian Statistical Institute (ISI), Delhi'] Master of Commerce (MCom) in Accounting, Must have CACC certification from any CA firm Experience: 2 to 4 years ['Finance Technology Expert'] Internal Audit Assistance Voucher & Bill Verification Cost Sheet Analysis L/C Voucher Verification Expense Verification Salary & Wages Verification Market Rate Verification Internal Audit Assistance Voucher & Bill Verification Cost Sheet Analysis L/C Voucher Verification Expense Verification Salary & Wages Verification Market Rate Verification ['Nov 2019'] ['Till Date']","[""econometrics"", ""data analytics"", ""data modeling"", ""data validation"", ""data reporting"", ""business intelligence"", ""data manipulation"", ""data mining"", ""machine learning"", ""r programming"", ""sql"", ""oracle"", ""scorecard"", ""ifrs"", ""having cacc from reputed ca firm"", ""internal audit and compliance""]","[""econometrics"", ""data analytics"", ""data modeling"", ""data validation"", ""data reporting"", ""business intelligence"", ""data manipulation"", ""data mining"", ""machine learning"", ""r programming"", ""sql"", ""oracle"", ""scorecard"", ""ifrs"", ""having cacc from reputed ca firm"", ""internal audit and compliance""]","['B.A (Economics)', 'MSc (Economics)'] ['Economics', 'Economics'] ['Shaheed Bhagat Singh College (M), University of Delhi', 'Indian Statistical Institute (ISI), Delhi'] Master of Commerce (MCom) in Accounting, Must have CACC certification from any CA firm","2 to 4 years ['Finance Technology Expert'] Internal Audit Assistance
Voucher & Bill Verification
Cost Sheet Analysis
L/C Voucher Verification
Expense Verification
Salary & Wages Verification
Market Rate Verification Internal Audit Assistance
Voucher & Bill Verification
Cost Sheet Analysis
L/C Voucher Verification
Expense Verification
Salary & Wages Verification
Market Rate Verification ['Nov 2019'] ['Till Date']",4.0,INFORMATION-TECHNOLOGY,"[0.016138475388288498, 0.01740374229848385, -0.010387711226940155, -0.004002022091299295, 0.014921433292329311, 0.02306388132274151, -0.08211027830839157, 0.04613732919096947, 0.030874960124492645, -0.03875650092959404, -0.023551005870103836, 0.024746563285589218, 4.176053334958851e-05, 0.04371284320950508, 0.008812586776912212, 0.044889457523822784, 0.025491811335086823, 0.01895112544298172, -0.02483668550848961, 0.0009740504901856184, 0.010260496288537979, 0.004910105839371681, -0.05480045825242996, -0.005953073967248201, -0.010026765987277031, -0.009111804887652397, 0.009623225778341293, 0.030064061284065247, -0.027083922177553177, -0.024037564173340797, 0.05105181410908699, -0.018641099333763123, -0.0006800810806453228, -0.02543512172996998, 1.8647426713869208e-06, -0.027437366545200348, -0.030364707112312317, -0.0027083212044090033, 0.010748078115284443, 0.002246144227683544, 0.017849700525403023, -0.021775752305984497, 0.03948838263750076, 0.009136652573943138, -0.0025764189194887877, 0.05045385658740997, 0.007423648610711098, 0.0015969277592375875, 0.034334272146224976, 0.06448683887720108, 0.008752666413784027, -0.056700266897678375, -0.018480250611901283, -0.029336437582969666, -0.06346233189105988, -0.10377100855112076, 0.0074533941224217415, 0.007554570212960243, 0.005986078642308712, -0.01730281487107277, -0.04086114466190338, -0.049724508076906204, -0.0006559262983500957, -0.03403367102146149, 0.06715656816959381, -0.000621218525338918, 0.01819104328751564, 0.0022698750253766775, -0.013004559092223644, -0.03156707063317299, 0.025942422449588776, -0.009720522910356522, -0.010516498237848282, 0.0232576671987772, 0.024550365284085274, -0.016270827502012253, 0.011130879633128643, -0.0329635925590992, -0.01105719618499279, 0.002224954776465893, 0.05519620701670647, 0.05025605484843254, -0.04583639279007912, -0.05025964230298996, 0.06659162789583206, -0.01986447535455227, 0.0031877378933131695, -0.027633555233478546, 0.06531823426485062, 0.005600412841886282, 0.04441472515463829, 0.015250100754201412, -0.03407532721757889, 0.030718950554728508, -0.026389887556433678, 0.007701312657445669, 0.029881427064538002, -0.01026567816734314, 0.03842533007264137, 0.030369769781827927, -0.00011834397446364164, -0.018756121397018433, 0.03580819442868233, -0.002003689296543598, -0.02466699108481407, 0.0727773979306221, 0.0012091912794858217, 0.07843361794948578, -0.036830294877290726, -0.018036285415291786, 0.025140540674328804, -0.035676259547472, -0.040038660168647766, -0.04579348489642143, -0.010918224230408669, 0.051981110125780106, -0.0512385331094265, -0.029673408716917038, 0.005868887063115835, -0.00817256048321724, 0.06880534440279007, -0.01347699947655201, 0.03745259344577789, 0.02854907512664795, -0.022017231211066246, -0.06145528331398964, 0.009983425959944725, 0.018748393282294273, 0.005096329841762781, 0.026948465034365654, -0.017820244655013084, -0.0009547888184897602, -0.0013764264294877648, -0.00012782173871528357, -0.015301407314836979, 0.015163954347372055, 0.0061875018291175365, 0.054846473038196564, -0.026188688352704048, 0.04791933670639992, -0.007979112677276134, -0.030943233519792557, -0.003992350772023201, -0.0025734403170645237, -0.025259654968976974, -0.08403077721595764, -0.010996675118803978, 0.043172746896743774, 0.005925471428781748, -0.003465298330411315, -0.009952293708920479, -0.008771741762757301, -0.03143942728638649, -0.045071035623550415, 0.0071230437606573105, 0.01650284044444561, 0.0957120805978775, -0.012860997579991817, -0.03282046690583229, -0.03999140486121178, 0.010414129123091698, -0.0163944773375988, 0.02503422647714615, 0.038108907639980316, -0.025585420429706573, 0.025005020201206207, 0.009063835255801678, 0.07726489007472992, 0.0008351760916411877, -0.012830882333219051, 0.017525656148791313, -0.0314253568649292, -0.045105185359716415, 0.023192239925265312, -0.008609257638454437, -0.008920268155634403, 0.03918859362602234, -0.09221914410591125, 0.0024604029022157192, -0.024120446294546127, 0.017771242186427116, -0.08424679189920425, 0.026275264099240303, 0.02791265770792961, 0.030757956206798553, 0.038898371160030365, 0.019319167360663414, -0.029574593529105186, -0.04772656038403511, -0.02802151069045067, 0.007716478779911995, 0.0007196131045930088, -0.10849572718143463, 0.000754963606595993, 0.01499954704195261, 0.04893726855516434, -0.06285816431045532, -0.07884949445724487, 0.030812161043286324, -0.039774730801582336, -0.03271530196070671, -0.0056535485200583935, 0.05760544538497925, -0.05246486887335777, 0.04493660852313042, -0.004118430893868208, -0.014347267337143421, -0.06689939647912979, -0.03787022456526756, 0.030620072036981583, 0.03840068355202675, -0.015236478298902512, -0.03861232101917267, -0.011484833434224129, -0.006686970591545105, 0.011343344114720821, -0.02304631471633911, -0.01195648591965437, 0.021168503910303116, -0.06351552158594131, -0.02248574234545231, 0.03946046903729439, -0.03629074990749359, 0.03734976798295975, 0.03827274218201637, -0.05012879893183708, 0.015686405822634697, 0.002013998106122017, 0.03674815595149994, 0.034523628652095795, 0.020642930641770363, -0.007384882774204016, -0.0046948096714913845, 0.008049486204981804, 0.016015542671084404, -0.03732442483305931, 0.0280630923807621, -0.0363558828830719, -0.025813832879066467, -0.01966836117208004, -0.02657652460038662, -0.02868662402033806, 0.02341383323073387, -0.001085994066670537, -0.018946213647723198, -0.006590397097170353, -0.013108670711517334, -0.008582893759012222, 0.03537342697381973, -0.0025800266303122044, -0.001249166438356042, 0.08135990053415298, 0.02806992083787918, 0.04402289539575577, -0.0143629414960742, -0.01266373973339796, 0.02123294770717621, 0.018273159861564636, -0.07098518311977386, 0.039254091680049896, -0.06525836884975433, -0.061311814934015274, 2.714403672143817e-05, 0.03174559399485588, 0.08071724325418472, -0.04076481610536575, -0.04221946373581886, -0.0009079520241357386, -0.009797810576856136, 0.02047143504023552, -0.0024021833669394255, 0.03214079886674881, 0.0020276301074773073, -0.008996080607175827, 0.019142594188451767, -0.04268087446689606, -0.02871588058769703, 0.042580507695674896, -0.02748974785208702, 0.03238965943455696, 0.007570632267743349, -0.08345828205347061, 0.03674333170056343, -0.0009393133805133402, -0.0074460175819695, 0.04264478757977486, 0.025718485936522484, 0.041409239172935486, -0.004789628554135561, 0.04325653240084648, 0.010217665694653988, 0.007507885806262493, 0.029975786805152893, -0.045004360377788544, -0.04085255041718483, 0.02794797159731388, -0.045672446489334106, 0.05081356316804886, -0.03339272737503052, 0.019509203732013702, -0.04325135424733162, -0.007468346040695906, 0.03338821604847908, -0.016293136402964592, 0.10698253661394119, 0.05093616247177124, 0.01008047815412283, 0.05577211454510689, 0.04378833621740341, -0.03727511316537857, -0.018160823732614517, 0.0044163367711007595, 0.02898661606013775, -0.012789955362677574, 0.011469630524516106, -0.05091354250907898, -0.03003258816897869, -0.02835823968052864, -0.053790949285030365, 0.0367475263774395, -0.032723985612392426, 0.0068144844844937325, -0.0788172259926796, -0.048381220549345016, 0.008334445767104626, -0.04089971259236336, -0.058239057660102844, -0.024334270507097244, 0.01218242198228836, -0.03582863137125969, 0.004354300908744335, -0.032875970005989075, 0.011573544703423977, -0.05084466561675072, -0.021454837173223495, -0.017422156408429146, 0.007705554366111755, -0.049774978309869766, 0.030396271497011185, -0.005210621748119593, -0.037067100405693054, -0.000882392399944365, -0.03478328883647919, 0.012607245706021786, 0.059460803866386414, 0.013065550476312637, -0.0180827584117651, 0.04566110298037529, -0.005304779391735792, 0.05726788938045502, -0.009935721755027771, 0.06437332183122635, 0.03347403183579445, -0.018106479197740555, -0.039795007556676865, -0.02317771688103676, 0.08886446803808212, -0.031097279861569405, 0.011869730427861214, -0.07859723269939423, -0.00599304586648941, -0.004783849697560072, 0.015271199867129326, 0.01226996723562479, 0.00858402345329523, -0.0034584952518343925, 0.012039780616760254, -0.0050309645012021065, 0.027893977239727974, -0.01192366424947977, -0.013411987572908401, -0.00919493567198515, -0.039375223219394684, -0.002523571252822876, -0.014381058514118195, -0.03711109235882759, -0.028472617268562317, 0.0020267325453460217, -0.0820707157254219, 0.017727555707097054, 0.05379566177725792, -0.024723052978515625, 0.06892893463373184, 0.038829658180475235, -0.017955956980586052, -0.06606584042310715, -0.006256756838411093, -0.03584528714418411, -0.033086344599723816, 0.051159005612134933, 0.03113510087132454, 0.02649296261370182, -0.07697053998708725, -0.022816281765699387, -0.003057439113035798, -0.01403312012553215, -0.007315170019865036, 0.02357787825167179, 0.01957583613693714, -0.05024180933833122, 0.024487243965268135, -0.04181913658976555, 0.06607051938772202, 0.025216344743967056, -0.021245425567030907, -0.01664990931749344, 0.0660240426659584, 0.0061201052740216255, -0.001534513896331191, 0.04717244207859039, 0.025188323110342026, -0.006031114608049393, -0.05561208352446556, 0.0552477166056633, -0.009202942252159119, -0.03894304111599922, -0.016851577907800674, 0.05933412164449692, 0.04940863698720932, -0.05042868107557297, 0.0716678723692894, 0.04161712899804115, 0.023633532226085663, 0.05431922525167465, 0.03178446367383003, -0.008478250354528427, 0.00620054267346859, -0.03303602337837219, 0.03205304220318794, -0.015027983114123344, -0.030265849083662033, 0.03775276988744736, 0.02655843272805214, -0.005347393453121185, -0.030778314918279648, 0.027992432937026024, 0.05230410397052765, -0.03775830566883087, -0.0014942880952730775, 0.013971980661153793, -0.02245474047958851, 0.0386560820043087, 0.05022687464952469, 0.03287233039736748, 0.02850854955613613, -0.020281190052628517, -0.06462061405181885, 0.07493603974580765, -0.040380559861660004, -0.09622488915920258, 0.11056600511074066, -0.05849790573120117, 0.014772087335586548, -0.039784226566553116, 0.057373709976673126, -0.04788210988044739, 0.005315239541232586, 0.048020023852586746, 0.014544272795319557, -0.021825971081852913, 0.016089918091893196, 0.01148925255984068, -0.001821352867409587, -0.050245463848114014, 0.005169282667338848, 0.030756806954741478, -0.06035882607102394, -0.05689998343586922, -0.032984666526317596, -0.03997967392206192, 0.04274026304483414, 0.01090361550450325, -0.03142914921045303, -0.03909264877438545, -0.004578510299324989, 0.0052541447803378105, -0.0010922455694526434, 0.07628581672906876, -0.05150428041815758, 0.05841218680143356, 0.0004005410592071712, -0.07343416661024094, 0.05370106175541878, 0.0034923471976071596, -0.004236232489347458, 0.017540445551276207, -0.015065205283463001, 0.010032064281404018, 0.03194020316004753, -0.067812979221344, 0.09962764382362366, 0.027150580659508705, 0.020808620378375053, -0.03666670620441437, 0.035203780978918076, -0.007324038539081812, -0.01775568723678589, 0.024744613096117973, -0.002452641259878874, 0.07641661167144775, -0.03044130466878414, -0.048244912177324295, 0.004400857258588076, -0.06929170340299606, -0.023942142724990845, -0.03462893143296242, -0.036720097064971924, 0.026031408458948135, -0.040349241346120834, 0.05297234654426575, -0.015162987634539604, -0.0024025682359933853, -0.004834507126361132, 0.12688042223453522, 0.01818908378481865, 0.025523966178297997, 0.008551637642085552, -0.06197117269039154, -0.01262256782501936, -0.014102709479629993, 0.00033307442208752036, 0.002989844186231494, -0.0018338809022679925, 0.019665062427520752, -0.043804965913295746, 0.03910103440284729, 0.03414659947156906, -0.002399077173322439, 0.011148929595947266, 0.02776629477739334, 0.009714769199490547, -0.035969484597444534, -0.09047537297010422, 0.012326192110776901, -0.007849651388823986, 0.046641260385513306, 0.051767874509096146, 0.020920712500810623, 0.048235513269901276, 0.021865731105208397, -0.006179124116897583, -0.018161645159125328, 0.04530148208141327, 0.0030886344611644745, -0.021241288632154465, 0.00982693862169981, -0.06111263483762741, 0.008486943319439888, 0.01936943829059601, 0.006467127241194248, -0.001264954567886889, -0.08753260970115662, 0.027648018673062325, -0.018621176481246948, 0.00273446599021554, -4.697574442261351e-33, -0.0001590717729413882, -0.010096163488924503, 0.04107055813074112, 0.0020159329287707806, 0.027130169793963432, 0.0023247648496180773, 0.013068478554487228, -0.06523630023002625, -0.01270774845033884, 0.013097831048071384, -0.02747076004743576, -0.0019314276287332177, -0.004198151174932718, 0.015526700764894485, -0.0017536263912916183, 0.05237959697842598, -0.013816645368933678, -0.002766873687505722, -0.004650818649679422, -0.06925763189792633, -0.054571978747844696, 0.007624768652021885, -0.00032037185155786574, 0.012674029916524887, 0.0311184860765934, -0.016147371381521225, 0.013176453299820423, 0.050511401146650314, 0.014272146858274937, 0.037818022072315216, 0.05253870412707329, -0.08035536110401154, -0.006610083393752575, 0.014735957607626915, 0.023209236562252045, -0.006997399963438511, -0.029566863551735878, -0.0510719008743763, -0.0119093619287014, 0.056273508816957474, -0.0011676964350044727, -0.025746045634150505, 0.038354601711034775, 0.015159429982304573, -0.012581869028508663, -0.022532803937792778, -0.034493930637836456, 0.021848760545253754, 0.04314946010708809, -0.04242422804236412, -0.04261759668588638, 0.0047416952438652515, -0.01808977499604225, 0.03747234120965004, -0.0761137306690216, 0.04765870422124863, 0.0022215591743588448, -0.062200356274843216, 0.008244370110332966, -0.005796332377940416, -0.01168572437018156, 0.03250536322593689, -0.025884266942739487, 0.010079429484903812, -0.004160379525274038, 0.002584546571597457, 0.052942972630262375, -0.014028879813849926, -0.009129010140895844, -0.006043725647032261, 0.010453222319483757, 0.026908503845334053, -0.06431782245635986, 0.017637768760323524, -0.035828445106744766, -0.06680262833833694, -0.03554725646972656, 0.02054451033473015, 0.042778294533491135, -0.003052982734516263, 0.028408581390976906, 0.0022250323090702295, -0.03291412442922592, 0.010818244889378548, 0.040513668209314346, -0.0020292368717491627, -0.02687787637114525, 0.04855142533779144, 0.05936092883348465, 0.013641491532325745, 0.046614110469818115, -0.0323076993227005, -0.02792349085211754, 0.012190114706754684, 0.0935019701719284, -0.03829028457403183, 0.057856395840644836, 0.02369748242199421, 0.017381027340888977, -0.0034224085975438356, -0.01191096380352974, 0.004560296889394522, 0.03032255545258522, -0.004987756721675396, 0.008006609044969082, 0.012652461417019367, -0.003227553330361843, -0.035594094544649124, -0.04002639651298523, 0.008442850783467293, 0.022798659279942513, 0.03559030592441559, 0.030316052958369255, -0.012347178533673286, -0.04612124711275101, -0.0020574552472680807, 0.011988203972578049, -0.04828852787613869, 0.03275737911462784, 0.003377879038453102, 0.07170726358890533, 0.00263999798335135, 0.03734290972352028, -0.018993522971868515, 0.008145338855683804, -0.010691726580262184, 0.03861425444483757, -0.04985617846250534, -0.00621753977611661, -0.03323392942547798, 0.011837723664939404, 0.018014512956142426, 2.487998074229836e-07, 0.006819592323154211, -0.0063053579069674015, -0.048379477113485336, -0.01895155757665634, -0.02908865362405777, -0.0661192238330841, -0.017497826367616653, -0.017854981124401093, -0.03903432935476303, -0.01172003336250782, -0.0260078813880682, -0.02306240424513817, -0.007896237075328827, -0.023274939507246017, -0.032289959490299225, -0.03167841583490372, -0.018677478656172752, -0.00947638787329197, -0.029781609773635864, 0.006965989246964455, -0.04574819281697273, 0.033499233424663544, 0.039652448147535324, -0.047128867357969284, -0.006643256172537804, -0.04082956537604332, -0.02205379121005535, 0.039079777896404266, -0.05323450639843941, 0.05450031906366348, 0.044599369168281555, 0.0032819316256791353, 0.024035707116127014, 0.06461277604103088, 9.560307080391794e-05, 0.05069922283291817, 0.07566960901021957, 0.05151387304067612, -0.00945335067808628, 0.00546160526573658, 0.023775087669491768, -0.014936708845198154, -0.014465752057731152, 0.012334045022726059, 0.0626189261674881, 0.05828754976391792, -0.022048110142350197, -0.028727464377880096, -0.06513407826423645, 0.02503341995179653, -0.02740529738366604, 0.05129608139395714, -0.03358697146177292, -0.0344221256673336, 0.017230268567800522, -0.06008385494351387, -0.036301203072071075, 0.059189219027757645, 0.08181937038898468, 0.0061207422986626625, 0.009327160194516182, -0.005576456431299448, 0.01988133415579796, 0.03838057816028595, 0.0714791789650917, -0.032981276512145996, 0.00547791039571166, 2.531456701443307e-34, 0.032380711287260056, -0.024836760014295578, 0.02368229813873768, -0.03908449411392212, 0.08235681802034378, -0.04734845831990242, -0.01178666204214096, 0.02826140634715557, 0.01478803064674139, -0.0321488119661808, -0.02888447977602482]","{'Experience': "": 2 to 4 years ['Finance Technology Expert'] Internal Audit Assistance Voucher & Bill Verification Cost Sheet Analysis L/C Voucher Verification Expense Verification Salary & Wages Verification Market Rate Verification Internal Audit Assistance Voucher & Bill Verification Cost Sheet Analysis L/C Voucher Verification Expense Verification Salary & Wages Verification Market Rate Verification ['Nov 2019'] ['Till Date']"", 'Education': "": ['B.A (Economics)', 'MSc (Economics)'] ['Economics', 'Economics'] ['Shaheed Bhagat Singh College (M), University of Delhi', 'Indian Statistical Institute (ISI), Delhi'] Master of Commerce (MCom) in Accounting, Must have CACC certification from any CA firm"", 'Skills': ': econometrics, data analytics, data modeling, data validation, data reporting, business intelligence, data manipulation, data mining, machine learning, r programming, sql, oracle, scorecard, ifrs, having cacc from reputed ca firm, internal audit and compliance'}",target position sr.officer executive internal audit objective skills econometrics data analytics data modeling data validation data reporting business intelligence data manipulation data mining machine learning r programming sql oracle scorecard ifrs having cacc from reputed ca firm internal audit and compliance education b.a economics msc economics economics economics shaheed bhagat singh college m university of delhi indian statistical institute isi delhi master of commerce mcom in accounting must have cacc certification from any ca firm experience 2 to 4 years finance technology expert internal audit assistance voucher bill verification cost sheet analysis l c voucher verification expense verification salary wages verification market rate verification internal audit assistance voucher bill verification cost sheet analysis l c voucher verification expense verification salary wages verification market rate verification nov 2019 till date,"['target', 'position', 'sr', 'officer', 'executive', 'internal', 'audit', 'objective', 'skill', 'econometrics', 'data', 'analytics', 'data', 'modeling', 'data', 'validation', 'data', 'reporting', 'business', 'intelligence', 'data', 'manipulation', 'data', 'mining', 'machine', 'learning', 'r', 'programming', 'sql', 'oracle', 'scorecard', 'ifrs', 'cacc', 'reputed', 'ca', 'firm', 'internal', 'audit', 'compliance', 'education', 'b', 'economics', 'msc', 'economics', 'economics', 'economics', 'shaheed', 'bhagat', 'singh', 'college', 'university', 'delhi', 'indian', 'statistical', 'institute', 'isi', 'delhi', 'master', 'commerce', 'mcom', 'accounting', 'must', 'cacc', 'certification', 'ca', 'firm', 'experience', 'year', 'finance', 'technology', 'expert', 'internal', 'audit', 'assistance', 'voucher', 'bill', 'verification', 'cost', 'sheet', 'analysis', 'l', 'c', 'voucher', 'verification', 'expense', 'verification', 'salary', 'wage', 'verification', 'market', 'rate', 'verification', 'internal', 'audit', 'assistance', 'voucher', 'bill', 'verification', 'cost', 'sheet', 'analysis', 'l', 'c', 'voucher', 'verification', 'expense', 'verification', 'salary', 'wage', 'verification', 'market', 'rate', 'verification', 'nov', 'till', 'date']",target position sr officer executive internal audit objective skill econometrics data analytics data modeling data validation data reporting business intelligence data manipulation data mining machine learning r programming sql oracle scorecard ifrs cacc reputed ca firm internal audit compliance education b economics msc economics economics economics shaheed bhagat singh college university delhi indian statistical institute isi delhi master commerce mcom accounting must cacc certification ca firm experience year finance technology expert internal audit assistance voucher bill verification cost sheet analysis l c voucher verification expense verification salary wage verification market rate verification internal audit assistance voucher bill verification cost sheet analysis l c voucher verification expense verification salary wage verification market rate verification nov till date
cand_00027,27,Management Trainee - Mechanical,"Target position: Management Trainee - Mechanical Objective: Skills: software development, machine learning, deep learning, risk assessment, requirement gathering, application support, javascript, python, docker, html, hive, css, c++, computer skill, good communication skills, mechanical engineering, quick learner and hard working, unified payment interface, risk prediction, big data, spark, pyspark Education: ['B.Tech'] ['Electronics/Telecommunication'] ['Birla Institute of Technology (BIT), Ranchi'] Fresh graduates with a Bachelor’s degree in Mechanical Engineering or a related field. Experience: ['Software Developer (Machine Learning Engineer)'] Management Trainee Mechanical Systems Maintenance & Troubleshooting Performance Analysis Project Support Process Improvement Training & Development Administrative Support Management Trainee Mechanical Systems Maintenance & Troubleshooting Performance Analysis Project Support Process Improvement Training & Development Administrative Support ['June 2018'] ['Till Date']","[""software development"", ""machine learning"", ""deep learning"", ""risk assessment"", ""requirement gathering"", ""application support"", ""javascript"", ""python"", ""docker"", ""html"", ""hive"", ""css"", ""c++"", ""computer skill"", ""good communication skills"", ""mechanical engineering"", ""quick learner and hard working"", ""unified payment interface"", ""risk prediction"", ""big data"", ""spark"", ""pyspark""]","[""software development"", ""machine learning"", ""deep learning"", ""risk assessment"", ""requirement gathering"", ""application support"", ""javascript"", ""python"", ""docker"", ""html"", ""hive"", ""css"", ""c++"", ""computer skill"", ""good communication skills"", ""mechanical engineering"", ""quick learner and hard working"", ""unified payment interface"", ""risk prediction"", ""big data"", ""spark"", ""pyspark""]","['B.Tech'] ['Electronics/Telecommunication'] ['Birla Institute of Technology (BIT), Ranchi'] Fresh graduates with a Bachelor’s degree in Mechanical Engineering or a related field."," ['Software Developer (Machine Learning Engineer)'] Management Trainee
Mechanical Systems
Maintenance & Troubleshooting
Performance Analysis
Project Support
Process Improvement
Training & Development
Administrative Support Management Trainee
Mechanical Systems
Maintenance & Troubleshooting
Performance Analysis
Project Support
Process Improvement
Training & Development
Administrative Support ['June 2018'] ['Till Date']",0.0,INFORMATION-TECHNOLOGY,"[0.03416820988059044, -0.021514343097805977, -0.05371430888772011, -0.0240517258644104, 0.06132711097598076, 0.005232286639511585, -0.06834354251623154, 0.04285011813044548, -0.06805666536092758, -0.046745073050260544, 0.04596807435154915, 0.03622090443968773, 0.008045990951359272, 0.073088638484478, 0.03568115830421448, 0.004810680169612169, -0.016539212316274643, 0.021471355110406876, -0.04333470016717911, 0.014262472279369831, -0.016572261229157448, 0.017902759835124016, -0.04733700305223465, -0.006219052243977785, -0.028301255777478218, 9.62490084930323e-05, 0.030728036537766457, -0.010274266824126244, 0.02223246917128563, -0.013475477695465088, 0.01978001743555069, -0.017477907240390778, 0.029057510197162628, -0.03880641609430313, 2.1685768842871767e-06, -0.005592086352407932, 0.037116341292858124, -0.002593959914520383, 0.009328330866992474, -0.0340573787689209, -0.0017922702245414257, -0.06725003570318222, -0.00018460085266269743, 0.03212665021419525, -0.012943909503519535, 0.024596242234110832, 0.020585691556334496, 0.026935266330838203, 0.009752375073730946, 0.07788681238889694, 0.015427418053150177, 0.012375871650874615, -0.024664930999279022, -0.013188804499804974, -0.0025852348189800978, -0.06117522343993187, -0.01363022904843092, 0.0056298174895346165, 0.049526721239089966, 0.011247857473790646, -0.020781299099326134, -0.019192593172192574, -0.016888536512851715, -0.03207812458276749, 0.07367777079343796, 0.04826231673359871, 0.05040843039751053, -0.032851289957761765, 0.038335300981998444, -0.02461099624633789, 0.043243568390607834, -0.036492083221673965, -0.02508147433400154, -0.0033334800973534584, -0.013814493082463741, 0.016019783914089203, 0.00487316120415926, 0.019581841304898262, -0.006881327833980322, 0.016021860763430595, -0.03912712261080742, 0.038503628224134445, -0.04389603063464165, -0.03215877339243889, 0.04116778448224068, 0.036752648651599884, -0.039339181035757065, -0.0053072706796228886, 0.042661041021347046, -0.008992037735879421, 0.07765422761440277, 0.03952721133828163, -0.008663672022521496, 0.03259960189461708, -0.05229013413190842, -0.015982691198587418, 0.0401652455329895, -0.03787761554121971, 0.034961845725774765, -0.030108584091067314, -0.03742928057909012, 0.03454876318573952, 0.06501814723014832, 0.007017993368208408, -0.03374859318137169, 0.006461004726588726, 0.010479453019797802, 0.011487159878015518, -0.041998062282800674, -0.00547378184273839, 0.001804843544960022, -0.00829482451081276, -0.03465675935149193, -0.047801800072193146, 0.01059668604284525, 0.0727299228310585, -0.017342539504170418, 0.019866470247507095, 0.004496562294661999, -0.028557561337947845, 0.05292554944753647, 0.013456853106617928, -0.02306157909333706, 0.03763462230563164, -0.058461882174015045, -0.027360953390598297, -0.0008931030170060694, 0.0287268478423357, 0.01636493019759655, 0.002390338806435466, -0.0008489122265018523, 0.00934574007987976, 0.014659448526799679, -0.03357788547873497, 0.0016852524131536484, 0.04311833530664444, -0.028611019253730774, 0.0761520117521286, -0.07456592470407486, 0.03838584944605827, 0.02108100801706314, -0.010601318441331387, -0.025528479367494583, 0.03795792534947395, -0.01516904029995203, -0.02546514943242073, -0.0249751228839159, 0.05058133974671364, 0.03381415456533432, 0.008265586569905281, 0.002355046570301056, -0.042801473289728165, 0.0010090257273986936, -0.007296617608517408, 0.02541729062795639, 0.005732128396630287, 0.025564761832356453, 0.005843830294907093, -0.02344389818608761, 0.061111848801374435, -0.027506060898303986, -0.025168124586343765, 0.008530935272574425, 0.03584439679980278, -0.050824906677007675, -0.019917836412787437, 0.04658626392483711, 0.03355548903346062, -0.015422218479216099, 0.0370958112180233, 0.02537347562611103, -0.051187675446271896, 0.006051354575902224, 0.08312907814979553, -0.03187050670385361, -0.020200537517666817, 0.05864092707633972, -0.01669338345527649, 0.02245199866592884, 0.041809193789958954, -0.01940409652888775, -0.1267179548740387, 0.04437576234340668, 0.037259556353092194, 0.0010650187032297254, 0.01684720069169998, -0.02398792840540409, 0.03783823922276497, -0.025343241170048714, 0.02412376180291176, 0.023353243246674538, -0.014215749688446522, -0.06084320694208145, 0.0013944394886493683, 0.059799518436193466, 0.01556477788835764, -0.05653576925396919, -0.024874230846762657, 0.010718047618865967, -0.015370079316198826, -0.032802898436784744, -0.0056424387730658054, -0.015272503718733788, -0.020905165001749992, 0.05725361779332161, -0.06761301308870316, -0.056633271276950836, -0.06334952265024185, -0.05435233935713768, 0.0024285386316478252, 0.040827326476573944, -0.020451704040169716, -0.00166320672724396, 0.004151835571974516, -0.022968841716647148, 0.015565585345029831, -0.017439935356378555, -0.01780662126839161, -0.0014133238000795245, -0.0374329574406147, -0.01735018379986286, 0.00034797104308381677, -0.05228859931230545, 0.014772341586649418, 0.03555441275238991, 0.0058444165624678135, 0.018826542422175407, -0.00011928965977858752, 0.031871672719717026, 0.0244051031768322, 0.0336776077747345, -0.009774365462362766, 0.018808798864483833, -0.011431969702243805, 0.02102886140346527, 0.005690986756235361, -0.008927828632295132, 0.010784121230244637, 0.009397728368639946, -0.005381935276091099, -0.05476170778274536, 0.011861611157655716, -0.0013993926113471389, -0.013365407474339008, -0.0010628667660057545, 0.010946175083518028, -0.04309400916099548, 0.030051875859498978, 0.020744750276207924, -0.0045302268117666245, 0.0064789773896336555, 0.005805995315313339, 0.017702722921967506, 0.10034196823835373, -0.01309263240545988, -0.032861705869436264, -0.044582318514585495, 0.05507552996277809, -0.10408895462751389, -0.023251520469784737, 0.03197016194462776, -0.06740720570087433, 0.046978022903203964, 0.0006634630844928324, 0.05339987576007843, -0.03600050508975983, -0.0008339474443346262, -0.027801206335425377, -0.03586897253990173, 0.042165037244558334, -0.009006946347653866, 0.05453110113739967, 0.02296246588230133, 0.0037262497935444117, -0.014873502776026726, -0.017366524785757065, 0.050008729100227356, 0.029000254347920418, -0.07589511573314667, 0.04641881212592125, 0.04053793475031853, -0.01209250558167696, 0.025874720886349678, 0.031750984489917755, -0.05443987250328064, -0.011099068447947502, 0.03304898738861084, -0.002406763145700097, -0.04540745168924332, 0.06129365786910057, 0.002394462004303932, -0.005134619306772947, 0.008649520576000214, -0.0734856128692627, -0.05807000771164894, 0.0368926040828228, 0.007015157025307417, 0.043825287371873856, 0.0016049189725890756, 0.05265096575021744, -0.010520463809370995, 0.07589276880025864, 0.02996649779379368, -0.007883992977440357, 0.021586915478110313, 0.052108123898506165, 0.021883925423026085, 0.02964039146900177, -0.0016128142597153783, -0.11665739864110947, -0.008430824615061283, 0.019395316019654274, -0.004140858072787523, 0.015710623934864998, 0.043160486966371536, -0.01158461719751358, -0.037369273602962494, 0.05166413262486458, -0.04112498462200165, 0.033978573977947235, -0.0044149900786578655, 0.0025091718416661024, -0.04466187581419945, -0.01450500637292862, 0.025398293510079384, -0.062368202954530716, -0.10995190590620041, -0.00187106488738209, 0.010530602186918259, -0.055893681943416595, 0.02369728498160839, 0.031018685549497604, -0.031424034386873245, -0.046538617461919785, 0.05979270860552788, -0.05454390496015549, 0.0017216936685144901, -0.10147105902433395, 0.024418918415904045, 0.0028901195619255304, -0.022478535771369934, 0.01493928860872984, -0.03678576275706291, 0.008152973838150501, 0.050619158893823624, 0.01925797574222088, 0.0034567206166684628, -0.003219784004613757, -0.006661636754870415, 0.015894761309027672, 0.023004254326224327, 0.03429431468248367, -0.010597157292068005, -0.0013891075504943728, -0.018801895901560783, -0.029580559581518173, 0.06634355336427689, 0.04799333214759827, -0.018528208136558533, 0.021821407601237297, -0.01449872087687254, 0.0017482615076005459, 0.022041350603103638, -0.01822933927178383, -0.04589284583926201, -0.0036200396716594696, 0.0035388749092817307, -0.05020623281598091, 0.03400767222046852, 0.00021724098769482225, -0.02346101403236389, -0.025170089676976204, -0.01225343532860279, -0.01721135713160038, -0.02098514698445797, -0.008148536086082458, -0.01585501804947853, 0.03398016095161438, -0.04036924988031387, 0.03098325990140438, 0.06399257481098175, -0.02450425550341606, 0.0605337992310524, 0.016737917438149452, 0.022629927843809128, -0.015328270383179188, 0.03862624615430832, 0.0024942997843027115, 0.005226459354162216, 0.00036013053613714874, -0.009353370405733585, -0.03331620618700981, -0.10856249183416367, -0.026233531534671783, 0.010563921183347702, 0.004735103342682123, -0.033432792872190475, 0.018626410514116287, 0.02209985814988613, 0.0120753925293684, 0.02511785365641117, 0.045226097106933594, -0.08809972554445267, 0.042630385607481, -0.023659514263272285, -0.008316868916153908, 0.06852060556411743, -0.013777938671410084, -0.042196981608867645, 0.045185163617134094, 0.04823258891701698, 0.015498686581850052, 0.001401984365656972, 0.014518284238874912, 0.008779499679803848, -0.06377606838941574, -0.022172069177031517, 0.0273453239351511, 0.020484933629631996, -0.05400179326534271, 0.040382955223321915, 0.026974963024258614, 0.06791695207357407, -0.017444293946027756, 0.042198296636343, -0.05777136608958244, -0.008584553375840187, -0.002372221788391471, 0.01531281042844057, -0.05823813006281853, -0.033789556473493576, 0.0569617860019207, -0.024624163284897804, 0.020650601014494896, 0.02223001979291439, -0.017802879214286804, 0.03310375288128853, -0.014741290360689163, 0.009966607205569744, 0.03965962678194046, -0.02748841792345047, 0.04029548168182373, 0.06346537172794342, 0.043966859579086304, 0.0393456406891346, 0.025055240839719772, -0.003525378182530403, 0.006587041541934013, -0.042060092091560364, 0.011856576427817345, 0.11368343234062195, -0.07054635137319565, -0.00884159840643406, -0.03280305489897728, -0.026519009843468666, -0.04900146648287773, -0.132832869887352, 0.05045246705412865, 0.01265521440654993, -0.011722899042069912, 0.0304685290902853, 0.028210746124386787, -0.05491254851222038, -0.0451798178255558, -0.05448633432388306, 0.017735125496983528, 0.005127633456140757, -0.0474020354449749, 0.004775841720402241, -0.05611015111207962, 0.010420887731015682, -0.02095208875834942, -0.05021648108959198, -0.017667757347226143, -0.000926622305996716, -0.015821823850274086, -0.036654822528362274, 0.1202651709318161, 0.0018480147700756788, 0.004353105556219816, 0.051433857530355453, -0.019556555896997452, 0.039449382573366165, -0.09608972817659378, -0.022361597046256065, 0.008033225312829018, 0.06690587848424911, 0.0019869706593453884, -0.027844509109854698, 0.019293710589408875, 0.07575736939907074, -0.05110378935933113, 0.017708992585539818, -0.11885583400726318, 0.059561166912317276, -0.01212634239345789, 0.03604256361722946, 0.06988133490085602, -0.03808021545410156, 0.04229649528861046, -0.015457346104085445, 0.0048423041589558125, 0.014654602855443954, -0.042816612869501114, 0.008272727020084858, -0.014555231668055058, -0.0479394868016243, 0.023167813196778297, -0.04043133556842804, -0.011894449591636658, -0.029562996700406075, 0.013142340816557407, -0.009616279043257236, -0.002518927212804556, -0.0009964529890567064, -0.003904287936165929, 0.029770348221063614, -0.05675189942121506, 0.021076850593090057, -0.011969510465860367, 0.016197847202420235, -0.036277495324611664, -0.01749654859304428, 0.009696342051029205, 0.03782552108168602, 0.014835781417787075, 0.008857046253979206, 0.013144120573997498, 0.01444301288574934, 0.023729519918560982, -0.01011271495372057, -0.028283093124628067, -0.021173538640141487, 0.006222962401807308, -0.014121820218861103, 0.06696777790784836, 0.0782720074057579, 0.04667907953262329, 0.022817306220531464, 0.04135690629482269, -0.0005346324760466814, -0.00014772852591704577, -0.008149194531142712, 0.019180918112397194, -0.001776046585291624, -0.05028843879699707, -0.053518157452344894, 0.006824717856943607, 0.013790800236165524, 0.01722147688269615, -0.023021794855594635, -0.041349783539772034, 0.06308401376008987, 0.06805555522441864, -0.032454706728458405, -5.516338583703722e-33, 0.0019951616413891315, -0.015880340710282326, 0.024415727704763412, -0.006666741333901882, -0.035126738250255585, -0.008378603495657444, 0.04620076343417168, -0.030434707179665565, -0.03101792186498642, -0.001629995764233172, -0.005857141688466072, 0.046193014830350876, 0.014452537521719933, 0.020651817321777344, 0.032866597175598145, 0.059806715697050095, 0.007575734984129667, 0.016994362697005272, 0.011560277082026005, -0.028998728841543198, -0.047257766127586365, 0.033042874187231064, 0.020670779049396515, 0.020258869975805283, -0.030813025310635567, -0.03335856646299362, -0.020395392552018166, 0.024890055879950523, 0.015119359828531742, 0.0055992137640714645, 0.034715451300144196, -0.034218285232782364, 0.0235994141548872, -0.027057066559791565, 0.014065412804484367, 0.0028616017661988735, -0.004151797387748957, -0.02061672881245613, -0.033666014671325684, 0.07145708799362183, 0.04434767737984657, -0.0076311551965773106, 0.019451970234513283, -0.030344737693667412, -0.01523594930768013, -0.05776655673980713, 0.03591037914156914, 0.011674106121063232, 0.06526248902082443, -0.01579713635146618, -0.03965545445680618, 0.0071272156201303005, -0.019471794366836548, 0.029366878792643547, -0.0013210721081122756, 0.037947241216897964, 0.016747018322348595, -0.029509862884879112, -0.032081346958875656, -0.028135819360613823, -0.05089176446199417, 0.05734919756650925, 0.02990352362394333, -0.05971438065171242, -0.023967429995536804, -0.011403793469071388, 0.003912420477718115, -0.02589329145848751, 0.02843775786459446, -0.004984117113053799, -0.06207774206995964, 0.06118980795145035, -0.05121913552284241, -0.04488019272685051, 0.025586359202861786, -0.08125878125429153, -0.026185620576143265, 0.007783562410622835, -0.00033495412208139896, 0.035615745931863785, -0.0038496963679790497, 0.037655413150787354, -0.03713085129857063, -0.038366127759218216, 0.03051547147333622, -0.03389190509915352, 0.001708890195004642, -0.01961163990199566, 0.03497609123587608, 0.017286621034145355, 0.0009116942528635263, -0.016849176958203316, -0.04577843099832535, -0.0018667556578293443, 0.08995506912469864, -0.013426586054265499, -0.028673898428678513, -0.02166104130446911, -0.006193095818161964, -0.014664515852928162, -0.02169795148074627, -0.003489714814350009, 0.009108910337090492, 0.0049184332601726055, 0.06966657191514969, 0.021188704296946526, -0.02160007134079933, -0.027218567207455635, -0.026007937267422676, -0.009891334921121597, -0.015090622007846832, -0.028740055859088898, -0.03784782811999321, -0.005101365968585014, -0.059169042855501175, -0.012545044533908367, 0.021419038996100426, -0.0660591572523117, 0.023312656208872795, -0.016039177775382996, 0.0084695341065526, -0.02814427576959133, 0.016576087102293968, -0.02439689449965954, 0.011053485795855522, 0.007278291042894125, -0.00472408439964056, -0.004658052697777748, 0.008837591856718063, -0.04025536775588989, 0.00536902854219079, 0.0287647508084774, 2.5698014383124246e-07, -0.01416043285280466, 0.03431210666894913, -0.021313387900590897, 0.0014520141994580626, -0.0411534383893013, -0.0073819467797875404, -0.04947686940431595, -0.005396693013608456, 0.013235257938504219, 0.05502885952591896, -0.011211026459932327, -0.03312429040670395, -0.012633158825337887, -0.05491522327065468, -0.029315738007426262, -0.05484112352132797, -0.001811527763493359, -0.01302538625895977, -0.03751629218459129, 0.06803933531045914, 0.052653949707746506, 0.06422457844018936, 0.05360597372055054, 0.006888837553560734, 0.016748329624533653, -0.022171948105096817, -0.06225522235035896, 0.000633693125564605, 0.010931815952062607, 0.07449141889810562, 0.03760940209031105, -0.00871759932488203, -0.023507749661803246, 0.046054303646087646, -0.016218705102801323, -0.0008071644115261734, 0.059101346880197525, 0.034832991659641266, -0.001078199245966971, 0.05531444028019905, 0.02346649393439293, 0.02805335633456707, 0.020150797441601753, -0.008348030969500542, 0.00653255358338356, 0.008455698378384113, -0.029477858915925026, -0.03845107927918434, -0.05671926215291023, 0.028260914608836174, -0.026902837678790092, 0.06467708200216293, -0.008701077662408352, -0.05936017259955406, 0.010949617251753807, -0.030622033402323723, -0.07561811059713364, 0.0027475738897919655, 0.03538582846522331, 0.022132910788059235, -0.017164113000035286, -0.05852602422237396, 0.018007395789027214, -0.008698313497006893, 0.07997269183397293, -0.021845348179340363, -0.024587931111454964, 2.892645937421427e-34, 0.014814604073762894, 0.00898666214197874, 0.02042783610522747, 0.004082880914211273, 0.04368084296584129, -0.056288253515958786, 0.02378609962761402, -0.01839347556233406, -0.022904135286808014, -0.02850404754281044, -0.05126063525676727]","{'Experience': "": ['Software Developer (Machine Learning Engineer)'] Management Trainee Mechanical Systems Maintenance & Troubleshooting Performance Analysis Project Support Process Improvement Training & Development Administrative Support Management Trainee Mechanical Systems Maintenance & Troubleshooting Performance Analysis Project Support Process Improvement Training & Development Administrative Support ['June 2018'] ['Till Date']"", 'Education': "": ['B.Tech'] ['Electronics/Telecommunication'] ['Birla Institute of Technology (BIT), Ranchi'] Fresh graduates with a Bachelor’s degree in Mechanical Engineering or a related field."", 'Skills': ': software development, machine learning, deep learning, risk assessment, requirement gathering, application support, javascript, python, docker, html, hive, css, c++, computer skill, good communication skills, mechanical engineering, quick learner and hard working, unified payment interface, risk prediction, big data, spark, pyspark'}",target position management trainee mechanical objective skills software development machine learning deep learning risk assessment requirement gathering application support javascript python docker html hive css c++ computer skill good communication skills mechanical engineering quick learner and hard working unified payment interface risk prediction big data spark pyspark education b.tech electronics telecommunication birla institute of technology bit ranchi fresh graduates with a bachelor s degree in mechanical engineering or a related field. experience software developer machine learning engineer management trainee mechanical systems maintenance troubleshooting performance analysis project support process improvement training development administrative support management trainee mechanical systems maintenance troubleshooting performance analysis project support process improvement training development administrative support june 2018 till date,"['target', 'position', 'management', 'trainee', 'mechanical', 'objective', 'skill', 'software', 'development', 'machine', 'learning', 'deep', 'learning', 'risk', 'assessment', 'requirement', 'gathering', 'application', 'support', 'javascript', 'python', 'docker', 'html', 'hive', 'cs', 'c++', 'computer', 'skill', 'good', 'communication', 'skill', 'mechanical', 'engineering', 'quick', 'learner', 'hard', 'working', 'unified', 'payment', 'interface', 'risk', 'prediction', 'big', 'data', 'spark', 'pyspark', 'education', 'b', 'tech', 'electronics', 'telecommunication', 'birla', 'institute', 'technology', 'bit', 'ranchi', 'fresh', 'graduate', 'bachelor', 'degree', 'mechanical', 'engineering', 'related', 'field', 'experience', 'software', 'developer', 'machine', 'learning', 'engineer', 'management', 'trainee', 'mechanical', 'system', 'maintenance', 'troubleshooting', 'performance', 'analysis', 'project', 'support', 'process', 'improvement', 'training', 'development', 'administrative', 'support', 'management', 'trainee', 'mechanical', 'system', 'maintenance', 'troubleshooting', 'performance', 'analysis', 'project', 'support', 'process', 'improvement', 'training', 'development', 'administrative', 'support', 'june', 'till', 'date']",target position management trainee mechanical objective skill software development machine learning deep learning risk assessment requirement gathering application support javascript python docker html hive cs c++ computer skill good communication skill mechanical engineering quick learner hard working unified payment interface risk prediction big data spark pyspark education b tech electronics telecommunication birla institute technology bit ranchi fresh graduate bachelor degree mechanical engineering related field experience software developer machine learning engineer management trainee mechanical system maintenance troubleshooting performance analysis project support process improvement training development administrative support management trainee mechanical system maintenance troubleshooting performance analysis project support process improvement training development administrative support june till date
cand_00028,28,Machine Learning (ML) Engineer,"Target position: Machine Learning (ML) Engineer Objective: Skills: api, approach, atl, audio, backup, broadcast, c++, cli, com, ca, hardware, concept, content, clients, dynamic html5, editing, xml, ftp, functional, drawing, gui, http, ids, innovation, explorer, ip, javascript, json, lan, mb, c#, mfc, win, windows, 2000, migration, nas, object oriented programming, page, proxy, rendering, san, scrum, servers, specification, team management, threads, troubleshoot, video, video editing, visual c++, workflow, writer, stl, file maps, ipc, tcp, services, web services, rest api, soa, media formats and standards, codec sdk and integration, mpeg-dash, api design and documentation, development process document, peer code review, crash dump analysis, win32, project media management tools, render bank, video effects Education: ['M.S', 'B.E'] ['Computer Science', 'Electronics and Communication Engineering'] ['Illinois Institute of Technology', 'National Institute of Technology'] M.Sc in Computer Science & Engineering or in any relevant discipline from a reputed University Experience: At least 5 year(s) ['Software Engineering Manager', 'Software Engineering Manager', 'Principal Software Engineer', 'Software Engineer'] Machine Learning Leadership Cross-Functional Collaboration Strategy Development ML/NLP Infrastructure Prototype Transformation ML System Design Algorithm Research Application Development Dataset Selection ML Testing Statistical Analysis R&D in ML/NLP Text Representation Data Pipeline Design Statistical Data Analysis Model Training Team Collaboration Research Reporting Algorithm Analysis Machine Learning Leadership Cross-Functional Collaboration Strategy Development ML/NLP Infrastructure Prototype Transformation ML System Design Algorithm Research Application Development Dataset Selection ML Testing Statistical Analysis R&D in ML/NLP Text Representation Data Pipeline Design Statistical Data Analysis Model Training Team Collaboration Research Reporting Algorithm Analysis ['September 2009', 'November 2005', 'August 1997', 'August 1994'] ['Current', 'August 2009', 'October 2005', 'July 1997']","[""api"", ""approach"", ""atl"", ""audio"", ""backup"", ""broadcast"", ""c++"", ""cli"", ""com"", ""ca"", ""hardware"", ""concept"", ""content"", ""clients"", ""dynamic html5"", ""editing"", ""xml"", ""ftp"", ""functional"", ""drawing"", ""gui"", ""http"", ""ids"", ""innovation"", ""explorer"", ""ip"", ""javascript"", ""json"", ""lan"", ""mb"", ""c#"", ""mfc"", ""win"", ""windows"", ""2000"", ""migration"", ""nas"", ""object oriented programming"", ""page"", ""proxy"", ""rendering"", ""san"", ""scrum"", ""servers"", ""specification"", ""team management"", ""threads"", ""troubleshoot"", ""video"", ""video editing"", ""visual c++"", ""workflow"", ""writer"", ""stl"", ""file maps"", ""ipc"", ""tcp"", ""services"", ""web services"", ""rest api"", ""soa"", ""media formats and standards"", ""codec sdk and integration"", ""mpeg-dash"", ""api design and documentation"", ""development process document"", ""peer code review"", ""crash dump analysis"", ""win32"", ""project media management tools"", ""render bank"", ""video effects""]","[""api"", ""approach"", ""atl"", ""audio"", ""backup"", ""broadcast"", ""c++"", ""cli"", ""com"", ""ca"", ""hardware"", ""concept"", ""content"", ""clients"", ""dynamic html5"", ""editing"", ""xml"", ""ftp"", ""functional"", ""drawing"", ""gui"", ""http"", ""ids"", ""innovation"", ""explorer"", ""ip"", ""javascript"", ""json"", ""lan"", ""mb"", ""c#"", ""mfc"", ""win"", ""windows"", ""2000"", ""migration"", ""nas"", ""object oriented programming"", ""page"", ""proxy"", ""rendering"", ""san"", ""scrum"", ""servers"", ""specification"", ""team management"", ""threads"", ""troubleshoot"", ""video"", ""video editing"", ""visual c++"", ""workflow"", ""writer"", ""stl"", ""file maps"", ""ipc"", ""tcp"", ""services"", ""web services"", ""rest api"", ""soa"", ""media formats and standards"", ""codec sdk and integration"", ""mpeg-dash"", ""api design and documentation"", ""development process document"", ""peer code review"", ""crash dump analysis"", ""win32"", ""project media management tools"", ""render bank"", ""video effects""]","['M.S', 'B.E'] ['Computer Science', 'Electronics and Communication Engineering'] ['Illinois Institute of Technology', 'National Institute of Technology'] M.Sc in Computer Science & Engineering or in any relevant discipline from a reputed University","At least 5 year(s) ['Software Engineering Manager', 'Software Engineering Manager', 'Principal Software Engineer', 'Software Engineer'] Machine Learning Leadership
Cross-Functional Collaboration
Strategy Development
ML/NLP Infrastructure
Prototype Transformation
ML System Design
Algorithm Research
Application Development
Dataset Selection
ML Testing
Statistical Analysis
R&D in ML/NLP
Text Representation
Data Pipeline Design
Statistical Data Analysis
Model Training
Team Collaboration
Research Reporting
Algorithm Analysis Machine Learning Leadership
Cross-Functional Collaboration
Strategy Development
ML/NLP Infrastructure
Prototype Transformation
ML System Design
Algorithm Research
Application Development
Dataset Selection
ML Testing
Statistical Analysis
R&D in ML/NLP
Text Representation
Data Pipeline Design
Statistical Data Analysis
Model Training
Team Collaboration
Research Reporting
Algorithm Analysis ['September 2009', 'November 2005', 'August 1997', 'August 1994'] ['Current', 'August 2009', 'October 2005', 'July 1997']",5.0,INFORMATION-TECHNOLOGY,"[0.07186370342969894, 0.04225566238164902, -0.04224487766623497, -0.03928808122873306, 0.037831611931324005, 0.0018522884929552674, -0.002475350396707654, -0.02581733465194702, -0.036619771271944046, -0.07024869322776794, 0.049702852964401245, 0.024965202435851097, -0.009241201914846897, 0.1015629842877388, 0.03525303304195404, -0.05744759738445282, -0.01149857696145773, 0.03575428947806358, -0.02705966867506504, 0.015891017392277718, -0.005542592145502567, 0.013160377740859985, 0.000949395471252501, 0.005592301022261381, -0.02604440040886402, -0.04860415309667587, -0.011326244100928307, 0.059929847717285156, -0.010708745568990707, -0.014514666050672531, -0.007696814835071564, -0.044697340577840805, 0.0005186317139305174, -0.027707355096936226, 2.253616003144998e-06, -0.03278368338942528, -0.017402639612555504, -0.01787555404007435, 0.018190162256360054, -0.03532133623957634, 0.03825503960251808, 0.002558382460847497, -0.041007425636053085, 0.03894970193505287, -0.008854830637574196, 0.026287272572517395, 0.07862018793821335, 0.0192314013838768, 0.04680150747299194, 0.04082953929901123, 0.00048708508256822824, -0.01742185279726982, -0.005969305522739887, 0.027170952409505844, -0.033980630338191986, -0.01595928519964218, -0.023079266771674156, 0.03735080733895302, 0.024133941158652306, -0.023080430924892426, 0.0012467249762266874, 0.005834760144352913, -0.01433434896171093, -0.0320410393178463, 0.06581738591194153, 0.060739342123270035, 0.00019676247029565275, -0.04568681865930557, 0.004011799581348896, -0.027549082413315773, -0.00176162738353014, 0.013886907137930393, -0.02536594681441784, 0.005877486430108547, -0.027147993445396423, -0.014538663439452648, -0.0011799426283687353, -0.030070852488279343, 0.007708085235208273, -0.0036485737655311823, -0.02690371870994568, 0.018428567796945572, -0.054924990981817245, -0.0282411128282547, 0.03425348550081253, 0.04853309690952301, 0.004587176721543074, -0.011433341540396214, 0.04280393198132515, -0.01022856030613184, 0.07740504294633865, 0.0017363883089274168, 0.015120123513042927, 0.018939916044473648, -0.02489330619573593, -0.00237295008264482, 0.013905886560678482, -0.06438714265823364, -0.006209003739058971, -0.0123129328712821, 0.005658721085637808, -0.016993964090943336, 0.034096669405698776, 0.016112348064780235, -0.03614780679345131, 0.029758363962173462, 0.0009549210080876946, -0.0181648638099432, -0.016991300508379936, -0.0018817044328898191, -0.024012213572859764, 0.017302775755524635, -0.046404946595430374, -0.009823583997786045, 0.009224572218954563, 0.051875222474336624, -0.02181052975356579, 0.05721256881952286, 0.007769456133246422, 0.006502033676952124, 0.013766777701675892, 0.02731526643037796, -0.001642212737351656, 0.044595398008823395, -0.021072285249829292, 0.0002801896189339459, 0.009199656546115875, 0.009460188448429108, 0.025758475065231323, -0.0025766296312212944, 0.03660361096262932, 0.018867680802941322, -0.005517791025340557, -0.009909169748425484, 0.04789835959672928, 0.07380199432373047, 0.01661810651421547, 0.0674343928694725, -0.0650421530008316, 0.01347854919731617, 0.030234498903155327, 0.02375192567706108, -0.029309306293725967, -0.020301509648561478, -0.0652882531285286, -0.013682164251804352, -0.03949851542711258, 0.007203300017863512, -0.016705969348549843, 0.014930306002497673, 0.0160583034157753, -0.0022020216565579176, -0.032318372279405594, 0.010157382115721703, 0.08657322824001312, 0.02569488435983658, -0.012647219002246857, 0.022561481222510338, -0.005497967358678579, 0.05611640214920044, 0.037053242325782776, -0.026666542515158653, 0.015882529318332672, 0.057156987488269806, -0.0658135935664177, -0.009564189240336418, 0.009401457384228706, 0.04584816098213196, -0.00042420587851665914, 0.007184776943176985, 0.03206130117177963, 0.010273407213389874, 0.013794725760817528, 0.03757170960307121, 0.021249890327453613, 0.03264465928077698, 0.03558199107646942, -0.041802529245615005, 0.04405970126390457, 0.05627794936299324, -0.036895815283060074, -0.11024566739797592, 0.027804063633084297, 0.09058703482151031, 0.020575564354658127, -0.008134441450238228, -0.03465205058455467, 0.10848218202590942, -0.04188254475593567, 0.005812511313706636, 0.027070317417383194, -0.03576268255710602, -0.0698542520403862, -0.00450296001508832, 0.029739052057266235, 0.020305151119828224, -0.07857482880353928, -0.02695133537054062, -0.02658979967236519, -0.04613963142037392, -0.029736371710896492, -0.021445004269480705, -0.031959034502506256, 0.005350447725504637, 0.050230011343955994, -0.0470426119863987, -0.036976493895053864, -0.06434815376996994, -0.01690964214503765, -0.0019663358107209206, 0.06661053001880646, -0.038931380957365036, -0.024281024932861328, -0.014680126681923866, -0.03532053530216217, 0.003981294110417366, -0.010783019475638866, -0.01316773146390915, 0.011845731176435947, -0.010147111490368843, -0.02059708535671234, 0.010811944492161274, -0.06963783502578735, 0.028558192774653435, 0.010464034974575043, -0.030504340305924416, 0.004937916528433561, -0.004082823637872934, 0.03690885379910469, 0.028151627629995346, 0.012135420925915241, 0.00912823062390089, 0.03984859958291054, -0.0012004022719338536, -0.04112871736288071, 0.0329119898378849, 0.04594266787171364, 0.04739826172590256, -0.0065696812234818935, -0.048388462513685226, -0.036496248096227646, 0.07650335133075714, -0.01747140660881996, 0.010048761032521725, 0.024685882031917572, -0.014126773923635483, -0.03379027917981148, 0.051923561841249466, 0.02601730450987816, 0.0028789665084332228, 0.01550466101616621, -0.01135135069489479, 0.007663356605917215, 0.08646657317876816, -0.007110740058124065, -0.0294182151556015, -0.047791577875614166, 0.05721723288297653, -0.06898443400859833, -0.014083798043429852, 0.016217131167650223, -0.04862957447767258, 0.023568324744701385, -0.009170405566692352, 0.061472125351428986, -0.05115623399615288, 0.01804063469171524, -0.05384005233645439, -0.041614215821027756, 0.011923512443900108, 0.021668005734682083, 0.04161057993769646, 0.010627254843711853, 0.0033396377693861723, -0.036245934665203094, -0.020831767469644547, 0.01200768444687128, 0.008335302583873272, -0.047555383294820786, 0.04324048385024071, -0.013361767865717411, -0.057289618998765945, 0.01814400963485241, 0.004732771310955286, -0.03477557376027107, 0.03779754042625427, 0.016347786411643028, -0.060902684926986694, -0.009220617823302746, 0.032361969351768494, 0.002383684739470482, 0.017822306603193283, 0.010384393855929375, -0.02674916759133339, -0.05307144671678543, 0.05055220052599907, -0.027363792061805725, 0.03262919560074806, -0.0013584489934146404, 0.027267685160040855, 0.004760992247611284, 0.05116717144846916, 0.048562366515398026, -0.0020074080675840378, 0.04345673322677612, 0.018736861646175385, 0.003269456559792161, 0.038917817175388336, 0.017619861289858818, -0.07763918489217758, -0.013595768250524998, -0.005611959379166365, 0.01939057931303978, 0.0018025956815108657, -0.014430977404117584, -0.017104821279644966, -0.02567252144217491, -0.030848991125822067, -0.014300094917416573, 0.03496772423386574, -0.022901814430952072, -0.041705451905727386, -0.008192772045731544, -0.04753344878554344, 0.01464072335511446, -0.09419316053390503, -0.1241183653473854, -0.01802298054099083, 0.023473544046282768, -0.058511536568403244, 0.024556977674365044, -0.023943942040205002, -0.026845339685678482, -0.06565643846988678, 0.0419050008058548, -0.04027754068374634, -0.016909291967749596, -0.07340182363986969, -0.023621805012226105, -0.031510088592767715, -0.03925627842545509, 0.025172486901283264, -0.05236649513244629, 0.029911620542407036, 0.025340400636196136, 0.00921480543911457, 0.00037874665576964617, 0.015219809487462044, -0.04440923035144806, 0.03807808458805084, 0.03663600608706474, 0.07304973155260086, 0.025873463600873947, -0.03680441901087761, 0.008990961126983166, -0.045647598803043365, 0.05837162956595421, 0.034040793776512146, -0.049368035048246384, 0.01413845457136631, 0.0192238911986351, 0.02124728634953499, 0.05167163535952568, -0.00976808462291956, -0.06768777221441269, 0.024668771773576736, 0.03331182152032852, -0.07310300320386887, 0.01020263321697712, 0.024915283545851707, 0.05156176537275314, -0.006532854866236448, 0.019027292728424072, 0.018881037831306458, -0.0015969410305842757, -0.05432432144880295, -0.007880116812884808, -0.018564647063612938, -0.07908614724874496, 0.049154844135046005, 0.08804119378328323, -0.022405030205845833, 0.04601258784532547, -0.019249025732278824, 0.016847917810082436, -0.03522690758109093, 0.0051863109692931175, -0.006551648024469614, -0.01910010538995266, 0.020384659990668297, 0.0035706418566405773, -0.01831662468612194, -0.08460579812526703, -0.0800655260682106, -0.0068881819024682045, -0.020944911986589432, -0.007702548522502184, -0.014305047690868378, 0.026254363358020782, 0.015531005337834358, 0.02289319410920143, -0.03791576251387596, -0.06458861380815506, 0.06019466370344162, -0.028958136215806007, 0.023935694247484207, 0.11023596674203873, 0.021224427968263626, 0.00649860268458724, 0.041130248457193375, -0.0026440194342285395, 0.025703394785523415, 0.04061306640505791, 0.02937575988471508, 0.037154942750930786, -0.07472117990255356, 0.005987922195345163, 0.05104361101984978, 0.007639194838702679, -0.0684116929769516, 0.02657228894531727, 0.034818775951862335, 0.07680772244930267, -0.03430299088358879, 0.05076435208320618, -0.0704575851559639, 0.028708718717098236, 0.02025432512164116, 0.02408783510327339, -0.012671783566474915, -0.07272683084011078, 0.030904274433851242, 0.004408674780279398, 0.02946694754064083, 0.015635745599865913, -0.010943025350570679, 0.030170315876603127, -0.05228766053915024, 0.012165956199169159, -0.0016576895723119378, -0.03063332475721836, 0.027066418901085854, 0.06882504373788834, 0.049742814153432846, -0.00788194965571165, 0.010020643472671509, 0.02303161844611168, -0.05013548955321312, -0.008474797010421753, 0.05008438974618912, 0.08545652776956558, -0.03359203785657883, -0.006914513651281595, -0.012289760634303093, -0.029212918132543564, -0.02160467952489853, -0.04509973153471947, 0.0588141493499279, 0.00857103243470192, -0.02576633356511593, 0.024472804740071297, 0.030494818463921547, -0.02807961031794548, -0.015183031558990479, -0.06063751131296158, -0.01687518134713173, -0.007534786593168974, -0.011384410783648491, 0.006996714510023594, -0.01735568232834339, 0.006186791229993105, -0.03858253359794617, -0.03861619532108307, -0.0367327556014061, 0.0341915562748909, -0.010180255398154259, -0.04691420868039131, 0.05577386915683746, -0.03574979677796364, 0.00850494485348463, 0.039078086614608765, -0.029596101492643356, -0.0005220688180997968, -0.11512582004070282, 0.008446913212537766, 0.018180642277002335, 0.03345685824751854, -0.003082786686718464, -0.040427401661872864, -0.03460143506526947, 0.06415101885795593, 0.023828798905014992, 0.04096108675003052, -0.04324930161237717, 0.00762631231918931, -0.0639585629105568, -0.018396513536572456, 0.07421740144491196, -0.014312051236629486, 0.03323519229888916, -0.04180588200688362, -0.02535126358270645, -0.003074564505368471, -0.06394849717617035, -0.03391917049884796, -0.016870174556970596, -0.05006098002195358, 0.04448232054710388, -0.044419124722480774, 0.02856903336942196, -0.002080530859529972, 0.03730527684092522, -0.038672640919685364, -0.016349898651242256, -0.027947809547185898, -0.00527201360091567, 0.010096058249473572, -0.03182075917720795, 0.02412000671029091, -0.02202443964779377, 0.051505446434020996, -0.033703725785017014, -0.004207265097647905, -6.0852442402392626e-05, -0.0024002883583307266, -0.012931219302117825, 0.030584214255213737, 0.01815495267510414, 0.0036497258115559816, 0.019815461710095406, -0.01019037701189518, -0.012547172605991364, -0.0700388178229332, -0.009721456095576286, 0.0020747832022607327, 0.05574124678969383, 0.06633083522319794, 0.02456512488424778, -0.015898864716291428, 0.0088302968069911, -0.01763422042131424, -0.029171407222747803, 0.008601176552474499, 0.0010169371962547302, 0.04694043844938278, -0.0021394086070358753, -0.023690320551395416, 0.05884573236107826, 0.024076372385025024, 0.008026652969419956, -0.032272644340991974, -0.05546459183096886, 0.034954268485307693, 0.02163095213472843, -0.0187398549169302, -5.73133503110118e-33, 0.027065016329288483, -0.04680287465453148, 0.06231183931231499, 0.002608104143291712, -0.016802484169602394, 0.01263841800391674, 0.02574596181511879, -0.026076486334204674, -0.047589391469955444, -0.02655228227376938, -0.007063500117510557, 0.008738231845200062, 0.01938570663332939, 0.026666343212127686, 0.016655966639518738, 0.09542390704154968, 0.020320244133472443, -0.029471859335899353, -0.0004845568910241127, -0.016022713854908943, -0.04835114628076553, 0.03737832233309746, 0.0058118305169045925, -0.06069107726216316, -0.047252628952264786, 0.0006121022743172944, -0.003996994346380234, -0.01018079649657011, 0.05380171537399292, -0.02270898036658764, 0.05736793577671051, -0.008997590281069279, 0.02741319313645363, -0.050349343568086624, 0.013037435710430145, -0.030073415488004684, -0.0058019040152430534, 0.014979471452534199, -0.006985913496464491, 0.04185377433896065, 0.029743755236268044, -0.002552277408540249, 0.027377935126423836, -0.023355551064014435, 0.009613336995244026, -0.03126352280378342, 0.05483010783791542, 0.0168768297880888, 0.03444286435842514, -0.007245804648846388, -0.05794709175825119, 0.019356070086359978, -0.05167827382683754, 0.055141378194093704, -0.013405111618340015, 0.03394076228141785, 0.007297886535525322, -0.016248507425189018, -0.05820530652999878, 0.018551306799054146, -0.04515356943011284, 0.030533527955412865, 0.06634069234132767, -0.019162576645612717, -0.013920832425355911, 0.028824230656027794, 0.03524728864431381, 1.0324620234314352e-05, 0.014257081784307957, -0.022973544895648956, -0.0024413580540567636, 0.05053586885333061, -0.016793368384242058, -0.018682071939110756, 0.006213083863258362, -0.044355541467666626, 0.001634895452298224, 0.0028457811567932367, 0.0023758269380778074, 5.511798008228652e-05, -0.03913581371307373, 0.04860387742519379, -0.039118554443120956, -0.006767416372895241, 0.059714797884225845, -0.05520080775022507, 0.004259548615664244, -0.027795925736427307, 0.04425451159477234, -0.007989850826561451, -0.02629849500954151, 0.034177567809820175, -0.019822340458631516, -0.01921866089105606, 0.07589617371559143, -0.010536502115428448, -0.013318023644387722, 0.01204425934702158, -0.005917007103562355, -0.011353841982781887, -0.00295273051597178, -0.010283006355166435, 0.04493086785078049, 0.0353560708463192, 0.07520420849323273, -0.005809842608869076, -0.02460203692317009, 0.02737540751695633, -0.0333634614944458, -0.028685079887509346, 0.005552950780838728, -0.0041221571154892445, -0.0016655210638418794, 0.019969940185546875, -0.05258370190858841, -0.010302219539880753, 0.02348393388092518, -0.057093340903520584, 0.011750464327633381, -0.04424935579299927, 0.003049466758966446, -0.03888595849275589, -0.007187136448919773, -0.04010508209466934, -0.042024072259664536, -0.0003482347819954157, 0.005216727498918772, 0.010167717933654785, 0.030509525910019875, -0.043629780411720276, -0.004007658455520868, 0.015268735587596893, 2.830261962571967e-07, 0.0007075925823301077, 0.04137203469872475, -0.025306669995188713, 0.0014381126966327429, 0.0005232143448665738, -0.016213152557611465, -0.03406169265508652, -0.01255452074110508, 0.03350808098912239, -0.004926075227558613, 0.0063360827043652534, -0.003655618755146861, 0.0038048927672207355, -0.012470344081521034, -0.025365786626935005, -0.09617506712675095, -0.010498099960386753, -0.029120270162820816, -0.0368000790476799, 0.04497784748673439, 0.0915016382932663, 0.05208281800150871, 0.05077320709824562, -0.02948859892785549, -0.004920328967273235, -0.01869761012494564, -0.07285760343074799, 0.01509266160428524, 0.028913838788866997, 0.03811371326446533, 0.03666429966688156, -0.03571338951587677, 0.009666469879448414, 0.08351241052150726, -0.027965376153588295, -0.049036793410778046, 0.06453263014554977, 0.05738581717014313, -0.061806656420230865, 0.04427975416183472, 0.05332149565219879, 0.004646704066544771, -0.009037081152200699, -0.00858426745980978, 0.006509541068226099, 0.026762714609503746, -0.04703446105122566, -0.016896052286028862, -0.08217955380678177, 0.004815299529582262, -0.025530895218253136, 0.029437869787216187, 0.022652100771665573, -0.02238781377673149, 0.007072897162288427, -0.05048137903213501, -0.08430298417806625, 0.008332798257470131, 0.030504431575536728, 0.005573754198849201, 0.025053106248378754, -0.04591463878750801, 0.013843512162566185, -0.01224351767450571, 0.10234793275594711, 0.006013681646436453, 0.020849809050559998, 3.4870571556112753e-34, -0.01832260750234127, -0.014781546778976917, 0.001621451461687684, -0.01831291802227497, -0.0055365790612995625, -0.04622074216604233, 0.012809928506612778, -0.024918464943766594, -0.04443638399243355, 0.018304087221622467, -0.03242572396993637]","{'Experience': "": At least 5 year(s) ['Software Engineering Manager', 'Software Engineering Manager', 'Principal Software Engineer', 'Software Engineer'] Machine Learning Leadership Cross-Functional Collaboration Strategy Development ML/NLP Infrastructure Prototype Transformation ML System Design Algorithm Research Application Development Dataset Selection ML Testing Statistical Analysis R&D in ML/NLP Text Representation Data Pipeline Design Statistical Data Analysis Model Training Team Collaboration Research Reporting Algorithm Analysis Machine Learning Leadership Cross-Functional Collaboration Strategy Development ML/NLP Infrastructure Prototype Transformation ML System Design Algorithm Research Application Development Dataset Selection ML Testing Statistical Analysis R&D in ML/NLP Text Representation Data Pipeline Design Statistical Data Analysis Model Training Team Collaboration Research Reporting Algorithm Analysis ['September 2009', 'November 2005', 'August 1997', 'August 1994'] ['Current', 'August 2009', 'October 2005', 'July 1997']"", 'Education': "": ['M.S', 'B.E'] ['Computer Science', 'Electronics and Communication Engineering'] ['Illinois Institute of Technology', 'National Institute of Technology'] M.Sc in Computer Science & Engineering or in any relevant discipline from a reputed University"", 'Skills': ': api, approach, atl, audio, backup, broadcast, c++, cli, com, ca, hardware, concept, content, clients, dynamic html5, editing, xml, ftp, functional, drawing, gui, http, ids, innovation, explorer, ip, javascript, json, lan, mb, c#, mfc, win, windows, 2000, migration, nas, object oriented programming, page, proxy, rendering, san, scrum, servers, specification, team management, threads, troubleshoot, video, video editing, visual c++, workflow, writer, stl, file maps, ipc, tcp, services, web services, rest api, soa, media formats and standards, codec sdk and integration, mpeg-dash, api design and documentation, development process document, peer code review, crash dump analysis, win32, project media management tools, render bank, video effects'}",target position machine learning ml engineer objective skills api approach atl audio backup broadcast c++ cli com ca hardware concept content clients dynamic html5 editing xml ftp functional drawing gui ids innovation explorer ip javascript json lan mb c# mfc win windows 2000 migration nas object oriented programming page proxy rendering san scrum servers specification team management threads troubleshoot video video editing visual c++ workflow writer stl file maps ipc tcp services web services rest api soa media formats and standards codec sdk and integration mpeg dash api design and documentation development process document peer code review crash dump analysis win32 project media management tools render bank video effects education m.s b.e computer science electronics and communication engineering illinois institute of technology national institute of technology m.sc in computer science engineering or in any relevant discipline from a reputed university experience at least 5 year s software engineering manager software engineering manager principal software engineer software engineer machine learning leadership cross functional collaboration strategy development ml nlp infrastructure prototype transformation ml system design algorithm research application development dataset selection ml testing statistical analysis r d in ml nlp text representation data pipeline design statistical data analysis model training team collaboration research reporting algorithm analysis machine learning leadership cross functional collaboration strategy development ml nlp infrastructure prototype transformation ml system design algorithm research application development dataset selection ml testing statistical analysis r d in ml nlp text representation data pipeline design statistical data analysis model training team collaboration research reporting algorithm analysis september 2009 november 2005 august 1997 august 1994 current august 2009 october 2005 july 1997,"['target', 'position', 'machine', 'learning', 'ml', 'engineer', 'objective', 'skill', 'api', 'approach', 'atl', 'audio', 'backup', 'broadcast', 'c++', 'cli', 'com', 'ca', 'hardware', 'concept', 'content', 'client', 'dynamic', 'html5', 'editing', 'xml', 'ftp', 'functional', 'drawing', 'gui', 'id', 'innovation', 'explorer', 'ip', 'javascript', 'json', 'lan', 'mb', 'c#', 'mfc', 'win', 'window', 'migration', 'na', 'object', 'oriented', 'programming', 'page', 'proxy', 'rendering', 'san', 'scrum', 'server', 'specification', 'team', 'management', 'thread', 'troubleshoot', 'video', 'video', 'editing', 'visual', 'c++', 'workflow', 'writer', 'stl', 'file', 'map', 'ipc', 'tcp', 'service', 'web', 'service', 'rest', 'api', 'soa', 'medium', 'format', 'standard', 'codec', 'sdk', 'integration', 'mpeg', 'dash', 'api', 'design', 'documentation', 'development', 'process', 'document', 'peer', 'code', 'review', 'crash', 'dump', 'analysis', 'win32', 'project', 'medium', 'management', 'tool', 'render', 'bank', 'video', 'effect', 'education', 'b', 'e', 'computer', 'science', 'electronics', 'communication', 'engineering', 'illinois', 'institute', 'technology', 'national', 'institute', 'technology', 'sc', 'computer', 'science', 'engineering', 'relevant', 'discipline', 'reputed', 'university', 'experience', 'least', 'year', 'software', 'engineering', 'manager', 'software', 'engineering', 'manager', 'principal', 'software', 'engineer', 'software', 'engineer', 'machine', 'learning', 'leadership', 'cross', 'functional', 'collaboration', 'strategy', 'development', 'ml', 'nlp', 'infrastructure', 'prototype', 'transformation', 'ml', 'system', 'design', 'algorithm', 'research', 'application', 'development', 'dataset', 'selection', 'ml', 'testing', 'statistical', 'analysis', 'r', 'ml', 'nlp', 'text', 'representation', 'data', 'pipeline', 'design', 'statistical', 'data', 'analysis', 'model', 'training', 'team', 'collaboration', 'research', 'reporting', 'algorithm', 'analysis', 'machine', 'learning', 'leadership', 'cross', 'functional', 'collaboration', 'strategy', 'development', 'ml', 'nlp', 'infrastructure', 'prototype', 'transformation', 'ml', 'system', 'design', 'algorithm', 'research', 'application', 'development', 'dataset', 'selection', 'ml', 'testing', 'statistical', 'analysis', 'r', 'ml', 'nlp', 'text', 'representation', 'data', 'pipeline', 'design', 'statistical', 'data', 'analysis', 'model', 'training', 'team', 'collaboration', 'research', 'reporting', 'algorithm', 'analysis', 'september', 'november', 'august', 'august', 'current', 'august', 'october', 'july']",target position machine learning ml engineer objective skill api approach atl audio backup broadcast c++ cli com ca hardware concept content client dynamic html5 editing xml ftp functional drawing gui id innovation explorer ip javascript json lan mb c# mfc win window migration na object oriented programming page proxy rendering san scrum server specification team management thread troubleshoot video video editing visual c++ workflow writer stl file map ipc tcp service web service rest api soa medium format standard codec sdk integration mpeg dash api design documentation development process document peer code review crash dump analysis win32 project medium management tool render bank video effect education b e computer science electronics communication engineering illinois institute technology national institute technology sc computer science engineering relevant discipline reputed university experience least year software engineering manager software engineering manager principal software engineer software engineer machine learning leadership cross functional collaboration strategy development ml nlp infrastructure prototype transformation ml system design algorithm research application development dataset selection ml testing statistical analysis r ml nlp text representation data pipeline design statistical data analysis model training team collaboration research reporting algorithm analysis machine learning leadership cross functional collaboration strategy development ml nlp infrastructure prototype transformation ml system design algorithm research application development dataset selection ml testing statistical analysis r ml nlp text representation data pipeline design statistical data analysis model training team collaboration research reporting algorithm analysis september november august august current august october july
cand_00029,29,AI Engineer,"Target position: AI Engineer Objective: Skills: machine learning, method development, artificial intelligence, data modeling, data visualization, data validation, deep learning, mysql, mongodb, python, plotly, seaborn, matplotlib, r or java, tensorflow, pytorch, scikit-learn. Education: ['B.Tech'] ['Electronics and Telecommunication'] ['CDAC ACTS'] Bachelors or Masters degree in Computer Science, Engineering, or a related field. Experience: ['Associate Software Engineer and Analyst'] Machine Learning Design Data Analysis Model Training AI Integration Innovation Cross-Functional Collaboration Model Deployment Documentation Analytical Skills Communication Team Collaboration Machine Learning Design Data Analysis Model Training AI Integration Innovation Cross-Functional Collaboration Model Deployment Documentation Analytical Skills Communication Team Collaboration ['Jun 2020'] ['till date']","[""machine learning"", ""method development"", ""artificial intelligence"", ""data modeling"", ""data visualization"", ""data validation"", ""deep learning"", ""mysql"", ""mongodb"", ""python"", ""plotly"", ""seaborn"", ""matplotlib"", ""r or java"", ""tensorflow"", ""pytorch"", ""scikit-learn.""]","[""machine learning"", ""method development"", ""artificial intelligence"", ""data modeling"", ""data visualization"", ""data validation"", ""deep learning"", ""mysql"", ""mongodb"", ""python"", ""plotly"", ""seaborn"", ""matplotlib"", ""r or java"", ""tensorflow"", ""pytorch"", ""scikit-learn.""]","['B.Tech'] ['Electronics and Telecommunication'] ['CDAC ACTS'] Bachelors or Masters degree in Computer Science, Engineering, or a related field."," ['Associate Software Engineer and Analyst'] Machine Learning Design
Data Analysis
Model Training
AI Integration
Innovation
Cross-Functional Collaboration
Model Deployment
Documentation
Analytical Skills
Communication
Team Collaboration Machine Learning Design
Data Analysis
Model Training
AI Integration
Innovation
Cross-Functional Collaboration
Model Deployment
Documentation
Analytical Skills
Communication
Team Collaboration ['Jun 2020'] ['till date']",0.0,INFORMATION-TECHNOLOGY,"[0.04394373670220375, 0.019777748733758926, -0.05864984914660454, -0.05385404825210571, 0.03434881195425987, -0.022765740752220154, 0.013651260174810886, -0.019864028319716454, 0.029042433947324753, -0.026619017124176025, 0.045520342886447906, 0.01477858517318964, 0.0012581248302012682, 0.11091183125972748, 0.02994615212082863, -0.016795000061392784, 0.014982599765062332, 0.027250947430729866, -0.012340114451944828, 0.0034515964798629284, -0.023396188393235207, 0.023117203265428543, -0.05817753076553345, 0.016291389241814613, -0.03894655033946037, -0.02809634804725647, -0.0059259384870529175, -0.006651299074292183, 0.0028267528396099806, -0.01770472154021263, 0.013428795151412487, -0.06773962080478668, -0.011694024316966534, -0.047394733875989914, 2.134819851562497e-06, -0.01760961301624775, -0.005307009443640709, 0.007905091159045696, 0.014343357644975185, -0.06857144832611084, 0.021317627280950546, -0.0040400344878435135, 0.0014043842675164342, 0.044695328921079636, -0.0425412543118, 0.04595138877630234, 0.07369334250688553, 0.006164133548736572, 0.038396552205085754, 0.08870615810155869, 0.01913541927933693, 0.01344635896384716, 0.0396975614130497, -0.008182600140571594, -0.024384070187807083, -0.053728893399238586, -0.015551820397377014, -0.0004737588460557163, 0.030420616269111633, -0.010696737095713615, 0.017811933532357216, -0.006647555157542229, -0.0022223114501684904, -0.043730366975069046, 0.0579628124833107, 0.061596229672431946, 5.493897697306238e-05, -0.03214476257562637, -0.007505181711167097, -0.01841292530298233, 0.04752443730831146, 0.007099022623151541, -0.03691403940320015, -0.003518490120768547, 0.007894719950854778, 0.008764388971030712, 0.01309806015342474, -0.02180306613445282, 0.011092275381088257, -0.012626860290765762, 0.023048164322972298, 0.018438497558236122, -0.05038344860076904, -0.02194933407008648, -0.0026305499486625195, 0.08404486626386642, -0.003716399660333991, -0.008278083987534046, 0.05067930370569229, -0.03919845446944237, 0.05883825197815895, 0.00745371263474226, 0.011520355939865112, 0.043356988579034805, -0.06935814023017883, -0.026969334110617638, 0.00699519831687212, -0.0418790839612484, -0.028572671115398407, -0.012744029983878136, 0.02287948876619339, -0.004857298918068409, 0.025455502793192863, 0.017987795174121857, -0.011401696130633354, 0.041488002985715866, 0.02450042963027954, 0.021044617518782616, -0.037998609244823456, -0.03799805790185928, -0.024119555950164795, 0.003325152210891247, -0.06785082817077637, -0.007763142231851816, 0.026676319539546967, 0.02673165686428547, -0.02723664604127407, 0.04111931473016739, -0.030494939535856247, -0.014872189611196518, 0.0685969740152359, 0.0322762094438076, -0.01655963622033596, 0.04732950031757355, -0.0564596988260746, -0.01594490557909012, -0.013347483240067959, 0.02891599014401436, 0.010914227925240993, -0.026278125122189522, 0.023808499798178673, 0.047459013760089874, -0.010060776956379414, -0.044667381793260574, 0.020771561190485954, 0.04049685597419739, 0.02757938764989376, 0.05258239805698395, -0.014061413705348969, 0.027770258486270905, 0.04795149341225624, -0.014279913157224655, -0.0024423531722277403, 0.036789312958717346, -0.025730961933732033, -0.05231974646449089, -0.0055779642425477505, -0.06425091624259949, 0.0018879626877605915, 0.005130516830831766, 0.022714892402291298, -0.01580006070435047, -0.03478057682514191, -0.0028095452580600977, 0.04381932318210602, -0.0040049077942967415, -0.007384729105979204, 0.011667261831462383, -0.0024693310260772705, 0.03024795651435852, 0.008937410078942776, -0.040392275899648666, 0.030711131170392036, 0.02779645286500454, -0.03549746051430702, -0.01567193679511547, 0.03449585288763046, 0.06738734990358353, -0.030848665162920952, 0.026886433362960815, 0.02655750885605812, -0.01841672509908676, 0.027049466967582703, 0.004095651675015688, 0.003284790785983205, 0.04899793490767479, 0.055692773312330246, -0.020085353404283524, 0.05144355818629265, 0.04991809278726578, 0.009686259552836418, -0.13200333714485168, 0.0025756671093404293, 0.09615425765514374, 0.013816422782838345, -0.00969325378537178, -0.004454740788787603, 0.06286139786243439, -0.044782742857933044, 0.0045293960720300674, 0.04713389649987221, -0.02972123958170414, -0.04508458077907562, 0.01007203757762909, 0.033550385385751724, 0.006034236401319504, -0.051635123789310455, -0.049153171479701996, -0.027659446001052856, -0.0395183265209198, -0.06729154288768768, -0.031016627326607704, -0.02214505523443222, 0.010576469823718071, 0.06218836084008217, -0.06222153455018997, -0.047585997730493546, -0.06791079789400101, -0.02213534712791443, 0.02053721807897091, 0.07116059213876724, -0.03518189117312431, -0.017237761989235878, -0.01234550029039383, -0.04175521805882454, 0.0020797764882445335, -0.027418389916419983, -0.02657073177397251, 0.04328329116106033, -0.01278000045567751, -0.025835070759058, 0.030112195760011673, -0.061015259474515915, 0.026157261803746223, 0.007426345720887184, 0.009176274761557579, 0.017413416877388954, -0.008358977735042572, 0.06468909978866577, 0.04839032143354416, 0.004445494618266821, 0.011402580887079239, 0.014300957322120667, 0.00585428299382329, -0.0299525149166584, 0.027893513441085815, 0.008448312059044838, 0.056939683854579926, -0.0016506195534020662, -0.03966720774769783, -0.034624624997377396, 0.04778481274843216, -0.007605454884469509, 0.012421450577676296, -0.004010196775197983, 0.002097182208672166, -0.0376928448677063, 0.038863640278577805, 0.01657911390066147, -0.012077391147613525, 0.025425324216485023, 0.03545480966567993, 0.0032205572351813316, 0.06603050231933594, -0.04150969535112381, -0.060061320662498474, -0.01281751599162817, 0.048760585486888885, -0.1001666933298111, -0.005759832914918661, 0.018892191350460052, -0.025340169668197632, 0.05649537593126297, 0.019015295431017876, 0.047476984560489655, -0.041642818599939346, 0.026735208928585052, -0.05005079507827759, -0.018837660551071167, 0.025097034871578217, 0.009240055456757545, 0.03102399967610836, -0.011555987410247326, 0.002724194899201393, -0.001344703254289925, -0.025806084275245667, 0.03428904339671135, -0.0032324662897735834, -0.043182626366615295, 0.03707299754023552, 0.012061627581715584, -0.04680805653333664, -0.004801920149475336, 0.021678252145648003, -0.040242668241262436, 0.011569399386644363, 0.031008107587695122, -0.02665071375668049, -0.019535118713974953, 0.04956492781639099, -0.0049130963161587715, 0.039820726960897446, 0.0067024813033640385, -0.033104605972766876, -0.0453985296189785, 0.04223905876278877, -0.047927211970090866, 0.06945546716451645, -0.009678658097982407, 0.049312129616737366, 0.0028800738509744406, 0.05610140040516853, 0.030858278274536133, 0.020292555913329124, 0.01989773102104664, 0.05451120808720589, 0.005223656073212624, 0.020901717245578766, 0.010772140696644783, -0.05030199512839317, -0.01867375709116459, -0.010372349061071873, 0.0016269502229988575, 0.007572118192911148, 0.005940306931734085, -0.031918372958898544, -0.029389098286628723, 0.0007040087366476655, -0.012637057341635227, 0.027640270069241524, -0.03916338458657265, -0.035275544971227646, -0.006979583762586117, -0.048158250749111176, 0.047582488507032394, -0.09849229454994202, -0.12704351544380188, -0.03150952607393265, 0.01104145310819149, -0.056763630360364914, 0.021709514781832695, -0.006776935886591673, 0.01700870878994465, -0.060232214629650116, 0.021863998845219612, -0.06602052599191666, -0.00041192342177964747, -0.06378592550754547, 0.004220425616949797, -0.022278329357504845, -0.005458461586385965, 0.019701380282640457, -0.04518193379044533, 0.04087536782026291, 0.024333428591489792, 0.04832249507308006, 0.030676286667585373, -0.03704832121729851, -0.04542635753750801, 0.011962244287133217, 0.028973637148737907, 0.05577469244599342, 0.013441504910588264, -0.025661176070570946, -0.00019871156837325543, -0.03613978251814842, 0.07652395963668823, 0.020741766318678856, -0.06075305864214897, 0.016173891723155975, -0.016029363498091698, 0.0027743130922317505, 0.023954808712005615, 0.01355641707777977, -0.04858465865254402, 0.004656508099287748, 0.014881342649459839, -0.0845741257071495, 0.002382899634540081, 0.00483438977971673, 0.022289996966719627, -0.019415728747844696, 0.005574180278927088, 0.018812701106071472, -0.020906949415802956, -0.06589845567941666, -0.0060371290892362595, 0.014722396619617939, -0.06638458371162415, 0.04965481907129288, 0.06953762471675873, -0.04649106040596962, 0.04641054570674896, -0.02734779380261898, -0.01452786847949028, -0.04227181524038315, 0.005513315554708242, -0.026323772966861725, -0.032697565853595734, 0.017751527950167656, -0.0059342579916119576, -0.0010014589643105865, -0.08257918059825897, -0.06116978079080582, 0.022469177842140198, -0.006349473260343075, -0.021132973954081535, -0.025421416386961937, 0.036420129239559174, 0.009821310639381409, 0.01261398196220398, -0.01580209657549858, -0.056706447154283524, 0.03548930212855339, -0.049838852137327194, 0.06636977195739746, 0.06473957747220993, 0.034474413841962814, -0.032504934817552567, 0.020953837782144547, 0.012305318377912045, 0.05089182034134865, 0.028692049905657768, 0.05066642910242081, 0.03149709850549698, -0.06281411647796631, 0.00256152031943202, 0.036333054304122925, 0.01638648472726345, -0.056825995445251465, 0.05714679881930351, 0.05672045052051544, 0.07466091960668564, -0.05150178447365761, 0.0440332293510437, -0.05908605456352234, 0.0037807198241353035, -0.0030330009758472443, 0.056373342871665955, -0.04782735928893089, -0.057592663913965225, 0.029859185218811035, -0.00331108714453876, 0.025108706206083298, -0.03612575680017471, -0.04155760258436203, 0.0434102788567543, -0.013505320996046066, -0.017951829358935356, -0.008104109205305576, -0.06124678626656532, 0.01613793894648552, 0.03215496987104416, 0.06330794841051102, -0.002558978507295251, 0.002004687674343586, 0.032183244824409485, 0.008072126656770706, 0.0038704262115061283, 0.02432451769709587, 0.10780737549066544, -0.04117455706000328, -0.022273384034633636, -0.043278515338897705, -0.0409267395734787, -0.06328564137220383, -0.02761617861688137, 0.04443863406777382, 0.013664314523339272, 0.002795275067910552, 0.008913152851164341, 0.021271957084536552, -0.029247833415865898, -0.04266881197690964, -0.06623519957065582, -0.007637661881744862, -0.0053649283945560455, -0.012294115498661995, -0.02181602269411087, -0.03425256162881851, -0.017752109095454216, -0.026777083054184914, -0.018751267343759537, -0.0014980502892285585, 0.015689659863710403, -0.006027409806847572, -0.034090153872966766, 0.08442507684230804, -0.04492759332060814, 0.01841801032423973, 0.048381634056568146, -0.04174688085913658, 0.031036943197250366, -0.0770883709192276, -0.036647576838731766, 0.02303147502243519, 0.0323665589094162, 0.01831790804862976, -0.02508622035384178, -0.024328263476490974, 0.05374155938625336, -0.014628235250711441, 0.06738035380840302, -0.03314124047756195, 0.02431502193212509, -0.048530369997024536, -0.0027702380903065205, 0.08678711950778961, -0.011872472241520882, 0.10138758271932602, -0.035243578255176544, -0.018111446872353554, 0.012383691966533661, -0.034566089510917664, -0.019235817715525627, 0.00252369767986238, -0.04569042846560478, 0.013559531420469284, -0.05666384473443031, -0.018288521096110344, -0.005487001966685057, 0.018553541973233223, -0.05272917449474335, -0.0437927320599556, 0.006398336961865425, 0.03293346241116524, 0.038768522441387177, -0.013644030317664146, 0.009817557409405708, -0.02354649268090725, 0.024977266788482666, -0.01865236647427082, -0.01139741949737072, 0.03479352965950966, 0.007115551270544529, -0.0115969218313694, 0.025466926395893097, 0.020718462765216827, 0.009569033049046993, 0.038209691643714905, -0.01033489778637886, 0.0346960574388504, -0.057476360350847244, -0.007444398477673531, -0.00026268235524185, 0.024124613031744957, 0.04012297838926315, 0.05105737969279289, 0.015375936403870583, 0.019795551896095276, 0.018656911328434944, -0.04193265736103058, 0.021747177466750145, -0.0014341804198920727, -0.016410544514656067, -0.03042827546596527, -0.027773091569542885, 0.05299326777458191, 0.0037014740519225597, 0.006669340189546347, -0.0002857217041309923, -0.06171243265271187, -0.0014433939941227436, 0.0292732622474432, -0.04598023742437363, -5.3397594957430445e-33, 0.017049187794327736, -0.026722285896539688, 0.07092637568712234, 0.0018764962442219257, -0.02748613804578781, 0.024407973513007164, 0.010651996359229088, -0.018953369930386543, -0.07222137600183487, 0.001472862670198083, -0.025596406310796738, 0.03488130494952202, 0.011157604865729809, -2.6665082259569317e-05, 0.0002542505390010774, 0.08895134925842285, 0.015001457184553146, -0.01286003366112709, -0.0020748276729136705, 0.027123456820845604, -0.05011116713285446, 0.009379854425787926, -0.008460837416350842, -0.061516180634498596, -0.014606197364628315, -0.0011099518742412329, -0.026979073882102966, 0.0002203418262070045, 0.005516828037798405, 0.006887413095682859, 0.04811866208910942, -0.00254923477768898, 0.02850961685180664, -0.025364506989717484, 0.006032570730894804, -0.043713003396987915, 0.004961322993040085, -0.00930106546729803, -0.018967444077134132, 0.0074770390056073666, 0.0022141437511891127, -0.019735444337129593, -0.01891341060400009, -0.00838941615074873, -0.014326252043247223, -0.020374204963445663, 0.05571836233139038, 0.006890071555972099, 0.03638160228729248, 0.00980664137750864, -0.03933689370751381, 0.028997870162129402, -0.05660075321793556, 0.046722687780857086, -0.01710543781518936, 0.03440040722489357, -0.006307206582278013, -0.023151611909270287, -0.05969015508890152, 0.017637815326452255, -0.0559646338224411, 0.04732692614197731, 0.04620843008160591, -0.0617537684738636, -0.0038211115170270205, 0.007726782467216253, 0.051045674830675125, 0.011658397503197193, 0.03353557735681534, -0.04196951165795326, -0.04149362072348595, 0.06339605152606964, -0.023987550288438797, -0.009913112036883831, -0.032365065068006516, -0.07270456850528717, -0.016569217666983604, 0.03219493106007576, 0.0344645157456398, 0.013935403898358345, -0.02060975506901741, 0.02899118699133396, -0.07593045383691788, 0.01120817195624113, 0.02861897274851799, -0.04531789571046829, 0.016686936840415, -0.026295434683561325, 0.030902672559022903, 0.006237483583390713, -0.00884039606899023, 0.04187585040926933, -0.02596256509423256, -0.0185172650963068, 0.10361601412296295, 0.01653779298067093, -0.008052259683609009, 0.016254346817731857, 0.010577376931905746, 0.0007200812688097358, -0.017122497782111168, -0.030576545745134354, 0.020202461630105972, 0.026961661875247955, 0.09395311772823334, 0.02472633495926857, 0.019927367568016052, 0.019966714084148407, -0.04336429387331009, -0.03621005639433861, -0.019718868657946587, 0.010340681299567223, -0.024235615506768227, -0.004729488864541054, -0.042826782912015915, 0.005802974570542574, 0.022577328607439995, -0.028107937425374985, 0.019616909325122833, -0.026039043441414833, -0.015109652653336525, -0.04362509027123451, 0.0085251210257411, -0.04035201296210289, -0.0012019678251817822, -0.0019625534769147635, -0.03220584988594055, -0.009639529511332512, -0.009069005027413368, -0.06731103360652924, -0.013534489087760448, 0.017885515466332436, 2.670949186267535e-07, -0.006893033627420664, 0.013584768399596214, -0.0024040015414357185, 0.049616482108831406, -0.006292823236435652, -0.022513266652822495, -0.019035181030631065, -0.02447592280805111, 0.012965003959834576, 0.05299860239028931, -0.005252329166978598, -0.0008715757285244763, -0.014973911456763744, -0.026494069024920464, -0.007174781523644924, -0.05439082533121109, -0.02079702354967594, -0.01945677399635315, -0.03754086419939995, 0.03999869525432587, 0.05678827315568924, 0.04474083334207535, 0.053604256361722946, -0.018807552754878998, 0.0027351053431630135, -0.028908047825098038, -0.08484016358852386, 0.01582048274576664, 0.02961834706366062, 0.08466948568820953, -0.020776968449354172, 0.002053796546533704, 0.004358421079814434, 0.05051134154200554, -0.012744099833071232, 0.004882892593741417, 0.0470353439450264, 0.05616706609725952, -0.051314059644937515, 0.03312360495328903, 0.05647692084312439, 0.03113953396677971, 0.0009671178413555026, -0.029668938368558884, 0.05451691895723343, 0.02220931090414524, -0.03458678349852562, -0.058057866990566254, -0.0429205484688282, 0.02193479798734188, -0.015711797401309013, 0.038557738065719604, 0.017163464799523354, -0.039275482296943665, 0.01937258243560791, -0.03782868757843971, -0.0811304971575737, 0.013595224358141422, 0.04174268618226051, 0.0034534886945039034, 0.008192786015570164, -0.05426690727472305, 0.03150494396686554, 0.0059060873463749886, 0.07182426750659943, -0.005112140439450741, 0.032443396747112274, 2.874810795301324e-34, 0.013072341680526733, -0.0028993289452046156, -0.004745036829262972, 0.03234848380088806, 0.054790984839200974, -0.05812618508934975, -0.011369284242391586, -0.033113863319158554, -0.03007696568965912, -0.002481133211404085, -0.06147425249218941]","{'Experience': "": ['Associate Software Engineer and Analyst'] Machine Learning Design Data Analysis Model Training AI Integration Innovation Cross-Functional Collaboration Model Deployment Documentation Analytical"", 'Education': "": ['B.Tech'] ['Electronics and Telecommunication'] ['CDAC ACTS'] Bachelors or Masters degree in Computer Science, Engineering, or a related field."", 'Skills': ': machine learning, method development, artificial intelligence, data modeling, data visualization, data validation, deep learning, mysql, mongodb, python, plotly, seaborn, matplotlib, r or java, tensorflow, pytorch, scikit-learn.'}",target position ai engineer objective skills machine learning method development artificial intelligence data modeling data visualization data validation deep learning mysql mongodb python plotly seaborn matplotlib r or java tensorflow pytorch scikit learn. education b.tech electronics and telecommunication cdac acts bachelors or masters degree in computer science engineering or a related field. experience associate software engineer and analyst machine learning design data analysis model training ai integration innovation cross functional collaboration model deployment documentation analytical skills communication team collaboration machine learning design data analysis model training ai integration innovation cross functional collaboration model deployment documentation analytical skills communication team collaboration jun 2020 till date,"['target', 'position', 'ai', 'engineer', 'objective', 'skill', 'machine', 'learning', 'method', 'development', 'artificial', 'intelligence', 'data', 'modeling', 'data', 'visualization', 'data', 'validation', 'deep', 'learning', 'mysql', 'mongodb', 'python', 'plotly', 'seaborn', 'matplotlib', 'r', 'java', 'tensorflow', 'pytorch', 'scikit', 'learn', 'education', 'b', 'tech', 'electronics', 'telecommunication', 'cdac', 'act', 'bachelor', 'master', 'degree', 'computer', 'science', 'engineering', 'related', 'field', 'experience', 'associate', 'software', 'engineer', 'analyst', 'machine', 'learning', 'design', 'data', 'analysis', 'model', 'training', 'ai', 'integration', 'innovation', 'cross', 'functional', 'collaboration', 'model', 'deployment', 'documentation', 'analytical', 'skill', 'communication', 'team', 'collaboration', 'machine', 'learning', 'design', 'data', 'analysis', 'model', 'training', 'ai', 'integration', 'innovation', 'cross', 'functional', 'collaboration', 'model', 'deployment', 'documentation', 'analytical', 'skill', 'communication', 'team', 'collaboration', 'jun', 'till', 'date']",target position ai engineer objective skill machine learning method development artificial intelligence data modeling data visualization data validation deep learning mysql mongodb python plotly seaborn matplotlib r java tensorflow pytorch scikit learn education b tech electronics telecommunication cdac act bachelor master degree computer science engineering related field experience associate software engineer analyst machine learning design data analysis model training ai integration innovation cross functional collaboration model deployment documentation analytical skill communication team collaboration machine learning design data analysis model training ai integration innovation cross functional collaboration model deployment documentation analytical skill communication team collaboration jun till date
