job_id,job_title,category,job_description,job_text,clean_skills,clean_skills_json,education_text,years_required,embedding,processed_job,tokens,final_processed_job
3651735073,Director of Finance,FINANCE,"APPLY HERE
HTTPS://WWW.INDEED.COM/JOB/DIRECTOR-FINANCE-9C0196508A30CB63
JOB DESCRIPTIONJOB TITLE: DIRECTOR OF FINANCEREPORTS TO: CEO, SVDP-DETROITFLSA STATUS: EXEMPT
SUMMARYTHE SOCIETY OF ST. VINCENT DE PAUL DETROIT EXISTS TO BUILD A MORE EQUITABLE AND COMPASSIONATE WORLD THROUGH MEANINGFUL PERSONAL RELATIONSHIPS, PROVIDING WHATEVER IS NEEDED TO HELP OUR NEIGHBORS GET BACK ON THEIR FEET AND ON A PATH TOWARDS SELF-SUSTAINABILITY. OUR PROGRAMS PROVIDE SUPPORT RANGING FROM UTILITY, HOUSING, AND FOOD ASSISTANCE, TO EDUCATION AND MENTORSHIP. WE ALSO OPERATE A NETWORK OF THRIFT STORES, TWO CAMPS AND A NUTRITIONAL CENTER. WE ARE PASSIONATE ABOUT DRIVING SYSTEMIC CHANGE AND HELPING OUR NEIGHBORS IN METRO-DETROIT BREAK OUT OF POVERTY.
THE DIRECTOR OF FINANCE IS THE PRIMARY INTERFACE WITH THE OUTSOURCED FINANCE FUNCTION AS WELL AS THE PRIMARY ADMINISTRATIVE CONTACT WITH THE EMPLOYEE-OUTSOURCING VENDOR AS WELL AS PROVIDING ONGOING LEADERSHIP AND SUPPORT IN THE AREAS OF RISK MANAGEMENT, EMPLOYEE BENEFITS AND COMPLIANCE.
THE DIRECTOR OF FINANCE REPORTS TO THE CHIEF EXECUTIVE OFFICER, PROVIDES LEADERSHIP AND SUPPORT TO THE BOARD OF DIRECTORS AND ITS COMMITTEES.IN ADDITION TO ENSURING THE FISCAL HEALTH OF THE ORGANIZATION, THE DIRECTOR OF FINANCE PROVIDES LEADERSHIP AND DIRECTION IN THE AREAS OF FINANCE & ACCOUNTING, PAYROLL, ACCOUNTS RECEIVABLE, ACCOUNTS PAYABLE, CENTRALIZED PURCHASING, INVESTMENT MANAGEMENT, HUMAN RESOURCES, AND RISK MANAGEMENT.
TO BE SUCCESSFUL IN THIS ROLE, THE INDIVIDUAL MUST HAVE EXPERIENCE IN FINANCIAL MANAGEMENT OF MULTIPLE BUSINESS UNITS WITH REVENUES IN EXCESS OF $15 MILLION IN A NONPROFIT ENVIRONMENT.
ESSENTIAL DUTIES AND RESPONSIBILITIES:
FINANCE:ACT AS PRIMARY SVDP-DETROIT INTERFACE WITH THE ORGANIZATION’S OUTSOURCED FINANCE AND ACCOUNTING VENDOR.ENSURE THE RELATIONSHIP WITH THE OUTSOURCED FINANCE AND ACCOUNTING VENDOR IS ADMINISTERED IN ACCORDANCE WITH ITS CONTRACT AND WITHIN THE PERFORMANCE GUARANTEES OF ITS KEY DELIVERABLES.PREVIEW THE OUTSOURCED FINANCE AND ACCOUNTING VENDOR'S REPORTS AND ACTIVITY FOR CONSISTENCY WITH THE CONTRACT STATEMENT OF WORK AND QUALITY STANDARDS.REVIEW CASH FLOW REPORTS AND ESTIMATES AND ADVISE ON NECESSARY ADJUSTMENTS.MONITOR SYSTEM OF INTERNAL CONTROLS, INCLUDING SEPARATION OF DUTIES AND REVIEW PROCESSES, TO PREVENT, DETECT AND CORRECT INCIDENTS OF FRAUD AND MATERIAL MISSTATEMENTS.PARTNER WITH SVDP-DETROIT AUDITORS AND THE OUTSOURCED FINANCE AND ACCOUNTING VENDOR IN COMPLETION OF ANNUAL FINANCIAL AUDIT AND 990 FILING.COORDINATE WITH DEPARTMENT HEADS AND THE OUTSOURCED FINANCE AND ACCOUNTING VENDOR IN DEVELOPING BUDGETS AND IN BUDGET ANALYSIS.ASSIST SENIOR MANAGEMENT IN DEVELOPING SHORT-MEDIUM-LONG RANGE FINANCIAL GOALS AND PROJECTIONS.ASSIST THE TREASURER IN CASH FLOW ANALYSIS, FINANCING STRATEGIES, AND ALL TREASURY MANAGEMENT ACTIVITIES. PROVIDE LEADERSHIP TO AUDIT AND FINANCE COMMITTEES.LEAD QUARTERLY MEETINGS WITH INVESTMENT COMMITTEE TO REVIEW INVESTMENT PERFORMANCE AND FUND MANAGERS. ASSESS AND UPDATE INVESTMENT POLICY STATEMENTS. ADVISE ON ASSET ALLOCATION AND RISK TOLERANCE.DEVELOP AND UTILIZE FORWARD-LOOKING, PREDICTIVE MODELS AND ACTIVITY BASED FINANCIAL ANALYSIS TO PROVIDE INSIGHT INTO THE ORGANIZATION’S OPERATIONS AND BUSINESS PLANS.DEVELOP FINANCIAL BUSINESS PLANS AND FORECASTS FOR ALL SPECIAL PROJECTS OR CAPITAL ACQUISITIONS.PARTICIPATE IN DEVELOPING NEW BUSINESS, SPECIFICALLY: ASSIST SENIOR MANAGEMENT IN IDENTIFYING NEW FUNDING OPPORTUNITIES, THE DRAFTING OF PROSPECTIVE PROGRAMMATIC BUDGETS, AND DETERMINING COST EFFECTIVENESS OF PROSPECTIVE SERVICE DELIVERY.RESPONSIBLE FOR COORDINATION AND MANAGEMENT OF ALL CAPITAL PROJECTS FOR SVDPD RELATIVE TO FINANCIAL ANALYSIS OF PROJECTS, TIMING, AND FUNDING REQUIREMENTS WITH THE DIRECTORS OF VARIOUS AREAS.RESPONSIBLE, IN CONJUNCTION WITH SENIOR MANAGEMENT, WITH ENSURING ADHERENCE TO THE CAPITAL BUDGET AND ASSOCIATED PROCESSES (BIDDING, CONTRACT MANAGEMENT, PAYMENT) FOR ALL CAPITAL PROJECTS.ENSURE THE COMPLIANCE OF CONTRACT MANAGEMENT PROCEDURES FOR THE ENTIRE ORGANIZATION, INCLUDING ADHERENCE TO EXISTING COMPANY POLICIES REGARDING MULTIPLE BID REQUIREMENTS FOR GOODS AND SERVICES.ASSESS THE COSTS AND BENEFITS OF ALL PROSPECTIVE CONTRACTS AND PROGRAMMATIC ACTIVITIES.PARTICIPATE IN THE DEVELOPMENT OF THE SVDP-DETROIT NEXT PHASE STRATEGIC PLAN.
HUMAN RESOURCES/PAYROLL/BENEFITS:RESPONSIBLE FOR COORDINATION, ALONG WITH THE CEO, OF THE OUTSIDE PROFESSIONAL EMPLOYER ORGANIZATION (PEO) WITH OVERALL EMPLOYEE MATTERS INCLUDING; DETERMINING SELECTION OF BENEFITS PACKAGE, CHANGE TO AND UPDATING THE EMPLOYEE HANDBOOK, AND ANY REGULATORY AND LEGAL CONSIDERATIONS THAT MAY ARISE.ENSURE THE RELATIONSHIP WITH THE PEO IS ADMINISTERED IN ACCORDANCE WITH ITS CONTRACT AND WITHIN THE PERFORMANCE GUARANTEES OF ITS KEY DELIVERABLES.RESPONSIBLE FOR COORDINATING WITH DIRECTORS THAT THE BI-WEEKLY PAYROLL HOURS ARE CORRECT AND ENSURING THE SUBMISSION AND RUNNING OF THE PAYROLL OCCURS ACCURATELY AND TIMELY, AND THAT THE PAYROLL IS FUNDED PRIOR TO SUBMISSION.COORDINATE WITH THE PEO ON EMPLOYEE WELFARE PLANS OFFERINGS, COST ANALYSIS AND COMPETITIVENESS.COORDINATE WITH THE PEO ON THE WELFARE PLANS OPEN ENROLLMENT PROCESS AND VENDOR SELECTION.OVERSEE AND COORDINATE WITH THE SVDP-DETROIT PENSION PLAN ACTUARY AND ADVISORS ON ANNUAL COMPLIANCE, PARTICIPANT COMMUNICATIONS, BENEFIT DELIVERY, AND GOVERNMENT FILINGS.OVERSEE AND COORDINATE WITH THE SVDP-DETROIT 401(K) PLAN ADMINISTRATOR, RECORD KEEPER, ADVISORS, AND TRUST ON EMPLOYEE ELIGIBILITY COMMUNICATION, SUITABILITY OF INVESTMENT OPTIONS, ONGOING COMPLIANCE, AND GOVERNMENT FILINGS.
RISK:IN CONJUNCTION WITH THE SVDP-DETROIT CEO IDENTIFY, EVALUATE AND MONITOR POTENTIAL NEGATIVE EVENTS TO THE ORGANIZATION IN AREAS OF RISK SUCH AS REPUTATIONAL, SAFETY, FINANCIAL, WEATHER EVENTS, POTENTIAL FIRES, CYBER RISKS, AND OTHER RISKS.DEVELOP PROGRAMS AND PLANS TO MINIMIZE RISK AND PRIORITIZE PROCESSES TO ADDRESS POTENTIAL ADVERSE EVENTS.OVERSEE CORPORATE INSURANCE COVERAGE AND WORK WITH SVDP STAFF AND VINCENTIANS TO MITIGATE RISK.
INFORMATION TECHNOLOGY:RESPONSIBLE FOR IT SUPPORT SERVICES RELATED TO OVERALL SVDPD NEEDS, AND COORDINATION WITH OUTSOURCED SERVICE PROVIDER TO MANAGE DAILY AND MONTHLY SUPPORT NEEDS OF THE CENTRAL OFFICE STAFF.RESPONSIBLE FOR COORDINATING WITH THE DIRECTORS OF STORES/WAREHOUSE AND CAMPS FOR SUPPORT AND INTEGRATION OF THESE AREAS INTO THE OVERALL SVDPD SYSTEMS ENVIRONMENT.ESTABLISHING APPROPRIATE CONTROLS ON ACQUISITION OF HARDWARE AND SOFTWARE FOR ALL THE SVDPD ORGANIZATION TO ENSURE COMPLIANCE WITH OPERATING AND CAPITAL BUDGET PROCESSES AND GUIDELINES.
EDUCATION AND/OR EXPERIENCEBACHELOR’S DEGREE IN ACCOUNTING, BUSINESS ADMINISTRATION OR FINANCE; MBA OR CPA DESIRED5 YEARS MINIMUM NONPROFIT EXPERIENCE AS A FINANCE MANAGER, CONTROLLER, DIRECTOR OF FINANCE, OR CFOSTRONG UNDERSTANDING OF, AND EXTENSIVE PROFESSIONAL EXPERIENCE, WITH:- ACCOUNTING/GAAP PRINCIPLES, PARTICULARLY FOR NONPROFITORGANIZATIONS- TAX REQUIREMENTS FOR NONPROFIT ORGANIZATIONS- BUDGETING AND FORECASTING- FINANCIAL STATEMENT PREPARATION AND REPORTING- CASH FLOW MANAGEMENT- ACCOUNT RECONCILIATIONS AND ACCOUNTS PAYABLE- BANKING SERVICES- INTERNAL CONTROLS- INVESTMENT OVERSIGHT- RISK MANAGEMENTEXPERIENCE IN PENSION AND BENEFIT PLANS ADMINISTRATIONMANAGEMENT-LEVEL RESPONSIBILITY FOR HUMAN RESOURCES, IT, FACILITIES MANAGEMENT, AND GENERAL ADMINISTRATIVE FUNCTIONSSIGNIFICANT EXPERIENCE WORKING WITH VARIOUS FINANCIAL PACKAGES AND MICROSOFT EXCELCOMPUTER EXPERIENCE WITH MICROSOFT OFFICE SUITE A MUST. RAISER’S EDGE SOFTWARE AND RETAIL POS SYSTEMS EXPERIENCE A PLUS
KNOWLEDGE AND ABILITIESMUST BE SELF-MOTIVATED, RESULTS ORIENTED, AND ABLE TO SET PRIORITIES AND WORK ON NUMEROUS PROJECTS SIMULTANEOUSLY WITH STRONG ATTENTION TO DETAIL.EXCELLENT INTERPERSONAL, ORGANIZATIONAL, COMMUNICATION (BOTH VERBAL AND WRITTEN), ANALYTICAL AND NEGOTIATING SKILLS.STRONG ABILITY TO LEAD SVDPD TO THE BEST OUTCOMES FOR THE ENTIRE ORGANIZATION BY BUILDING CONSENSUS AMONG ALL LEVELS, INCLUDING INTERNAL STAFF, BOARD OF DIRECTORS AND BOARD-LEVEL COMMITTEES, DISTRICTS AND CONFERENCES.COMMUNICATE CLEARLY AND CONCISELY WITH SENIOR SVDPD MANAGEMENT, VENDORS AND EMPLOYEES.MAINTAINS A HIGH LEVEL OF CONFIDENTIALITY REGARDING SENSITIVE INFORMATIONHIGHEST LEVEL OF ETHICS AND INTEGRITYEXPERIENCE IN THE NONPROFIT SECTOR. FAMILIARITY WITH THE ARCHDIOCESE OF DETROIT CATHOLIC FAITH COMMUNITY DESIRABLE.
BENEFITS OFFERED401(K)401(K) MATCHINGDENTAL INSURANCEHEALTH INSURANCELIFE INSURANCEPAID TIME OFFVISION INSURANCESTD
JOB TYPE: FULL-TIME
SCHEDULE:MONDAY TO FRIDAY
WORK LOCATION: IN PERSON","Job title: Director of Finance Category: FINANCE Skills: financial management, accounting, gaap principles, budgeting, forecasting, financial statement preparation, cash flow management, accounts payable, internal controls, risk management, microsoft excel, microsoft office suite, negotiating skills, attention to detail, self-motivated, results oriented, confidentiality, ethics and integrity, investment oversight, pension administration, raiser s edge software, pos systems, consensus building Description: APPLY HERE HTTPS://WWW.INDEED.COM/JOB/DIRECTOR-FINANCE-9C0196508A30CB63 JOB DESCRIPTIONJOB TITLE: DIRECTOR OF FINANCEREPORTS TO: CEO, SVDP-DETROITFLSA STATUS: EXEMPT SUMMARYTHE SOCIETY OF ST. VINCENT DE PAUL DETROIT EXISTS TO BUILD A MORE EQUITABLE AND COMPASSIONATE WORLD THROUGH MEANINGFUL PERSONAL RELATIONSHIPS, PROVIDING WHATEVER IS NEEDED TO HELP OUR NEIGHBORS GET BACK ON THEIR FEET AND ON A PATH TOWARDS SELF-SUSTAINABILITY. OUR PROGRAMS PROVIDE SUPPORT RANGING FROM UTILITY, HOUSING, AND FOOD ASSISTANCE, TO EDUCATION AND MENTORSHIP. WE ALSO OPERATE A NETWORK OF THRIFT STORES, TWO CAMPS AND A NUTRITIONAL CENTER. WE ARE PASSIONATE ABOUT DRIVING SYSTEMIC CHANGE AND HELPING OUR NEIGHBORS IN METRO-DETROIT BREAK OUT OF POVERTY. THE DIRECTOR OF FINANCE IS THE PRIMARY INTERFACE WITH THE OUTSOURCED FINANCE FUNCTION AS WELL AS THE PRIMARY ADMINISTRATIVE CONTACT WITH THE EMPLOYEE-OUTSOURCING VENDOR AS WELL AS PROVIDING ONGOING LEADERSHIP AND SUPPORT IN THE AREAS OF RISK MANAGEMENT, EMPLOYEE BENEFITS AND COMPLIANCE. THE DIRECTOR OF FINANCE REPORTS TO THE CHIEF EXECUTIVE OFFICER, PROVIDES LEADERSHIP AND SUPPORT TO THE BOARD OF DIRECTORS AND ITS COMMITTEES.IN ADDITION TO ENSURING THE FISCAL HEALTH OF THE ORGANIZATION, THE DIRECTOR OF FINANCE PROVIDES LEADERSHIP AND DIRECTION IN THE AREAS OF FINANCE & ACCOUNTING, PAYROLL, ACCOUNTS RECEIVABLE, ACCOUNTS PAYABLE, CENTRALIZED PURCHASING, INVESTMENT MANAGEMENT, HUMAN RESOURCES, AND RISK MANAGEMENT. TO BE SUCCESSFUL IN THIS ROLE, THE INDIVIDUAL MUST HAVE EXPERIENCE IN FINANCIAL MANAGEMENT OF MULTIPLE BUSINESS UNITS WITH REVENUES IN EXCESS OF $15 MILLION IN A NONPROFIT ENVIRONMENT. ESSENTIAL DUTIES AND RESPONSIBILITIES: FINANCE:ACT AS PRIMARY SVDP-DETROIT INTERFACE WITH THE ORGANIZATION’S OUTSOURCED FINANCE AND ACCOUNTING VENDOR.ENSURE THE RELATIONSHIP WITH THE OUTSOURCED FINANCE AND ACCOUNTING VENDOR IS ADMINISTERED IN ACCORDANCE WITH ITS CONTRACT AND WITHIN THE PERFORMANCE GUARANTEES OF ITS KEY DELIVERABLES.PREVIEW THE OUTSOURCED FINANCE AND ACCOUNTING VENDOR'S REPORTS AND ACTIVITY FOR CONSISTENCY WITH THE CONTRACT STATEMENT OF WORK AND QUALITY STANDARDS.REVIEW CASH FLOW REPORTS AND ESTIMATES AND ADVISE ON NECESSARY ADJUSTMENTS.MONITOR SYSTEM OF INTERNAL CONTROLS, INCLUDING SEPARATION OF DUTIES AND REVIEW PROCESSES, TO PREVENT, DETECT AND CORRECT INCIDENTS OF FRAUD AND MATERIAL MISSTATEMENTS.PARTNER WITH SVDP-DETROIT AUDITORS AND THE OUTSOURCED FINANCE AND ACCOUNTING VENDOR IN COMPLETION OF ANNUAL FINANCIAL AUDIT AND 990 FILING.COORDINATE WITH DEPARTMENT HEADS AND THE OUTSOURCED FINANCE AND ACCOUNTING VENDOR IN DEVELOPING BUDGETS AND IN BUDGET ANALYSIS.ASSIST SENIOR MANAGEMENT IN DEVELOPING SHORT-MEDIUM-LONG RANGE FINANCIAL GOALS AND PROJECTIONS.ASSIST THE TREASURER IN CASH FLOW ANALYSIS, FINANCING STRATEGIES, AND ALL TREASURY MANAGEMENT ACTIVITIES. PROVIDE LEADERSHIP TO AUDIT AND FINANCE COMMITTEES.LEAD QUARTERLY MEETINGS WITH INVESTMENT COMMITTEE TO REVIEW INVESTMENT PERFORMANCE AND FUND MANAGERS. A","[""financial management"", ""accounting"", ""gaap principles"", ""budgeting"", ""forecasting"", ""financial statement preparation"", ""cash flow management"", ""accounts payable"", ""internal controls"", ""risk management"", ""microsoft excel"", ""microsoft office suite"", ""negotiating skills"", ""attention to detail"", ""self-motivated"", ""results oriented"", ""confidentiality"", ""ethics and integrity"", ""investment oversight"", ""pension administration"", ""raiser s edge software"", ""pos systems"", ""consensus building""]","[""financial management"", ""accounting"", ""gaap principles"", ""budgeting"", ""forecasting"", ""financial statement preparation"", ""cash flow management"", ""accounts payable"", ""internal controls"", ""risk management"", ""microsoft excel"", ""microsoft office suite"", ""negotiating skills"", ""attention to detail"", ""self-motivated"", ""results oriented"", ""confidentiality"", ""ethics and integrity"", ""investment oversight"", ""pension administration"", ""raiser s edge software"", ""pos systems"", ""consensus building""]","APPLY HERE
HTTPS://WWW.INDEED.COM/JOB/DIRECTOR-FINANCE-9C0196508A30CB63
JOB DESCRIPTIONJOB TITLE: DIRECTOR OF FINANCEREPORTS TO: CEO, SVDP-DETROITFLSA STATUS: EXEMPT
SUMMARYTHE SOCIETY OF ST. VINCENT DE PAUL DETROIT EXISTS TO BUILD A MORE EQUITABLE AND COMPASSIONATE WORLD THROUGH MEANINGFUL PERSONAL RELATIONSHIPS, PROVIDING WHATEVER IS NEEDED TO HELP OUR NEIGHBORS GET BACK ON THEIR FEET AND ON A PATH TOWARDS SELF-SUSTAINABILITY. OUR PROGRAMS PROVIDE SUPPORT RANGING FROM UTILITY, HOUSING, AND FOOD ASSISTANCE, TO EDUCATION AND MENTORSHIP. WE ALSO OPERATE A NETWORK OF THRIFT STORES, TWO CAMPS AND A NUTRITIONAL CENTER. WE ARE PASSIONATE ABOUT DRIVING SYSTEMIC CHANGE AND HELPING OUR NEIGHBORS IN METRO-DETROIT BREAK OUT OF POVERTY.
THE DIRECTOR OF FINANCE IS THE PRIMARY INTERFACE WITH THE OUTSOURCED FINANCE FUNCTION AS WELL AS THE PRIMARY ADMINISTRATIVE CONTACT WITH THE EMPLOYEE-OUTSOURCING VENDOR AS WELL AS PROVIDING ONGOING LEADERSHIP AND SUPPORT IN THE AREAS OF RISK MANAGEMENT, EMPLOYEE BENEFITS AND COMPLIANCE.
THE DIRECTOR OF FINANCE REPORTS TO THE CHIEF EXECUTIVE OFFICER, PROVIDES LEADERSHIP AND SUPPORT TO THE BOARD OF DIRECTORS AND ITS COMMITTEES.IN ADDITION TO ENSURING THE FISCAL HEALTH OF THE ORGANIZATION, THE DIRECTOR OF FINANCE PROVIDES LEADERSHIP AND DIRECTION IN THE AREAS OF FINANCE & ACCOUNTING, PAYROLL, ACCOUNTS RECEIVABLE, ACCOUNTS PAYABLE, CENTRALIZED PURCHASING, INVESTMENT MANAGEMENT, HUMAN RESOURCES, AND RISK MANAGEMENT.
TO BE SUCCESSFUL IN THIS ROLE, THE INDIVIDUAL MUST HAVE EXPERIENCE IN FINANCIAL MANAGEMENT OF MULTIPLE BUSINESS UNITS WITH REVENUES IN EXCESS OF $15 MILLION IN A NONPROFIT ENVIRONMENT.
ESSENTIAL DUTIES AND RESPONSIBILITIES:
FINANCE:ACT AS PRIMARY SVDP-DETROIT INTERFACE WITH THE ORGANIZATION’S OUTSOURCED FINANCE AND ACCOUNTING VENDOR.ENSURE THE RELATIONSHIP WITH THE OUTSOURCED FINANCE AND ACCOUNTING VENDOR IS ADMINISTERED IN ACCORDANCE WITH ITS CONTRACT AND WITHIN THE PERFORMANCE GUARANTEES OF ITS KEY DELIVERABLES.PREVIEW THE OUTSOURCED FINANCE AND ACCOUNTING VENDOR'S REPORTS AND ACTIVITY FOR CONSISTENCY WITH THE CONTRACT STATEMENT OF WORK AND QUALITY STANDARDS.REVIEW CASH FLOW REPORTS AND ESTIMATES AND ADVISE ON NECESSARY ADJUSTMENTS.MONITOR SYSTEM OF INTERNAL CONTROLS, INCLUDING SEPARATION OF DUTIES AND REVIEW PROCESSES, TO PREVENT, DETECT AND CORRECT INCIDENTS OF FRAUD AND MATERIAL MISSTATEMENTS.PARTNER WITH SVDP-DETROIT AUDITORS AND THE OUTSOURCED FINANCE AND ACCOUNTING VENDOR IN COMPLETION OF ANNUAL FINANCIAL AUDIT AND 990 FILING.COORDINATE WITH DEPARTMENT HEADS AND THE OUTSOURCED FINANCE AND ACCOUNTING VENDOR IN DEVELOPING BUDGETS AND IN BUDGET ANALYSIS.ASSIST SENIOR MANAGEMENT IN DEVELOPING SHORT-MEDIUM-LONG RANGE FINANCIAL GOALS AND PROJECTIONS.ASSIST THE TREASURER IN CASH FLOW ANALYSIS, FINANCING STRATEGIES, AND ALL TREASURY MANAGEMENT ACTIVITIES. PROVIDE LEADERSHIP TO AUDIT AND FINANCE COMMITTEES.LEAD QUARTERLY MEETINGS WITH INVESTMENT COMMITTEE TO REVIEW INVESTMENT PERFORMANCE AND FUND MANAGERS. ASSESS AND UPDATE INVESTMENT POLICY STATEMENTS. ADVISE ON ASSET ALLOCATION AND RISK TOLERANCE.DEVELOP AND UTILIZE FORWARD-LOOKING, PREDICTIVE MODELS AND ACTIVITY BASED FINANCIAL ANALYSIS TO PROVIDE INSIGHT INTO THE ORGANIZATION’S OPERATIONS AND BUSINESS PLANS.DEVELOP FINANCIAL BUSINESS PLANS AND FORECASTS FOR ALL SPECIAL PROJECTS OR CAPITAL ACQUISITIONS.PARTICIPATE IN DEVELOPING NEW BUSINESS, SPECIFICALLY: ASSIST SENIOR MANAGEMENT IN IDENTIFYING NEW FUNDING OPPORTUNITIES, THE DRAFTING OF PROSPECTIVE PROGRAMMATIC BUDGETS, AND DETERMINING COST EFFECTIVENESS OF PROSPECTIVE SERVICE DELIVERY.RESPONSIBLE FOR COORDINATION AND MANAGEMENT OF ALL CAPITAL PROJECTS FOR SVDPD RELATIVE TO FINANCIAL ANALYSIS OF PROJECTS, TIMING, AND FUNDING REQUIREMENTS WITH THE DIRECTORS OF VARIOUS AREAS.RESPONSIBLE, IN CONJUNCTION WITH SENIOR MANAGEMENT, WITH ENSURING ADHERENCE TO THE CAPITAL BUDGET AND ASSOCIATED PROCESSES (BIDDING, CONTRACT MANAGEMENT, PAYMENT) FOR ALL CAPITAL PROJECTS.ENSURE THE COMPLIANCE OF CONTRACT MANAGEMENT PROCEDURES FOR THE ENTIRE ORGANIZATION, INCLUDING ADHERENCE TO EXISTING COMPANY POLICIES REGARDING MULTIPLE BID REQUIREMENTS FOR GOODS AND SERVICES.ASSESS THE COSTS AND BENEFITS OF ALL PROSPECTIVE CONTRACTS AND PROGRAMMATIC ACTIVITIES.PARTICIPATE IN THE DEVELOPMENT OF THE SVDP-DETROIT NEXT PHASE STRATEGIC PLAN.
HUMAN RESOURCES/PAYROLL/BENEFITS:RESPONSIBLE FOR COORDINATION, ALONG WITH THE CEO, OF THE OUTSIDE PROFESSIONAL EMPLOYER ORGANIZATION (PEO) WITH OVERALL EMPLOYEE MATTERS INCLUDING; DETERMINING SELECTION OF BENEFITS PACKAGE, CHANGE TO AND UPDATING THE EMPLOYEE HANDBOOK, AND ANY REGULATORY AND LEGAL CONSIDERATIONS THAT MAY ARISE.ENSURE THE RELATIONSHIP WITH THE PEO IS ADMINISTERED IN ACCORDANCE WITH ITS CONTRACT AND WITHIN THE PERFORMANCE GUARANTEES OF ITS KEY DELIVERABLES.RESPONSIBLE FOR COORDINATING WITH DIRECTORS THAT THE BI-WEEKLY PAYROLL HOURS ARE CORRECT AND ENSURING THE SUBMISSION AND RUNNING OF THE PAYROLL OCCURS ACCURATELY AND TIMELY, AND THAT THE PAYROLL IS FUNDED PRIOR TO SUBMISSION.COORDINATE WITH THE PEO ON EMPLOYEE WELFARE PLANS OFFERINGS, COST ANALYSIS AND COMPETITIVENESS.COORDINATE WITH THE PEO ON THE WELFARE PLANS OPEN ENROLLMENT PROCESS AND VENDOR SELECTION.OVERSEE AND COORDINATE WITH THE SVDP-DETROIT PENSION PLAN ACTUARY AND ADVISORS ON ANNUAL COMPLIANCE, PARTICIPANT COMMUNICATIONS, BENEFIT DELIVERY, AND GOVERNMENT FILINGS.OVERSEE AND COORDINATE WITH THE SVDP-DETROIT 401(K) PLAN ADMINISTRATOR, RECORD KEEPER, ADVISORS, AND TRUST ON EMPLOYEE ELIGIBILITY COMMUNICATION, SUITABILITY OF INVESTMENT OPTIONS, ONGOING COMPLIANCE, AND GOVERNMENT FILINGS.
RISK:IN CONJUNCTION WITH THE SVDP-DETROIT CEO IDENTIFY, EVALUATE AND MONITOR POTENTIAL NEGATIVE EVENTS TO THE ORGANIZATION IN AREAS OF RISK SUCH AS REPUTATIONAL, SAFETY, FINANCIAL, WEATHER EVENTS, POTENTIAL FIRES, CYBER RISKS, AND OTHER RISKS.DEVELOP PROGRAMS AND PLANS TO MINIMIZE RISK AND PRIORITIZE PROCESSES TO ADDRESS POTENTIAL ADVERSE EVENTS.OVERSEE CORPORATE INSURANCE COVERAGE AND WORK WITH SVDP STAFF AND VINCENTIANS TO MITIGATE RISK.
INFORMATION TECHNOLOGY:RESPONSIBLE FOR IT SUPPORT SERVICES RELATED TO OVERALL SVDPD NEEDS, AND COORDINATION WITH OUTSOURCED SERVICE PROVIDER TO MANAGE DAILY AND MONTHLY SUPPORT NEEDS OF THE CENTRAL OFFICE STAFF.RESPONSIBLE FOR COORDINATING WITH THE DIRECTORS OF STORES/WAREHOUSE AND CAMPS FOR SUPPORT AND INTEGRATION OF THESE AREAS INTO THE OVERALL SVDPD SYSTEMS ENVIRONMENT.ESTABLISHING APPROPRIATE CONTROLS ON ACQUISITION OF HARDWARE AND SOFTWARE FOR ALL THE SVDPD ORGANIZATION TO ENSURE COMPLIANCE WITH OPERATING AND CAPITAL BUDGET PROCESSES AND GUIDELINES.
EDUCATION AND/OR EXPERIENCEBACHELOR’S DEGREE IN ACCOUNTING, BUSINESS ADMINISTRATION OR FINANCE; MBA OR CPA DESIRED5 YEARS MINIMUM NONPROFIT EXPERIENCE AS A FINANCE MANAGER, CONTROLLER, DIRECTOR OF FINANCE, OR CFOSTRONG UNDERSTANDING OF, AND EXTENSIVE PROFESSIONAL EXPERIENCE, WITH:- ACCOUNTING/GAAP PRINCIPLES, PARTICULARLY FOR NONPROFITORGANIZATIONS- TAX REQUIREMENTS FOR NONPROFIT ORGANIZATIONS- BUDGETING AND FORECASTING- FINANCIAL STATEMENT PREPARATION AND REPORTING- CASH FLOW MANAGEMENT- ACCOUNT RECONCILIATIONS AND ACCOUNTS PAYABLE- BANKING SERVICES- INTERNAL CONTROLS- INVESTMENT OVERSIGHT- RISK MANAGEMENTEXPERIENCE IN PENSION AND BENEFIT PLANS ADMINISTRATIONMANAGEMENT-LEVEL RESPONSIBILITY FOR HUMAN RESOURCES, IT, FACILITIES MANAGEMENT, AND GENERAL ADMINISTRATIVE FUNCTIONSSIGNIFICANT EXPERIENCE WORKING WITH VARIOUS FINANCIAL PACKAGES AND MICROSOFT EXCELCOMPUTER EXPERIENCE WITH MICROSOFT OFFICE SUITE A MUST. RAISER’S EDGE SOFTWARE AND RETAIL POS SYSTEMS EXPERIENCE A PLUS
KNOWLEDGE AND ABILITIESMUST BE SELF-MOTIVATED, RESULTS ORIENTED, AND ABLE TO SET PRIORITIES AND WORK ON NUMEROUS PROJECTS SIMULTANEOUSLY WITH STRONG ATTENTION TO DETAIL.EXCELLENT INTERPERSONAL, ORGANIZATIONAL, COMMUNICATION (BOTH VERBAL AND WRITTEN), ANALYTICAL AND NEGOTIATING SKILLS.STRONG ABILITY TO LEAD SVDPD TO THE BEST OUTCOMES FOR THE ENTIRE ORGANIZATION BY BUILDING CONSENSUS AMONG ALL LEVELS, INCLUDING INTERNAL STAFF, BOARD OF DIRECTORS AND BOARD-LEVEL COMMITTEES, DISTRICTS AND CONFERENCES.COMMUNICATE CLEARLY AND CONCISELY WITH SENIOR SVDPD MANAGEMENT, VENDORS AND EMPLOYEES.MAINTAINS A HIGH LEVEL OF CONFIDENTIALITY REGARDING SENSITIVE INFORMATIONHIGHEST LEVEL OF ETHICS AND INTEGRITYEXPERIENCE IN THE NONPROFIT SECTOR. FAMILIARITY WITH THE ARCHDIOCESE OF DETROIT CATHOLIC FAITH COMMUNITY DESIRABLE.
BENEFITS OFFERED401(K)401(K) MATCHINGDENTAL INSURANCEHEALTH INSURANCELIFE INSURANCEPAID TIME OFFVISION INSURANCESTD
JOB TYPE: FULL-TIME
SCHEDULE:MONDAY TO FRIDAY
WORK LOCATION: IN PERSON",30.0,"[-0.006719283293932676, 0.1176915317773819, -0.004483179654926062, 0.042868949472904205, 0.032560624182224274, 0.046416062861680984, -0.047530777752399445, -0.009987003169953823, -0.03191830590367317, -0.008380231447517872, -0.02591743879020214, 0.04118978604674339, 0.026475485414266586, 0.0626579076051712, -0.0012651202268898487, 0.05103188008069992, 0.0036132638342678547, 0.03874348849058151, -0.009557962417602539, -0.0479111485183239, 0.012535415589809418, 0.027553841471672058, -0.02228003554046154, -0.020542072132229805, -0.0397256538271904, -0.01225203089416027, 0.023309243842959404, 0.03737516701221466, 0.015666702762246132, 0.009636185131967068, 0.022791320458054543, 0.013849559240043163, 0.012861322611570358, -0.04522564262151718, 2.679826138773933e-06, -0.006794503889977932, 0.015576271340250969, -0.0263123270124197, -0.018953578546643257, -8.757402247283608e-05, -0.009858259931206703, -0.07534642517566681, 0.006157029885798693, 0.013966716825962067, -0.021875813603401184, -0.01810874603688717, 0.022011544555425644, -0.0130154425278306, -0.012895348481833935, -0.029684772714972496, -0.01080714538693428, -0.02602301351726055, -0.053237080574035645, -0.0062991902232170105, -0.07279713451862335, 0.0062021175399422646, -0.000153504908666946, 0.04123552516102791, 0.0021916108671575785, -0.06791551411151886, -0.015098335221409798, 0.001912711071781814, -0.012853028252720833, -0.021814772859215736, 0.06936284154653549, 0.045198921114206314, 0.03739249333739281, -0.011990108527243137, 0.019542984664440155, -0.012893108651041985, 0.08941834419965744, -0.0012065296759828925, 0.030815696343779564, 0.048207856714725494, 0.05555522069334984, 0.023097356781363487, 0.011307168751955032, -0.04868937283754349, -0.015494498424232006, -0.021918589249253273, -0.018154600635170937, 0.07451656460762024, 0.011836199089884758, 0.001264176331460476, 0.00763368047773838, -0.08094056695699692, -0.009723176248371601, -0.031104804947972298, -0.007231625262647867, 0.06373787671327591, -0.03920567035675049, -0.04413902759552002, 0.02276172675192356, -0.0061241863295435905, 0.04619591310620308, -0.016161497682332993, -0.00969222467392683, -0.0424591526389122, -0.029603946954011917, -0.031095322221517563, 0.003191671334207058, 0.012853681109845638, 0.0265207476913929, 1.815982068364974e-05, -0.007728549186140299, 0.07024616748094559, -0.024139774963259697, 0.018915852531790733, -0.031680233776569366, 0.030569029971957207, 0.008175920695066452, 0.026516661047935486, 0.004078125115483999, 0.004706873558461666, -0.025276796892285347, -0.004609445575624704, -0.0020802542567253113, 0.0009502926841378212, 0.031531382352113724, 0.02466459386050701, 0.017419718205928802, 0.01742035709321499, 0.06989694386720657, 0.05055603012442589, 0.003532540751621127, -0.030747853219509125, -0.017931731417775154, -0.028681142255663872, 0.0009771445766091347, 0.11464662849903107, -0.004903024528175592, -0.02929564192891121, 0.01855829730629921, 0.0014408682473003864, 0.01936175674200058, 0.07354480028152466, -0.004496672656387091, 0.04832391440868378, 0.038614220917224884, 0.045303601771593094, -0.03984305262565613, -0.020312083885073662, -0.035115133970975876, -0.011678745038807392, -0.023629195988178253, -0.015222289599478245, -0.022951770573854446, 0.01784077100455761, 0.007461530156433582, -0.0037296919617801905, -0.013410737738013268, -0.01777542755007744, -0.02719273790717125, 0.02280791476368904, 0.08860793709754944, 0.012913063168525696, -0.001366455340757966, -0.00996447540819645, -0.0003991721896454692, -0.02940288931131363, 0.050719741731882095, -0.03580229729413986, -0.04789300635457039, 0.03701785206794739, 0.004141740035265684, 0.034144628793001175, 0.04885555058717728, 0.022351905703544617, -0.006931328680366278, -0.02005370706319809, 0.050800807774066925, -0.005996776279062033, -0.05367181450128555, 0.002628678223118186, 0.0315861813724041, 0.008605238981544971, 0.07757066935300827, -0.07404261827468872, 0.002146081067621708, 0.031690385192632675, 0.00904792919754982, -0.10248004645109177, -0.034059956669807434, 0.013461378403007984, 0.04908182844519615, 0.05714545398950577, -0.05258439853787422, 0.003283142112195492, -0.020231926813721657, -0.008474033325910568, 0.0008209992083720863, 0.012318936176598072, -0.07977523654699326, 0.021450109779834747, -0.036634113639593124, 0.02734360657632351, -0.051934223622083664, 0.025765351951122284, 0.02780322916805744, 0.032076653093099594, -0.035391341894865036, 0.001895912573672831, 0.032453637570142746, 0.09133945405483246, 0.026248380541801453, -0.02271217107772827, 0.0109147559851408, -0.014000816270709038, -0.04680437222123146, 0.007822435349225998, 0.031017085537314415, 0.026972252875566483, 0.00386232603341341, -0.007166663184762001, 0.000624532054644078, 0.036558397114276886, 0.04186815768480301, 0.033617664128541946, 0.0007559352670796216, 0.03778756409883499, -0.0014404194662347436, -0.004590210039168596, 0.00576157309114933, 0.008671840652823448, 0.06813114136457443, -0.02704501524567604, 0.012587402947247028, -0.028932329267263412, -0.053792476654052734, -0.00023839256027713418, -0.013148177415132523, 0.013879375532269478, -0.039160799235105515, 0.006547014228999615, 0.044199083000421524, -0.0334322415292263, -0.016107818111777306, 0.022440621629357338, 0.04156283289194107, 0.010974394157528877, -0.06410074234008789, 0.07492445409297943, 0.02470388263463974, 0.030959179624915123, 0.059807777404785156, 0.018520230427384377, -0.11083554476499557, -0.03210853040218353, -0.008384570479393005, 0.03461267799139023, -0.005246213637292385, 0.03560062497854233, 0.03586345911026001, 0.00744581688195467, 0.010793554596602917, 0.005302795674651861, 0.0780119076371193, 0.027850566431879997, -0.050171248614788055, 0.07333928346633911, -0.04145759344100952, -0.051149237900972366, -0.06003284826874733, 0.02420073002576828, 0.06404276192188263, -0.0020211960654705763, 0.03451284393668175, 0.034781575202941895, -0.05398888513445854, -0.0010534444591030478, -0.00429631257429719, 0.001552277011796832, 0.018122827634215355, -0.012004458345472813, 0.030989430844783783, -0.0019052723655477166, -0.020281976088881493, 0.07193423062562943, -0.012860653921961784, 0.03723478317260742, -0.0058509670197963715, -0.042495064437389374, -0.02663460001349449, 0.0023293986450880766, 0.020280053839087486, -0.0037318638060241938, 0.06577572226524353, -0.06416410952806473, -0.018853940069675446, 0.0011105561861768365, -0.024364598095417023, 0.01116784755140543, 0.028167132288217545, -0.04093298316001892, -0.0009085027268156409, 0.012419508770108223, 0.014849942177534103, -0.054198119789361954, -0.014832595363259315, 0.026274602860212326, -0.06302434206008911, -0.026427021250128746, 0.060971032828092575, -0.02401627227663994, 0.03846873715519905, 0.05788980796933174, -0.008456490002572536, 0.10211460292339325, -0.035898637026548386, -0.03678891807794571, 0.0025571382138878107, 0.025430088862776756, 0.0032420121133327484, 0.0019288765033707023, -0.002057362115010619, -0.03572750836610794, -0.024071335792541504, -0.04110981151461601, -0.027285728603601456, 0.07851529121398926, -0.013289441354572773, 0.032538704574108124, -0.06631620228290558, -0.017233166843652725, -0.026240799576044083, 0.04361458495259285, -0.05730995535850525, -0.034080568701028824, 0.02147749625146389, -0.08585155010223389, 0.018841546028852463, -0.026655113324522972, -0.061979979276657104, -0.05099796876311302, 0.021690066903829575, 0.0028504731599241495, 0.00983639806509018, 0.013447757810354233, 0.02380148507654667, -0.016432253643870354, -0.051458314061164856, -0.07743732631206512, -0.05671633034944534, -0.009411012753844261, -0.013329233974218369, 0.011816560290753841, -0.00320803327485919, -0.01992131397128105, -0.08239751309156418, -0.024523967877030373, -0.023268146440386772, 0.043611396104097366, 0.012282026000320911, -0.01616637408733368, -0.002518748166039586, -0.02474365383386612, -0.059940144419670105, -0.0006000595167279243, 0.03210194781422615, -0.07371990382671356, 0.01549232006072998, -0.03499636799097061, 0.03156924620270729, -0.014120975509285927, 0.014192064292728901, 0.01035213191062212, -0.009458865970373154, 0.017244776710867882, -0.029583413153886795, -0.02899295650422573, -0.05234958603978157, 0.018993856385350227, -0.07883083820343018, 0.027911528944969177, -0.012170042842626572, 0.01261244434863329, 0.0561753511428833, 0.03726644814014435, -0.003735356032848358, 0.006574760656803846, 0.054907236248254776, -0.08165358006954193, 0.031799763441085815, -0.02182774618268013, 0.023105693981051445, 0.011158195324242115, -0.048259567469358444, -0.04710809886455536, 0.02365952357649803, 0.036645036190748215, 0.010223254561424255, 0.04219746217131615, -0.03489195927977562, 0.020011430606245995, -0.04649394005537033, -0.004424457438290119, -0.041986074298620224, -0.005661118309944868, 0.01482979767024517, -0.005272177513688803, 0.01074435655027628, 0.018673714250326157, 0.06585486978292465, 0.01200014166533947, 0.05117649957537651, -0.15524327754974365, 0.09849098324775696, -0.02006307803094387, -0.01336932647973299, 0.07791481912136078, -0.05387549847364426, -0.021207228302955627, -0.038905031979084015, 0.05071866139769554, -0.04640796035528183, -0.051873404532670975, -0.03634518012404442, 0.03037169575691223, 0.020057791844010353, -0.06798131763935089, 0.05824032798409462, 0.03267041593790054, 0.003448903327807784, 0.04274982586503029, 0.08144998550415039, 0.0067756581120193005, 0.09205703437328339, -0.03942371532320976, -0.0045122611336410046, -0.027749555185437202, 0.02689233236014843, 0.05942355841398239, 0.015222585760056973, 0.007982182316482067, 0.004198161419481039, 0.0476129874587059, -0.019915631040930748, 0.008106083609163761, 0.012365982867777348, -0.03267420083284378, -0.017792755737900734, 0.04832127317786217, 0.004277427215129137, -0.031547341495752335, -0.07637636363506317, -0.020629888400435448, -0.04872557893395424, -0.004033075179904699, -0.07560623437166214, -0.045970618724823, 0.07184557616710663, 0.02758188173174858, -0.0204051174223423, -0.0802217498421669, 0.017406225204467773, -0.04091079160571098, -0.012141149491071701, 0.013018285855650902, 0.003118787659332156, 0.012497857213020325, -0.03830162063241005, 0.020203083753585815, -0.014225847087800503, -0.0015910544898360968, 0.06673212349414825, -0.02008592151105404, 0.03949769213795662, -0.004449079744517803, -0.0028838771395385265, -0.033097971230745316, 0.05612826347351074, 0.008409161120653152, -0.028469573706388474, -0.06967907398939133, 0.048535194247961044, -0.027878547087311745, -0.03221963346004486, 0.004103443119674921, -0.0055496543645858765, 0.009670530445873737, 0.005238605197519064, -0.03939853608608246, 0.03226926922798157, -0.0015115097630769014, -0.033355288207530975, -0.01234130747616291, 0.0059598819352686405, 0.0010636746883392334, -0.025959782302379608, -0.013613495975732803, 0.01611894555389881, 0.0025371285155415535, -0.029900139197707176, -0.026714477688074112, -0.00039537824341095984, -0.012556163594126701, 0.005182739347219467, 0.01980362832546234, 0.05492817610502243, 0.014339739456772804, -0.022486666217446327, -0.01877712644636631, 0.012654944323003292, 0.028557874262332916, 0.008854515850543976, -0.036324482411146164, -0.028912438079714775, 0.002694566734135151, 0.009927071630954742, 0.04905570298433304, -0.044255346059799194, -0.017327509820461273, -0.04894150793552399, -0.0416632741689682, 0.018825426697731018, -0.00017870932060759515, -0.010659727267920971, -0.005045157857239246, -0.05595392733812332, -0.056450288742780685, 0.029912278056144714, -0.007201481610536575, -0.007903928868472576, 0.020156696438789368, -0.010723474435508251, 0.0011175840627402067, 0.02196635864675045, -0.004783115349709988, -0.027117615565657616, 0.037526994943618774, -0.003232132876291871, -0.016897138208150864, -0.08154928684234619, 0.03183630853891373, 0.009630100801587105, -0.028944620862603188, -0.0018587459344416857, 0.07097085565328598, 0.05216636881232262, 0.007088356651365757, -0.06393544375896454, 0.011925462633371353, 0.03317510336637497, -0.008085370063781738, 0.013424339704215527, -0.011204157024621964, -0.01685919426381588, -0.05226906016469002, 0.016242878511548042, 0.06256049871444702, -0.010527493432164192, -0.037325918674468994, 0.004801818169653416, -0.02446332387626171, -0.023569969460368156, -6.427899922619851e-33, 0.03473014757037163, -0.04237912595272064, 0.011168510653078556, -0.0045557222329080105, -0.042850226163864136, 0.022758862003684044, 0.022611455991864204, -0.026530839502811432, -0.05179883539676666, 0.03133711963891983, -0.0057173785753548145, 0.016337864100933075, 0.01104515790939331, 0.005227226298302412, 0.013207316398620605, -0.006483145523816347, -0.004798623267561197, -0.03820649906992912, 0.0035621915012598038, -0.04009655863046646, -0.02506878226995468, 0.045813459903001785, 0.015148721635341644, 0.04952625185251236, 0.00632955739274621, -0.021252064034342766, 0.011461845599114895, 0.02997666597366333, 0.08009231835603714, -0.03544050455093384, 0.024612203240394592, -0.018916936591267586, -0.04584036394953728, -0.09576302021741867, 0.005986820440739393, 0.013569270260632038, -0.04675213620066643, -0.006034376565366983, 0.02180558443069458, 0.0175440963357687, -0.013872390612959862, 0.03901368007063866, 0.005694638937711716, 0.005845080129802227, 0.003841388039290905, -0.022563381120562553, -0.034700967371463776, -0.006781908683478832, 0.03251877427101135, -0.057946816086769104, -0.04748440533876419, 0.025506526231765747, -0.002590467454865575, 0.027777517214417458, 0.023258546367287636, 0.0013713306980207562, -0.004525874275714159, 0.005390242673456669, 0.05155697837471962, -0.061909861862659454, -0.056091632694005966, -0.029042193666100502, 0.001466035726480186, 0.01587248407304287, -0.01094867568463087, 0.0009867822518572211, 0.021080920472741127, 0.022316589951515198, -0.003567043226212263, -0.009657701477408409, -0.0030388333834707737, 0.05960705131292343, -0.017331000417470932, 0.006796836853027344, -0.0666508674621582, 0.013662507757544518, -0.028647804632782936, 0.007293631788343191, -0.00662135798484087, -0.04818962886929512, -0.008246628567576408, 0.028337186202406883, -0.01600261591374874, -0.019810762256383896, 0.005429925862699747, -0.015510151162743568, -0.01204774808138609, 0.041456472128629684, 0.01137972716242075, -0.008894729427993298, 0.031047573313117027, -0.018209749832749367, -0.011956077069044113, -0.032082632184028625, 0.017548764124512672, -0.020711258053779602, 0.030895790085196495, -0.036260124295949936, 0.016269195824861526, 0.025835009291768074, -0.0742587223649025, 0.05924777314066887, 0.037047579884529114, 0.0740254819393158, 0.01119173876941204, 0.006983023136854172, -0.024663297459483147, -0.04340381920337677, -0.00015748445002827793, 0.033557988703250885, 0.016240103170275688, -0.0010056080063804984, 0.0007938584894873202, 0.04814409092068672, -0.060111306607723236, -0.04996297508478165, -0.0006333939381875098, -0.09415200352668762, 0.020250258967280388, -0.0001721071166684851, 0.06753190606832504, 0.03918597474694252, 0.03176229074597359, 0.06709408760070801, -0.05134671553969383, 0.015028383582830429, 0.02285641059279442, -0.0003344908473081887, -0.0032691729720681906, 0.020627468824386597, 0.006775628309696913, -0.0014182638842612505, 3.210521981600323e-07, 0.03721712902188301, -0.01923336274921894, -0.007037271745502949, -0.0157142486423254, 0.019768783822655678, 0.0015515239210799336, -0.019935300573706627, -0.020814506337046623, -0.03427373617887497, -0.0035340418107807636, 0.03897835686802864, 0.01519843190908432, 0.02743084728717804, -0.044337403029203415, -0.01901990920305252, -0.08455144613981247, -0.04209957271814346, -0.055990464985370636, 0.013977088034152985, -0.018879367038607597, -0.06487414985895157, 0.014664107002317905, 0.013538803905248642, -0.04850001633167267, 0.05225061625242233, 0.005475705023854971, 0.0012390551855787635, 0.02335766889154911, -0.026351749897003174, -0.03993773087859154, 0.032401859760284424, 0.016278782859444618, 7.945547258714214e-05, -0.015814252197742462, -0.036348458379507065, -0.017077084630727768, 0.035514283925294876, -0.003380639711394906, -0.0002963752776850015, 0.051423367112874985, -0.019588522613048553, -0.054377101361751556, -0.043566636741161346, 0.03166038542985916, -0.020745646208524704, -0.02095397561788559, -0.04724258556962013, 0.021883957087993622, -0.07789166271686554, 0.037344951182603836, -0.026821143925189972, 0.0804469883441925, -0.058802928775548935, 0.04029570892453194, 0.022718388587236404, 0.017028313130140305, -0.0410732701420784, -0.01571393571794033, 0.05778476968407631, -0.0019896687008440495, 0.03397419676184654, -0.019093144685029984, 0.012523714452981949, 0.039239395409822464, 0.06269171088933945, 0.024986019358038902, -0.015217168256640434, 3.108127827251576e-34, 0.0008965686429291964, -0.019882244989275932, -0.02909880317747593, -0.036790214478969574, 0.049651410430669785, -0.05926064774394035, -0.004890632349997759, 0.048033881932497025, 0.0100362878292799, -0.010734635405242443, -0.0005233762785792351]",apply here job descriptionjob title director of financereports to ceo svdp detroitflsa status exempt summarythe society of st. vincent de paul detroit exists to build a more equitable and compassionate world through meaningful personal relationships providing whatever is needed to help our neighbors get back on their feet and on a path towards self sustainability. our programs provide support ranging from utility housing and food assistance to education and mentorship. we also operate a network of thrift stores two camps and a nutritional center. we are passionate about driving systemic change and helping our neighbors in metro detroit break out of poverty. the director of finance is the primary interface with the outsourced finance function as well as the primary administrative contact with the employee outsourcing vendor as well as providing ongoing leadership and support in the areas of risk management employee benefits and compliance. the director of finance reports to the chief executive officer provides leadership and support to the board of directors and its committees.in addition to ensuring the fiscal health of the organization the director of finance provides leadership and direction in the areas of finance accounting payroll accounts receivable accounts payable centralized purchasing investment management human resources and risk management. to be successful in this role the individual must have experience in financial management of multiple business units with revenues in excess of 15 million in a nonprofit environment. essential duties and responsibilities finance act as primary svdp detroit interface with the organization s outsourced finance and accounting vendor.ensure the relationship with the outsourced finance and accounting vendor is administered in accordance with its contract and within the performance guarantees of its key deliverables.preview the outsourced finance and accounting vendor s reports and activity for consistency with the contract statement of work and quality standards.review cash flow reports and estimates and advise on necessary adjustments.monitor system of internal controls including separation of duties and review processes to prevent detect and correct incidents of fraud and material misstatements.partner with svdp detroit auditors and the outsourced finance and accounting vendor in completion of annual financial audit and 990 filing.coordinate with department heads and the outsourced finance and accounting vendor in developing budgets and in budget analysis.assist senior management in developing short medium long range financial goals and projections.assist the treasurer in cash flow analysis financing strategies and all treasury management activities. provide leadership to audit and finance committees.lead quarterly meetings with investment committee to review investment performance and fund managers. assess and update investment policy statements. advise on asset allocation and risk tolerance.develop and utilize forward looking predictive models and activity based financial analysis to provide insight into the organization s operations and business plans.develop financial business plans and forecasts for all special projects or capital acquisitions.participate in developing new business specifically assist senior management in identifying new funding opportunities the drafting of prospective programmatic budgets and determining cost effectiveness of prospective service delivery.responsible for coordination and management of all capital projects for svdpd relative to financial analysis of projects timing and funding requirements with the directors of various areas.responsible in conjunction with senior management with ensuring adherence to the capital budget and associated processes bidding contract management payment for all capital projects.ensure the compliance of contract management procedures for the entire organization including adherence to existing company policies regarding multiple bid requirements for goods and services.assess the costs and benefits of all prospective contracts and programmatic activities.participate in the development of the svdp detroit next phase strategic plan. human resources payroll benefits responsible for coordination along with the ceo of the outside professional employer organization peo with overall employee matters including determining selection of benefits package change to and updating the employee handbook and any regulatory and legal considerations that may arise.ensure the relationship with the peo is administered in accordance with its contract and within the performance guarantees of its key deliverables.responsible for coordinating with directors that the bi weekly payroll hours are correct and ensuring the submission and running of the payroll occurs accurately and timely and that the payroll is funded prior to submission.coordinate with the peo on employee welfare plans offerings cost analysis and competitiveness.coordinate with the peo on the welfare plans open enrollment process and vendor selection.oversee and coordinate with the svdp detroit pension plan actuary and advisors on annual compliance participant communications benefit delivery and government filings.oversee and coordinate with the svdp detroit 401 k plan administrator record keeper advisors and trust on employee eligibility communication suitability of investment options ongoing compliance and government filings. risk in conjunction with the svdp detroit ceo identify evaluate and monitor potential negative events to the organization in areas of risk such as reputational safety financial weather events potential fires cyber risks and other risks.develop programs and plans to minimize risk and prioritize processes to address potential adverse events.oversee corporate insurance coverage and work with svdp staff and vincentians to mitigate risk. information technology responsible for it support services related to overall svdpd needs and coordination with outsourced service provider to manage daily and monthly support needs of the central office staff.responsible for coordinating with the directors of stores warehouse and camps for support and integration of these areas into the overall svdpd systems environment.establishing appropriate controls on acquisition of hardware and software for all the svdpd organization to ensure compliance with operating and capital budget processes and guidelines. education and or experiencebachelor s degree in accounting business administration or finance mba or cpa desired5 years minimum nonprofit experience as a finance manager controller director of finance or cfostrong understanding of and extensive professional experience with accounting gaap principles particularly for nonprofitorganizations tax requirements for nonprofit organizations budgeting and forecasting financial statement preparation and reporting cash flow management account reconciliations and accounts payable banking services internal controls investment oversight risk managementexperience in pension and benefit plans administrationmanagement level responsibility for human resources it facilities management and general administrative functionssignificant experience working with various financial packages and microsoft excelcomputer experience with microsoft office suite a must. raiser s edge software and retail pos systems experience a plus knowledge and abilitiesmust be self motivated results oriented and able to set priorities and work on numerous projects simultaneously with strong attention to detail.excellent interpersonal organizational communication both verbal and written analytical and negotiating skills.strong ability to lead svdpd to the best outcomes for the entire organization by building consensus among all levels including internal staff board of directors and board level committees districts and conferences.communicate clearly and concisely with senior svdpd management vendors and employees.maintains a high level of confidentiality regarding sensitive informationhighest level of ethics and integrityexperience in the nonprofit sector. familiarity with the archdiocese of detroit catholic faith community desirable. benefits offered401 k 401 k matchingdental insurancehealth insurancelife insurancepaid time offvision insurancestd job type full time schedule monday to friday work location in person,"['apply', 'job', 'descriptionjob', 'title', 'director', 'financereports', 'ceo', 'svdp', 'detroitflsa', 'status', 'exempt', 'summarythe', 'society', 'st', 'vincent', 'de', 'paul', 'detroit', 'exists', 'build', 'equitable', 'compassionate', 'world', 'meaningful', 'personal', 'relationship', 'providing', 'whatever', 'needed', 'help', 'neighbor', 'get', 'back', 'foot', 'path', 'towards', 'self', 'sustainability', 'program', 'provide', 'support', 'ranging', 'utility', 'housing', 'food', 'assistance', 'education', 'mentorship', 'also', 'operate', 'network', 'thrift', 'store', 'two', 'camp', 'nutritional', 'center', 'passionate', 'driving', 'systemic', 'change', 'helping', 'neighbor', 'metro', 'detroit', 'break', 'poverty', 'director', 'finance', 'primary', 'interface', 'outsourced', 'finance', 'function', 'well', 'primary', 'administrative', 'contact', 'employee', 'outsourcing', 'vendor', 'well', 'providing', 'ongoing', 'leadership', 'support', 'area', 'risk', 'management', 'employee', 'benefit', 'compliance', 'director', 'finance', 'report', 'chief', 'executive', 'officer', 'provides', 'leadership', 'support', 'board', 'director', 'committee', 'addition', 'ensuring', 'fiscal', 'health', 'organization', 'director', 'finance', 'provides', 'leadership', 'direction', 'area', 'finance', 'accounting', 'payroll', 'account', 'receivable', 'account', 'payable', 'centralized', 'purchasing', 'investment', 'management', 'human', 'resource', 'risk', 'management', 'successful', 'role', 'individual', 'must', 'experience', 'financial', 'management', 'multiple', 'business', 'unit', 'revenue', 'excess', 'million', 'nonprofit', 'environment', 'essential', 'duty', 'responsibility', 'finance', 'act', 'primary', 'svdp', 'detroit', 'interface', 'organization', 'outsourced', 'finance', 'accounting', 'vendor', 'ensure', 'relationship', 'outsourced', 'finance', 'accounting', 'vendor', 'administered', 'accordance', 'contract', 'within', 'performance', 'guarantee', 'key', 'deliverable', 'preview', 'outsourced', 'finance', 'accounting', 'vendor', 'report', 'activity', 'consistency', 'contract', 'statement', 'work', 'quality', 'standard', 'review', 'cash', 'flow', 'report', 'estimate', 'advise', 'necessary', 'adjustment', 'monitor', 'system', 'internal', 'control', 'including', 'separation', 'duty', 'review', 'process', 'prevent', 'detect', 'correct', 'incident', 'fraud', 'material', 'misstatement', 'partner', 'svdp', 'detroit', 'auditor', 'outsourced', 'finance', 'accounting', 'vendor', 'completion', 'annual', 'financial', 'audit', 'filing', 'coordinate', 'department', 'head', 'outsourced', 'finance', 'accounting', 'vendor', 'developing', 'budget', 'budget', 'analysis', 'assist', 'senior', 'management', 'developing', 'short', 'medium', 'long', 'range', 'financial', 'goal', 'projection', 'assist', 'treasurer', 'cash', 'flow', 'analysis', 'financing', 'strategy', 'treasury', 'management', 'activity', 'provide', 'leadership', 'audit', 'finance', 'committee', 'lead', 'quarterly', 'meeting', 'investment', 'committee', 'review', 'investment', 'performance', 'fund', 'manager', 'assess', 'update', 'investment', 'policy', 'statement', 'advise', 'asset', 'allocation', 'risk', 'tolerance', 'develop', 'utilize', 'forward', 'looking', 'predictive', 'model', 'activity', 'based', 'financial', 'analysis', 'provide', 'insight', 'organization', 'operation', 'business', 'plan', 'develop', 'financial', 'business', 'plan', 'forecast', 'special', 'project', 'capital', 'acquisition', 'participate', 'developing', 'new', 'business', 'specifically', 'assist', 'senior', 'management', 'identifying', 'new', 'funding', 'opportunity', 'drafting', 'prospective', 'programmatic', 'budget', 'determining', 'cost', 'effectiveness', 'prospective', 'service', 'delivery', 'responsible', 'coordination', 'management', 'capital', 'project', 'svdpd', 'relative', 'financial', 'analysis', 'project', 'timing', 'funding', 'requirement', 'director', 'various', 'area', 'responsible', 'conjunction', 'senior', 'management', 'ensuring', 'adherence', 'capital', 'budget', 'associated', 'process', 'bidding', 'contract', 'management', 'payment', 'capital', 'project', 'ensure', 'compliance', 'contract', 'management', 'procedure', 'entire', 'organization', 'including', 'adherence', 'existing', 'company', 'policy', 'regarding', 'multiple', 'bid', 'requirement', 'good', 'service', 'assess', 'cost', 'benefit', 'prospective', 'contract', 'programmatic', 'activity', 'participate', 'development', 'svdp', 'detroit', 'next', 'phase', 'strategic', 'plan', 'human', 'resource', 'payroll', 'benefit', 'responsible', 'coordination', 'along', 'ceo', 'outside', 'professional', 'employer', 'organization', 'peo', 'overall', 'employee', 'matter', 'including', 'determining', 'selection', 'benefit', 'package', 'change', 'updating', 'employee', 'handbook', 'regulatory', 'legal', 'consideration', 'may', 'arise', 'ensure', 'relationship', 'peo', 'administered', 'accordance', 'contract', 'within', 'performance', 'guarantee', 'key', 'deliverable', 'responsible', 'coordinating', 'director', 'bi', 'weekly', 'payroll', 'hour', 'correct', 'ensuring', 'submission', 'running', 'payroll', 'occurs', 'accurately', 'timely', 'payroll', 'funded', 'prior', 'submission', 'coordinate', 'peo', 'employee', 'welfare', 'plan', 'offering', 'cost', 'analysis', 'competitiveness', 'coordinate', 'peo', 'welfare', 'plan', 'open', 'enrollment', 'process', 'vendor', 'selection', 'oversee', 'coordinate', 'svdp', 'detroit', 'pension', 'plan', 'actuary', 'advisor', 'annual', 'compliance', 'participant', 'communication', 'benefit', 'delivery', 'government', 'filing', 'oversee', 'coordinate', 'svdp', 'detroit', 'k', 'plan', 'administrator', 'record', 'keeper', 'advisor', 'trust', 'employee', 'eligibility', 'communication', 'suitability', 'investment', 'option', 'ongoing', 'compliance', 'government', 'filing', 'risk', 'conjunction', 'svdp', 'detroit', 'ceo', 'identify', 'evaluate', 'monitor', 'potential', 'negative', 'event', 'organization', 'area', 'risk', 'reputational', 'safety', 'financial', 'weather', 'event', 'potential', 'fire', 'cyber', 'risk', 'risk', 'develop', 'program', 'plan', 'minimize', 'risk', 'prioritize', 'process', 'address', 'potential', 'adverse', 'event', 'oversee', 'corporate', 'insurance', 'coverage', 'work', 'svdp', 'staff', 'vincentians', 'mitigate', 'risk', 'information', 'technology', 'responsible', 'support', 'service', 'related', 'overall', 'svdpd', 'need', 'coordination', 'outsourced', 'service', 'provider', 'manage', 'daily', 'monthly', 'support', 'need', 'central', 'office', 'staff', 'responsible', 'coordinating', 'director', 'store', 'warehouse', 'camp', 'support', 'integration', 'area', 'overall', 'svdpd', 'system', 'environment', 'establishing', 'appropriate', 'control', 'acquisition', 'hardware', 'software', 'svdpd', 'organization', 'ensure', 'compliance', 'operating', 'capital', 'budget', 'process', 'guideline', 'education', 'experiencebachelor', 'degree', 'accounting', 'business', 'administration', 'finance', 'mba', 'cpa', 'desired5', 'year', 'minimum', 'nonprofit', 'experience', 'finance', 'manager', 'controller', 'director', 'finance', 'cfostrong', 'understanding', 'extensive', 'professional', 'experience', 'accounting', 'gaap', 'principle', 'particularly', 'nonprofitorganizations', 'tax', 'requirement', 'nonprofit', 'organization', 'budgeting', 'forecasting', 'financial', 'statement', 'preparation', 'reporting', 'cash', 'flow', 'management', 'account', 'reconciliation', 'account', 'payable', 'banking', 'service', 'internal', 'control', 'investment', 'oversight', 'risk', 'managementexperience', 'pension', 'benefit', 'plan', 'administrationmanagement', 'level', 'responsibility', 'human', 'resource', 'facility', 'management', 'general', 'administrative', 'functionssignificant', 'experience', 'working', 'various', 'financial', 'package', 'microsoft', 'excelcomputer', 'experience', 'microsoft', 'office', 'suite', 'must', 'raiser', 'edge', 'software', 'retail', 'po', 'system', 'experience', 'plus', 'knowledge', 'abilitiesmust', 'self', 'motivated', 'result', 'oriented', 'able', 'set', 'priority', 'work', 'numerous', 'project', 'simultaneously', 'strong', 'attention', 'detail', 'excellent', 'interpersonal', 'organizational', 'communication', 'verbal', 'written', 'analytical', 'negotiating', 'skill', 'strong', 'ability', 'lead', 'svdpd', 'best', 'outcome', 'entire', 'organization', 'building', 'consensus', 'among', 'level', 'including', 'internal', 'staff', 'board', 'director', 'board', 'level', 'committee', 'district', 'conference', 'communicate', 'clearly', 'concisely', 'senior', 'svdpd', 'management', 'vendor', 'employee', 'maintains', 'high', 'level', 'confidentiality', 'regarding', 'sensitive', 'informationhighest', 'level', 'ethic', 'integrityexperience', 'nonprofit', 'sector', 'familiarity', 'archdiocese', 'detroit', 'catholic', 'faith', 'community', 'desirable', 'benefit', 'offered401', 'k', 'k', 'matchingdental', 'insurancehealth', 'insurancelife', 'insurancepaid', 'time', 'offvision', 'insurancestd', 'job', 'type', 'full', 'time', 'schedule', 'monday', 'friday', 'work', 'location', 'person']",apply job descriptionjob title director financereports ceo svdp detroitflsa status exempt summarythe society st vincent de paul detroit exists build equitable compassionate world meaningful personal relationship providing whatever needed help neighbor get back foot path towards self sustainability program provide support ranging utility housing food assistance education mentorship also operate network thrift store two camp nutritional center passionate driving systemic change helping neighbor metro detroit break poverty director finance primary interface outsourced finance function well primary administrative contact employee outsourcing vendor well providing ongoing leadership support area risk management employee benefit compliance director finance report chief executive officer provides leadership support board director committee addition ensuring fiscal health organization director finance provides leadership direction area finance accounting payroll account receivable account payable centralized purchasing investment management human resource risk management successful role individual must experience financial management multiple business unit revenue excess million nonprofit environment essential duty responsibility finance act primary svdp detroit interface organization outsourced finance accounting vendor ensure relationship outsourced finance accounting vendor administered accordance contract within performance guarantee key deliverable preview outsourced finance accounting vendor report activity consistency contract statement work quality standard review cash flow report estimate advise necessary adjustment monitor system internal control including separation duty review process prevent detect correct incident fraud material misstatement partner svdp detroit auditor outsourced finance accounting vendor completion annual financial audit filing coordinate department head outsourced finance accounting vendor developing budget budget analysis assist senior management developing short medium long range financial goal projection assist treasurer cash flow analysis financing strategy treasury management activity provide leadership audit finance committee lead quarterly meeting investment committee review investment performance fund manager assess update investment policy statement advise asset allocation risk tolerance develop utilize forward looking predictive model activity based financial analysis provide insight organization operation business plan develop financial business plan forecast special project capital acquisition participate developing new business specifically assist senior management identifying new funding opportunity drafting prospective programmatic budget determining cost effectiveness prospective service delivery responsible coordination management capital project svdpd relative financial analysis project timing funding requirement director various area responsible conjunction senior management ensuring adherence capital budget associated process bidding contract management payment capital project ensure compliance contract management procedure entire organization including adherence existing company policy regarding multiple bid requirement good service assess cost benefit prospective contract programmatic activity participate development svdp detroit next phase strategic plan human resource payroll benefit responsible coordination along ceo outside professional employer organization peo overall employee matter including determining selection benefit package change updating employee handbook regulatory legal consideration may arise ensure relationship peo administered accordance contract within performance guarantee key deliverable responsible coordinating director bi weekly payroll hour correct ensuring submission running payroll occurs accurately timely payroll funded prior submission coordinate peo employee welfare plan offering cost analysis competitiveness coordinate peo welfare plan open enrollment process vendor selection oversee coordinate svdp detroit pension plan actuary advisor annual compliance participant communication benefit delivery government filing oversee coordinate svdp detroit k plan administrator record keeper advisor trust employee eligibility communication suitability investment option ongoing compliance government filing risk conjunction svdp detroit ceo identify evaluate monitor potential negative event organization area risk reputational safety financial weather event potential fire cyber risk risk develop program plan minimize risk prioritize process address potential adverse event oversee corporate insurance coverage work svdp staff vincentians mitigate risk information technology responsible support service related overall svdpd need coordination outsourced service provider manage daily monthly support need central office staff responsible coordinating director store warehouse camp support integration area overall svdpd system environment establishing appropriate control acquisition hardware software svdpd organization ensure compliance operating capital budget process guideline education experiencebachelor degree accounting business administration finance mba cpa desired5 year minimum nonprofit experience finance manager controller director finance cfostrong understanding extensive professional experience accounting gaap principle particularly nonprofitorganizations tax requirement nonprofit organization budgeting forecasting financial statement preparation reporting cash flow management account reconciliation account payable banking service internal control investment oversight risk managementexperience pension benefit plan administrationmanagement level responsibility human resource facility management general administrative functionssignificant experience working various financial package microsoft excelcomputer experience microsoft office suite must raiser edge software retail po system experience plus knowledge abilitiesmust self motivated result oriented able set priority work numerous project simultaneously strong attention detail excellent interpersonal organizational communication verbal written analytical negotiating skill strong ability lead svdpd best outcome entire organization building consensus among level including internal staff board director board level committee district conference communicate clearly concisely senior svdpd management vendor employee maintains high level confidentiality regarding sensitive informationhighest level ethic integrityexperience nonprofit sector familiarity archdiocese detroit catholic faith community desirable benefit offered401 k k matchingdental insurancehealth insurancelife insurancepaid time offvision insurancestd job type full time schedule monday friday work location person
3715891138,Human Resources Manager,HR,"HUMAN RESOURCES MANAGER  POSITION SUMMARYTHE IDEAL CANDIDATE WILL PERFORM ROUTINE TASKS REQUIRED TO ADMINISTER AND EXECUTE HUMAN RESOURCES PROGRAMS INCLUDING, BUT NOT LIMITED TO: RECRUITING, COMPENSATION, BENEFITS, AND LEAVE; DISCIPLINARY MATTERS; DISPUTES AND INVESTIGATIONS; PERFORMANCE AND TALENT MANAGEMENT; PRODUCTIVITY, RECOGNITION, AND MORALE; OCCUPATIONAL HEALTH AND SAFETY; AND TRAINING AND DEVELOPMENT.IN ADDITION, YOU WILL BUILD STRONG RELATIONSHIPS WITH OUR COMPANY'S MANAGERS IN ORDER TO HELP THEM WITH THEIR HUMAN RESOURCE AND RECRUITING NEEDS;
HANDLE EMPLOYMENT-RELATED INQUIRIES FROM APPLICANTS, EMPLOYEES, AND SUPERVISORS, REFERRING COMPLEX AND/OR SENSITIVE MATTERS TO THE APPROPRIATE STAFF.MAINTAIN COMPLIANCE WITH FEDERAL, STATE, AND LOCAL EMPLOYMENT LAWS AND REGULATIONS, AND RECOMMENDED BEST PRACTICES; REVIEWS POLICIES AND PRACTICES AS IT PERTAINS TO COMPANY POLICIES AND PROCEDURES.CREATE EMPLOYEE ENGAGEMENT PROGRAMS, GETTING NECESSARY LEADERSHIP AND BUDGET APPROVAL PRIOR TO IMPLEMENTATION.MAINTAIN PHYSICAL AND DIGITAL PERSONNEL, MEDICAL AND RESTRICTED FILES.MAINTAIN KNOWLEDGE OF TRENDS, BEST PRACTICES, REGULATORY CHANGES, AND NEW TECHNOLOGIES IN HUMAN RESOURCES, TALENT MANAGEMENT, AND EMPLOYMENT LAW.ASSISTS WITH PAYROLL AND BENEFITS ADMINISTRATION.ENSURES COMPLIANCE WITH COMPANY POLICIES, PROCEDURES AND LEGAL RESPONSIBILITIES.
EMPLOYMENT SERVICES· APPLICANT TRACKING · E VERIFY (VERIFYING LICENSURE AND ELIGIBILITY FOR EMPLOYMENT (I-9))· DISTRIBUTE HUMAN RESOURCE MATERIALS.· ASSISTS IN COORDINATION OF EMPLOYEE RECOGNITION PROGRAMS.· UPDATES MANAGERS REGARDING NEW OR REVISED HUMAN RESOURCE POLICIES.· COORDINATES WITH MANAGERS AND SUPERVISORS REGARDING DISCIPLINARY ACTIONS, AND PERFORMANCE EVALUATION RATINGS.
 TIMEKEEPING RESPONSIBILITIES WILL INCLUDE THE FOLLOWING:ASSISTS SUPERVISORS WITH DEPARTMENT TIMEKEEPING FUNCTION.REVIEWS AND EDITS TIMESHEETS, TIME EDIT FORMS AND SCHEDULES FOR COMPLETENESS AND ACCURACY.COMPILES EMPLOYEES' TIME FROM SCHEDULING, TIMEKEEPING AND PAYROLL COMPUTER SYSTEMS.RESOLVE TIMEKEEPING RELATED ACCRUAL DISCREPANCIES AND ISSUES.MAINTAINS FILES AND APPROPRIATE RECORDS AND ENSURES CONFIDENTIALITY OF SAME.STREAMLINES WORK PROCESSES AND IMPLEMENTS CHANGES TO EFFECT CONTINUAL IMPROVEMENT IN TIMEKEEPING PROCEDURES.
RECRUITING RESPONSIBILITIESDEVELOP AND IMPLEMENT A COMPREHENSIVE TALENT ACQUISITION STRATEGY ALIGNED WITH THE COMPANY'S GOALS AND OBJECTIVES.DEVELOP RECRUITMENT PLANS TO ADDRESS CURRENT AND FUTURE TALENT REQUIREMENTS.OVERSEE FULL-CYCLE RECRUITMENT PROCESSES, INCLUDING SOURCING, SCREENING, INTERVIEWING, AND OFFER NEGOTIATION, TO ENSURE A SEAMLESS CANDIDATE EXPERIENCE.STAY INFORMED OF INDUSTRY TRENDS AND BEST PRACTICES IN TALENT ACQUISITION AND INCORPORATE INNOVATIVE APPROACHES INTO RECRUITMENT STRATEGIES.COLLABORATE WITH CROSS-FUNCTIONAL TEAMS TO STREAMLINE RECRUITMENT PROCESSES, IMPROVE EFFICIENCY, AND ENHANCE THE OVERALL CANDIDATE EXPERIENCE.SERVE AS A SUBJECT MATTER EXPERT ON RECRUITMENT-RELATED MATTERS AND PROVIDE GUIDANCE AND SUPPORT TO INTERNAL STAKEHOLDERS AS NEEDED.STAY INFORMED OF HR BEST PRACTICES, LEGAL REQUIREMENTS, AND INDUSTRY TRENDS TO ENSURE COMPLIANCE AND EFFECTIVENESS IN HR PROCESSES.
MINIMUM EDUCATION:BACHELOR’S DEGREE IN HUMAN RESOURCES, BUSINESS ADMINISTRATION, OR RELATED FIELD REQUIRED.
MINIMUM EXPERIENCE:AT LEAST THREE YEARS OF HR EXPERIENCE PREFERRED.ABILITY TO ACT WITH INTEGRITY, PROFESSIONALISM, AND CONFIDENTIALITY.EXCELLENT VERBAL AND WRITTEN COMMUNICATION SKILLS.EXCEPTIONAL INTERPERSONAL, NEGOTIATION, AND CONFLICT RESOLUTION SKILLS.OUTSTANDING TIME MANAGEMENT SKILLS WITH A PROVEN ABILITY TO MEET DEADLINES.
LICENSURE REQUIREMENT:EMPLOYEE MUST HAVE A VALID TENNESSEE DRIVER’S LICENSE AND STATE MANDATED MINIMUM INSURANCE COVERAGE.","Job title: Human Resources Manager Category: HR Skills: recruiting, talent management, compliance, employee engagement programs, conflict resolution, human resources policies, performance management, employment law, training and development, benefits administration, investigations, integrity, professionalism, team collaboration, adaptability, confidentiality, relationship building, critical thinking, empathy, creativity, payroll administration, timekeeping, data management, applicant tracking systems, negotiation, occupational health and safety, interviewing, sourcing, screening, budget management Description: HUMAN RESOURCES MANAGER POSITION SUMMARYTHE IDEAL CANDIDATE WILL PERFORM ROUTINE TASKS REQUIRED TO ADMINISTER AND EXECUTE HUMAN RESOURCES PROGRAMS INCLUDING, BUT NOT LIMITED TO: RECRUITING, COMPENSATION, BENEFITS, AND LEAVE; DISCIPLINARY MATTERS; DISPUTES AND INVESTIGATIONS; PERFORMANCE AND TALENT MANAGEMENT; PRODUCTIVITY, RECOGNITION, AND MORALE; OCCUPATIONAL HEALTH AND SAFETY; AND TRAINING AND DEVELOPMENT.IN ADDITION, YOU WILL BUILD STRONG RELATIONSHIPS WITH OUR COMPANY'S MANAGERS IN ORDER TO HELP THEM WITH THEIR HUMAN RESOURCE AND RECRUITING NEEDS; HANDLE EMPLOYMENT-RELATED INQUIRIES FROM APPLICANTS, EMPLOYEES, AND SUPERVISORS, REFERRING COMPLEX AND/OR SENSITIVE MATTERS TO THE APPROPRIATE STAFF.MAINTAIN COMPLIANCE WITH FEDERAL, STATE, AND LOCAL EMPLOYMENT LAWS AND REGULATIONS, AND RECOMMENDED BEST PRACTICES; REVIEWS POLICIES AND PRACTICES AS IT PERTAINS TO COMPANY POLICIES AND PROCEDURES.CREATE EMPLOYEE ENGAGEMENT PROGRAMS, GETTING NECESSARY LEADERSHIP AND BUDGET APPROVAL PRIOR TO IMPLEMENTATION.MAINTAIN PHYSICAL AND DIGITAL PERSONNEL, MEDICAL AND RESTRICTED FILES.MAINTAIN KNOWLEDGE OF TRENDS, BEST PRACTICES, REGULATORY CHANGES, AND NEW TECHNOLOGIES IN HUMAN RESOURCES, TALENT MANAGEMENT, AND EMPLOYMENT LAW.ASSISTS WITH PAYROLL AND BENEFITS ADMINISTRATION.ENSURES COMPLIANCE WITH COMPANY POLICIES, PROCEDURES AND LEGAL RESPONSIBILITIES. EMPLOYMENT SERVICES· APPLICANT TRACKING · E VERIFY (VERIFYING LICENSURE AND ELIGIBILITY FOR EMPLOYMENT (I-9))· DISTRIBUTE HUMAN RESOURCE MATERIALS.· ASSISTS IN COORDINATION OF EMPLOYEE RECOGNITION PROGRAMS.· UPDATES MANAGERS REGARDING NEW OR REVISED HUMAN RESOURCE POLICIES.· COORDINATES WITH MANAGERS AND SUPERVISORS REGARDING DISCIPLINARY ACTIONS, AND PERFORMANCE EVALUATION RATINGS. TIMEKEEPING RESPONSIBILITIES WILL INCLUDE THE FOLLOWING:ASSISTS SUPERVISORS WITH DEPARTMENT TIMEKEEPING FUNCTION.REVIEWS AND EDITS TIMESHEETS, TIME EDIT FORMS AND SCHEDULES FOR COMPLETENESS AND ACCURACY.COMPILES EMPLOYEES' TIME FROM SCHEDULING, TIMEKEEPING AND PAYROLL COMPUTER SYSTEMS.RESOLVE TIMEKEEPING RELATED ACCRUAL DISCREPANCIES AND ISSUES.MAINTAINS FILES AND APPROPRIATE RECORDS AND ENSURES CONFIDENTIALITY OF SAME.STREAMLINES WORK PROCESSES AND IMPLEMENTS CHANGES TO EFFECT CONTINUAL IMPROVEMENT IN TIMEKEEPING PROCEDURES. RECRUITING RESPONSIBILITIESDEVELOP AND IMPLEMENT A COMPREHENSIVE TALENT ACQUISITION STRATEGY ALIGNED WITH THE COMPANY'S GOALS AND OBJECTIVES.DEVELOP RECRUITMENT PLANS TO ADDRESS CURRENT AND FUTURE TALENT REQUIREMENTS.OVERSEE FULL-CYCLE RECRUITMENT PROCESSES, INCLUDING SOURCING, SCREENING, INTERVIEWING, AND OFFER NEGOTIATION, TO ENSURE A SEAMLESS CANDIDATE EXPERIENCE.STAY INFORMED OF INDUSTRY TRENDS AND BEST PRACTICES IN TALENT ACQUISITION AND INCORPORATE INNOVATIVE APPROACHES INTO RECRUITMENT STRATEGIES.COLLABORATE WITH CROSS-FUNCTIONAL TEAMS TO STREAMLINE RECRUITMENT PROCESSES, IMPROVE EFFICIENCY,","[""recruiting"", ""talent management"", ""compliance"", ""employee engagement programs"", ""conflict resolution"", ""human resources policies"", ""performance management"", ""employment law"", ""training and development"", ""benefits administration"", ""investigations"", ""integrity"", ""professionalism"", ""team collaboration"", ""adaptability"", ""confidentiality"", ""relationship building"", ""critical thinking"", ""empathy"", ""creativity"", ""payroll administration"", ""timekeeping"", ""data management"", ""applicant tracking systems"", ""negotiation"", ""occupational health and safety"", ""interviewing"", ""sourcing"", ""screening"", ""budget management""]","[""recruiting"", ""talent management"", ""compliance"", ""employee engagement programs"", ""conflict resolution"", ""human resources policies"", ""performance management"", ""employment law"", ""training and development"", ""benefits administration"", ""investigations"", ""integrity"", ""professionalism"", ""team collaboration"", ""adaptability"", ""confidentiality"", ""relationship building"", ""critical thinking"", ""empathy"", ""creativity"", ""payroll administration"", ""timekeeping"", ""data management"", ""applicant tracking systems"", ""negotiation"", ""occupational health and safety"", ""interviewing"", ""sourcing"", ""screening"", ""budget management""]","HUMAN RESOURCES MANAGER  POSITION SUMMARYTHE IDEAL CANDIDATE WILL PERFORM ROUTINE TASKS REQUIRED TO ADMINISTER AND EXECUTE HUMAN RESOURCES PROGRAMS INCLUDING, BUT NOT LIMITED TO: RECRUITING, COMPENSATION, BENEFITS, AND LEAVE; DISCIPLINARY MATTERS; DISPUTES AND INVESTIGATIONS; PERFORMANCE AND TALENT MANAGEMENT; PRODUCTIVITY, RECOGNITION, AND MORALE; OCCUPATIONAL HEALTH AND SAFETY; AND TRAINING AND DEVELOPMENT.IN ADDITION, YOU WILL BUILD STRONG RELATIONSHIPS WITH OUR COMPANY'S MANAGERS IN ORDER TO HELP THEM WITH THEIR HUMAN RESOURCE AND RECRUITING NEEDS;
HANDLE EMPLOYMENT-RELATED INQUIRIES FROM APPLICANTS, EMPLOYEES, AND SUPERVISORS, REFERRING COMPLEX AND/OR SENSITIVE MATTERS TO THE APPROPRIATE STAFF.MAINTAIN COMPLIANCE WITH FEDERAL, STATE, AND LOCAL EMPLOYMENT LAWS AND REGULATIONS, AND RECOMMENDED BEST PRACTICES; REVIEWS POLICIES AND PRACTICES AS IT PERTAINS TO COMPANY POLICIES AND PROCEDURES.CREATE EMPLOYEE ENGAGEMENT PROGRAMS, GETTING NECESSARY LEADERSHIP AND BUDGET APPROVAL PRIOR TO IMPLEMENTATION.MAINTAIN PHYSICAL AND DIGITAL PERSONNEL, MEDICAL AND RESTRICTED FILES.MAINTAIN KNOWLEDGE OF TRENDS, BEST PRACTICES, REGULATORY CHANGES, AND NEW TECHNOLOGIES IN HUMAN RESOURCES, TALENT MANAGEMENT, AND EMPLOYMENT LAW.ASSISTS WITH PAYROLL AND BENEFITS ADMINISTRATION.ENSURES COMPLIANCE WITH COMPANY POLICIES, PROCEDURES AND LEGAL RESPONSIBILITIES.
EMPLOYMENT SERVICES· APPLICANT TRACKING · E VERIFY (VERIFYING LICENSURE AND ELIGIBILITY FOR EMPLOYMENT (I-9))· DISTRIBUTE HUMAN RESOURCE MATERIALS.· ASSISTS IN COORDINATION OF EMPLOYEE RECOGNITION PROGRAMS.· UPDATES MANAGERS REGARDING NEW OR REVISED HUMAN RESOURCE POLICIES.· COORDINATES WITH MANAGERS AND SUPERVISORS REGARDING DISCIPLINARY ACTIONS, AND PERFORMANCE EVALUATION RATINGS.
 TIMEKEEPING RESPONSIBILITIES WILL INCLUDE THE FOLLOWING:ASSISTS SUPERVISORS WITH DEPARTMENT TIMEKEEPING FUNCTION.REVIEWS AND EDITS TIMESHEETS, TIME EDIT FORMS AND SCHEDULES FOR COMPLETENESS AND ACCURACY.COMPILES EMPLOYEES' TIME FROM SCHEDULING, TIMEKEEPING AND PAYROLL COMPUTER SYSTEMS.RESOLVE TIMEKEEPING RELATED ACCRUAL DISCREPANCIES AND ISSUES.MAINTAINS FILES AND APPROPRIATE RECORDS AND ENSURES CONFIDENTIALITY OF SAME.STREAMLINES WORK PROCESSES AND IMPLEMENTS CHANGES TO EFFECT CONTINUAL IMPROVEMENT IN TIMEKEEPING PROCEDURES.
RECRUITING RESPONSIBILITIESDEVELOP AND IMPLEMENT A COMPREHENSIVE TALENT ACQUISITION STRATEGY ALIGNED WITH THE COMPANY'S GOALS AND OBJECTIVES.DEVELOP RECRUITMENT PLANS TO ADDRESS CURRENT AND FUTURE TALENT REQUIREMENTS.OVERSEE FULL-CYCLE RECRUITMENT PROCESSES, INCLUDING SOURCING, SCREENING, INTERVIEWING, AND OFFER NEGOTIATION, TO ENSURE A SEAMLESS CANDIDATE EXPERIENCE.STAY INFORMED OF INDUSTRY TRENDS AND BEST PRACTICES IN TALENT ACQUISITION AND INCORPORATE INNOVATIVE APPROACHES INTO RECRUITMENT STRATEGIES.COLLABORATE WITH CROSS-FUNCTIONAL TEAMS TO STREAMLINE RECRUITMENT PROCESSES, IMPROVE EFFICIENCY, AND ENHANCE THE OVERALL CANDIDATE EXPERIENCE.SERVE AS A SUBJECT MATTER EXPERT ON RECRUITMENT-RELATED MATTERS AND PROVIDE GUIDANCE AND SUPPORT TO INTERNAL STAKEHOLDERS AS NEEDED.STAY INFORMED OF HR BEST PRACTICES, LEGAL REQUIREMENTS, AND INDUSTRY TRENDS TO ENSURE COMPLIANCE AND EFFECTIVENESS IN HR PROCESSES.
MINIMUM EDUCATION:BACHELOR’S DEGREE IN HUMAN RESOURCES, BUSINESS ADMINISTRATION, OR RELATED FIELD REQUIRED.
MINIMUM EXPERIENCE:AT LEAST THREE YEARS OF HR EXPERIENCE PREFERRED.ABILITY TO ACT WITH INTEGRITY, PROFESSIONALISM, AND CONFIDENTIALITY.EXCELLENT VERBAL AND WRITTEN COMMUNICATION SKILLS.EXCEPTIONAL INTERPERSONAL, NEGOTIATION, AND CONFLICT RESOLUTION SKILLS.OUTSTANDING TIME MANAGEMENT SKILLS WITH A PROVEN ABILITY TO MEET DEADLINES.
LICENSURE REQUIREMENT:EMPLOYEE MUST HAVE A VALID TENNESSEE DRIVER’S LICENSE AND STATE MANDATED MINIMUM INSURANCE COVERAGE.",9.0,"[0.07242906838655472, -0.04977822303771973, 0.000916390388738364, -0.03447864577174187, 0.007196229416877031, 0.09308789670467377, -0.03048221580684185, 0.02142801135778427, 0.018944114446640015, -0.05892880633473396, 0.00845633540302515, -0.0016574551118537784, -0.001759957754984498, -0.05404292047023773, 0.02986021712422371, -0.05444952845573425, -0.028350789099931717, 0.009874057956039906, 0.012113049626350403, 0.02793409489095211, -0.015982314944267273, 0.017326736822724342, -0.002416793955489993, 0.009448329918086529, -0.039311733096838, 0.013495078310370445, 0.010979309678077698, 0.0749192163348198, 0.04228595271706581, 0.0331413671374321, 0.0374000146985054, -0.007000458426773548, 0.01981545425951481, -0.0920819565653801, 2.140572405551211e-06, 0.01312747597694397, 0.011422601528465748, 0.009336818009614944, 0.00982375256717205, -0.10401396453380585, 0.03609904646873474, -0.1009230837225914, 0.00435215188190341, 0.03654980659484863, 0.04424590989947319, 0.027164826169610023, -0.026506055146455765, -0.03050975315272808, 0.009335294365882874, -0.0014093359932303429, 0.004959668964147568, -0.0054373107850551605, -0.0615118108689785, -0.06431560963392258, 0.022629521787166595, -0.06831569224596024, 0.010600723326206207, -0.004106428008526564, 0.014156119897961617, -0.003433543024584651, -0.01461318600922823, -0.05605202913284302, -0.028628569096326828, -0.020650379359722137, 0.02894233912229538, 0.014333846047520638, 0.047074221074581146, 0.006869927514344454, 0.05611543729901314, -0.03252872824668884, 0.055459145456552505, 0.01887374371290207, 0.0202045738697052, 0.05839875712990761, 0.07776184380054474, 0.004807768389582634, 0.0382789745926857, 0.01796608231961727, -0.010863143019378185, -0.04153157025575638, -0.06350729614496231, 0.06570490449666977, -0.007617644965648651, -0.042104143649339676, 0.061124373227357864, 0.018024982884526253, 0.018213769420981407, -0.04259774088859558, 0.03893101215362549, 0.017036356031894684, 0.07213759422302246, -0.015552842989563942, 0.004526093602180481, 0.059040676802396774, -0.02495664730668068, -0.0163754653185606, -0.02880214899778366, -0.06808983534574509, 0.039720963686704636, -0.019234618172049522, -0.08137553930282593, 0.013186493888497353, 0.024382244795560837, 0.05571819096803665, 0.03166795149445534, 0.0290366318076849, -0.0064637488685548306, -0.011200612410902977, -0.026701318100094795, -0.03656566143035889, -0.012988481670618057, -0.039953432977199554, 0.006555918138474226, -0.027132494375109673, 0.03914697840809822, 0.031073516234755516, -0.05343138054013252, -0.04190468415617943, -0.0039019377436488867, 0.007122452836483717, 0.03890392556786537, -0.0038493704050779343, -0.0046919421292841434, 0.04053502902388573, -0.07214566320180893, -0.047830503433942795, -0.0212717205286026, -0.019365867599844933, 0.006528340745717287, 0.03330063447356224, 0.00805954821407795, 0.02383543737232685, -0.014838063158094883, 0.02275571972131729, 0.009312883019447327, 0.02194431610405445, 0.01968543976545334, 0.030033785849809647, -0.04612213000655174, 0.02164386212825775, -0.010912659578025341, -0.0447482168674469, -0.038054343312978745, 0.011741206981241703, 0.030845211818814278, -0.03947005793452263, -0.06703200191259384, 0.01690608263015747, 0.01805402711033821, 0.045283108949661255, -0.011404965072870255, -0.013828563503921032, -0.009331227280199528, 0.011159589514136314, 0.055285707116127014, 0.037959400564432144, 0.017458248883485794, 0.017829138785600662, -0.025771047919988632, 0.06821051239967346, 0.004225542303174734, -0.033631399273872375, 0.0069603328593075275, 0.0340181402862072, -0.04193053022027016, 0.01233550813049078, 0.063045434653759, -0.014419330283999443, 0.00042205609497614205, 0.013943193480372429, 0.02423323690891266, 0.005707886070013046, -0.055974408984184265, -0.004881876055151224, -0.03919851407408714, 0.05890219286084175, 0.0378190353512764, 0.019611850380897522, 0.09134113788604736, 0.017281193286180496, -0.013173405081033707, -0.07657086849212646, -0.03740214183926582, 0.013366908766329288, 0.013469148427248001, -0.007400993723422289, -0.034369949251413345, -0.010474147275090218, -0.03691517189145088, -0.0044428627006709576, 0.04460708424448967, -0.021817583590745926, -0.05794154480099678, -0.019910110160708427, 0.005496332421898842, 0.04387295991182327, -0.0901876911520958, 0.05085291713476181, 0.015748625621199608, 0.01524591539055109, 0.009226545691490173, 0.04922124743461609, -0.051532261073589325, 0.10273036360740662, 0.02349899336695671, -0.02532156929373741, 0.0465581901371479, -0.07643675059080124, -0.007612213958054781, 0.04167325049638748, 0.045724641531705856, 0.019117286428809166, -0.033940237015485764, 0.010642102919518948, -0.014565390534698963, 0.03749064728617668, 0.04745768383145332, 0.04331818222999573, 0.026568496599793434, 0.027630511671304703, 0.0038559921085834503, 0.027544869109988213, -0.05627598986029625, 0.0018608019454404712, 0.016690386459231377, -0.056358613073825836, 0.009227453731000423, -0.007717228960245848, -0.01750612072646618, 0.00742088258266449, 0.00325019215233624, 0.01853843778371811, -0.05458670109510422, -0.00011520265252329409, 0.0056645553559064865, -0.03763789311051369, 0.0022886330261826515, 0.06938071548938751, 0.026588235050439835, 0.07327990978956223, -0.06613852828741074, 0.02637469954788685, 0.010838320478796959, 0.004611585754901171, 0.043099358677864075, -0.029599322006106377, -0.017446359619498253, -0.022542502731084824, 0.011891558766365051, 0.0023361912462860346, -0.005930531304329634, 0.0272775087505579, 0.024242112413048744, 0.028708811849355698, 0.0050192298367619514, -0.0006922379834577441, -0.03823498263955116, -0.0023346790112555027, -0.08515060693025589, 0.004877771716564894, -0.0334104560315609, -0.028566088527441025, -0.026897266507148743, 0.03503970429301262, 0.011525405570864677, -0.007960207760334015, 0.001102985697798431, 0.002546493662521243, -0.016850972548127174, -0.01763039641082287, -0.03555990755558014, 0.03301476314663887, 0.022548960521817207, -0.008904093876481056, -0.04278239235281944, 0.04673006385564804, -0.0467807874083519, 0.05206292122602463, -0.030423108488321304, 0.010477797128260136, 0.027577916160225868, -0.006295213475823402, -0.03948154300451279, -0.00957462564110756, -0.016603738069534302, -0.014735495671629906, 0.028016669675707817, 0.00023817646433599293, -0.024297405034303665, -0.008085831068456173, 0.015654489398002625, 0.013916258700191975, -0.0003177229664288461, -0.0568932481110096, -0.03240315988659859, 0.0316009558737278, -0.013663510791957378, -0.022266767919063568, -0.01800800859928131, 0.07050775736570358, -0.01267031766474247, 0.021367231383919716, 0.06940195709466934, -0.005404474213719368, 0.04341455176472664, 0.031864799559116364, -0.032644156366586685, 0.06405024975538254, -0.0506567507982254, -0.022491246461868286, 0.009958544746041298, 0.02353254146873951, 0.031522031873464584, -0.001712048426270485, -0.001791276503354311, -0.006172397173941135, -0.0641607865691185, -0.013827633112668991, -0.03434179723262787, 0.04285907745361328, -0.020939618349075317, 0.06893535703420639, -0.06844303756952286, -0.019240332767367363, 0.019342090934515, -0.04032691568136215, -0.037369921803474426, -0.002713353605940938, -0.023294949904084206, -0.06010544300079346, -0.0060471054166555405, -0.06747610121965408, -0.026218384504318237, 0.03532499074935913, -0.012005412951111794, -0.020380675792694092, -0.050378747284412384, -0.09153469651937485, -0.02483298070728779, -0.01361178606748581, -0.06123926118016243, 0.017863508313894272, -0.05148545280098915, 0.016934044659137726, 0.022007672116160393, 0.015756851062178612, -0.006477249786257744, 0.06493157148361206, -0.06822225451469421, 0.006673736963421106, 0.02229156345129013, -0.016294417902827263, 0.012186550535261631, -0.002580849453806877, -0.016056828200817108, -0.024037277325987816, -0.0022527948021888733, 0.05340072885155678, -0.03647714480757713, 0.01403095480054617, -0.010776546783745289, 0.0039129070937633514, -0.028661519289016724, -0.033465009182691574, 0.015440975315868855, -0.020122483372688293, 0.006734759081155062, -0.032086651772260666, 0.007704322692006826, 0.007848125882446766, -0.030326738953590393, -0.025932207703590393, 0.035734280943870544, 0.005313016474246979, -0.0233833659440279, -0.0814194455742836, -0.02309933304786682, 0.01808769814670086, -0.06439624726772308, 0.03124297596514225, 0.05678796395659447, 0.03466848284006119, 0.05338776111602783, -0.007740170229226351, 0.007434863597154617, -0.019509559497237206, -0.02060297690331936, 0.025550642982125282, 0.0024000019766390324, 0.018169326707720757, 0.02401571534574032, 0.017706535756587982, -0.09537915885448456, 0.048883311450481415, -0.02986559458076954, 0.02615153044462204, -0.027312863618135452, 0.009776622988283634, -0.009648475795984268, -0.033381082117557526, 0.01824287138879299, 0.01912655308842659, -0.0072879185900092125, 0.03003554232418537, -0.04156497120857239, -0.09620119631290436, 0.09616449475288391, 0.011012761853635311, -0.006978335790336132, 0.03167758136987686, -0.025024425238370895, 0.03222700580954552, -0.035533495247364044, 0.06783060729503632, -0.03660334274172783, -0.018508262932300568, -0.019837751984596252, -0.045989301055669785, 0.023243332281708717, -0.03573910892009735, 0.0718456506729126, 0.031519241631031036, 0.025464767590165138, -0.00016322836745530367, -0.01445846538990736, -0.018263855949044228, 0.03530101850628853, 0.0321236178278923, 0.015529599040746689, -0.03389323875308037, -0.04240143671631813, 0.019720742478966713, 0.009083363227546215, 0.09436735510826111, -0.04634388908743858, -0.010600299574434757, -0.0012600008631125093, -0.011849042028188705, 0.022920483723282814, 0.019673069939017296, 0.00522333849221468, 0.030918629840016365, -0.011502529494464397, 0.03185497224330902, -0.05877136439085007, -0.0045121884904801846, -0.021485626697540283, -0.012682496570050716, -0.07095838338136673, -0.007771208416670561, 0.07791980355978012, 0.05361483246088028, -0.06250126659870148, -0.013889310881495476, 0.049065880477428436, -0.00936669297516346, -0.03482640162110329, 0.023103661835193634, 0.06067990884184837, -0.03971066698431969, 0.03841313719749451, 0.003081635106354952, 0.027534570544958115, 0.03249359875917435, -0.0333075113594532, -0.007077345624566078, -0.03373143821954727, -0.0732649490237236, 0.04583572596311569, -0.08021464198827744, 0.07549639046192169, -0.049969062209129333, -0.03236864507198334, -0.05203456059098244, 0.02861068956553936, -0.02537349797785282, -0.03054339997470379, 0.005196737125515938, -0.01704568974673748, -0.011518902145326138, -0.02940737083554268, -0.07255468517541885, 0.02105855569243431, 0.03278952091932297, 0.006077104713767767, -0.012688742019236088, -0.03049246035516262, -0.010390623472630978, -0.003892849897965789, -0.01811300590634346, 0.04935254901647568, -0.01056450605392456, 0.02609136328101158, -0.0261383093893528, 0.034134719520807266, 0.0036079471465200186, 0.057527899742126465, -0.0011216135462746024, -0.009158942848443985, 0.010971439070999622, -0.054488688707351685, 0.011439249850809574, -0.01681956835091114, 0.009668860584497452, -0.00522961188107729, -0.0010891978163272142, -0.017235733568668365, 0.025352252647280693, -0.03971073403954506, 0.029498228803277016, 0.012510641478002071, -0.00804908201098442, 0.044867295771837234, 0.03957808017730713, 0.0035225055180490017, -0.008674034848809242, -0.008964866399765015, -0.02695417031645775, 0.004882934968918562, -0.048360783606767654, 0.01145334355533123, -0.009185883216559887, -0.05809527263045311, -0.03147844970226288, 0.012591874226927757, 0.069705531001091, 0.015812508761882782, 0.0027612727135419846, -0.02019118145108223, -0.008172571659088135, 0.06039055809378624, 0.012749684043228626, -0.029214845970273018, 0.007771831005811691, 0.009295500814914703, -0.004308659583330154, 0.027354929596185684, 0.0856691375374794, -0.014227376319468021, 0.04044380784034729, -0.0657457634806633, -0.011533020995557308, -0.01681169867515564, 0.004990716930478811, -0.007304122671484947, 0.0277265552431345, -0.04697899520397186, -0.018251201137900352, 3.2268184440908954e-05, -4.455343514564447e-05, -0.07155035436153412, -0.015176539309322834, -0.009587487205862999, 0.07010151445865631, 0.0211016982793808, -5.193828484244181e-33, -0.04410502687096596, -0.08415035903453827, 0.056144483387470245, 0.006576748564839363, 0.017711635679006577, -0.07833553105592728, 0.034175824373960495, -0.012453914619982243, -0.0034369195345789194, 0.008702571503818035, 0.020076103508472443, 0.023386524990200996, -0.025827018544077873, 0.021961556747555733, -0.015897253528237343, 0.060075514018535614, 0.005788067821413279, -0.012611470185220242, 0.0350811667740345, -0.005504707805812359, -0.05601849779486656, -0.010488650761544704, -0.018030395731329918, -0.011623180471360683, -0.009012500755488873, -0.03201448172330856, -0.007437615189701319, 0.051364701241254807, 0.014590448699891567, -0.011780169792473316, 0.00978665892034769, -0.005877922289073467, 0.0031219832599163055, -0.012292739935219288, 0.030714910477399826, 0.03070107474923134, -0.07945980876684189, -0.012302418239414692, 0.017352979630231857, 0.01610640250146389, -0.017210202291607857, -0.043241363018751144, 0.018884558230638504, 0.00749255670234561, 0.012401594780385494, -0.03728320449590683, 0.01085851900279522, -0.013626310043036938, 0.01840256154537201, 0.005401900503784418, -0.028677672147750854, 0.011977039277553558, -0.03139205276966095, 0.03231006860733032, 0.019594257697463036, 0.016877885907888412, -0.015387476421892643, 0.050464317202568054, -0.09058965742588043, -0.06247834116220474, -0.05678931623697281, -0.016537437215447426, -0.027285974472761154, 0.03524713218212128, -0.020002946257591248, 0.0390767864882946, -0.011110225692391396, 0.0323990061879158, -0.026225516572594643, 0.03462466597557068, -0.015298225916922092, 0.0367838479578495, -0.03547387942671776, 0.031790584325790405, 0.004329545423388481, -0.0016305175377056003, 0.04500626027584076, 0.001189369591884315, 0.028000732883810997, 0.010914310812950134, -0.052930545061826706, 0.009255901910364628, 0.003135848557576537, -0.00180833472404629, 0.051965516060590744, 0.0037665574345737696, -0.014437025412917137, -0.04547179490327835, 0.02679760940372944, 0.013693748041987419, -0.004813370760530233, 0.019542042165994644, -0.06535428762435913, -0.022462209686636925, 0.12135768681764603, -0.0030580840539187193, 0.015453614294528961, -0.060717564076185226, 0.017047099769115448, -0.041937053203582764, -0.026910772547125816, 0.03937068581581116, 0.03366335108876228, 0.0010612169280648232, 0.026544857770204544, -0.007292359136044979, -0.0929064005613327, -0.03391832113265991, -0.004066325258463621, -0.0022893897257745266, 0.04280931502580643, 0.055243272334337234, 0.01850336231291294, -0.04384222999215126, -0.05120447278022766, -0.051858119666576385, 0.0036072349175810814, 0.0006402925355359912, -0.0011923426063731313, -0.055042289197444916, 0.046677615493535995, 0.035244375467300415, 0.05433833226561546, 0.006070288829505444, -0.023859903216362, -0.051640912890434265, 0.02780969813466072, 0.05897311493754387, 0.047335829585790634, 0.013055878691375256, 0.00043857889249920845, -0.011385312303900719, 2.6769325245368236e-07, 0.09000508487224579, -0.06173238530755043, 0.02918914705514908, -0.015704398974776268, 0.06879587471485138, -0.016420671716332436, -0.044106848537921906, -0.0060700466856360435, 0.04545057564973831, 0.0038343709893524647, 0.046689972281455994, -0.020707864314317703, 0.004009454045444727, -0.04845813661813736, -0.009868276305496693, -0.07154012471437454, 0.006071251817047596, -0.08884306252002716, 0.0029965941794216633, -0.009540241211652756, 0.028166044503450394, 0.051654111593961716, 0.033775147050619125, -0.04002278670668602, -0.025898749008774757, -0.018846776336431503, 0.01501068938523531, 0.06064820662140846, 0.007689917925745249, 0.028630103915929794, 0.020158829167485237, 0.02548871748149395, 4.0137725591193885e-05, 0.030755816027522087, -0.020167715847492218, 0.011699998751282692, 0.07253946363925934, 0.0844777524471283, -0.02143149822950363, 0.021439239382743835, -0.0006634232704527676, -0.025234512984752655, -0.0052824439480900764, -0.010109186172485352, -0.01748587191104889, 0.011539342813193798, -0.011501097120344639, 0.015522291883826256, -0.0431390143930912, 0.04176933690905571, -0.043370604515075684, 0.028200745582580566, -0.008755293674767017, -0.017606167122721672, 0.027348218485713005, 0.005529302638024092, -0.044434789568185806, 0.02922908402979374, 0.062174104154109955, 0.0439193919301033, -0.021686801686882973, -0.028739646077156067, 0.031951699405908585, 0.030264010652899742, 0.02240201272070408, -0.010681644082069397, -0.0014018445508554578, 1.7226031712398182e-34, -0.016684917733073235, 0.008794592693448067, -0.028849251568317413, -0.030623577535152435, 0.04554228112101555, -0.03898686170578003, -0.04362453520298004, 0.017962327226996422, 0.019870370626449585, 0.02882450819015503, -0.00412944657728076]",human resources manager position summarythe ideal candidate will perform routine tasks required to administer and execute human resources programs including but not limited to recruiting compensation benefits and leave disciplinary matters disputes and investigations performance and talent management productivity recognition and morale occupational health and safety and training and development.in addition you will build strong relationships with our company s managers in order to help them with their human resource and recruiting needs handle employment related inquiries from applicants employees and supervisors referring complex and or sensitive matters to the appropriate staff.maintain compliance with federal state and local employment laws and regulations and recommended best practices reviews policies and practices as it pertains to company policies and procedures.create employee engagement programs getting necessary leadership and budget approval prior to implementation.maintain physical and digital personnel medical and restricted files.maintain knowledge of trends best practices regulatory changes and new technologies in human resources talent management and employment law.assists with payroll and benefits administration.ensures compliance with company policies procedures and legal responsibilities. employment services applicant tracking e verify verifying licensure and eligibility for employment i 9 distribute human resource materials. assists in coordination of employee recognition programs. updates managers regarding new or revised human resource policies. coordinates with managers and supervisors regarding disciplinary actions and performance evaluation ratings. timekeeping responsibilities will include the following assists supervisors with department timekeeping function.reviews and edits timesheets time edit forms and schedules for completeness and accuracy.compiles employees time from scheduling timekeeping and payroll computer systems.resolve timekeeping related accrual discrepancies and issues.maintains files and appropriate records and ensures confidentiality of same.streamlines work processes and implements changes to effect continual improvement in timekeeping procedures. recruiting responsibilitiesdevelop and implement a comprehensive talent acquisition strategy aligned with the company s goals and objectives.develop recruitment plans to address current and future talent requirements.oversee full cycle recruitment processes including sourcing screening interviewing and offer negotiation to ensure a seamless candidate experience.stay informed of industry trends and best practices in talent acquisition and incorporate innovative approaches into recruitment strategies.collaborate with cross functional teams to streamline recruitment processes improve efficiency and enhance the overall candidate experience.serve as a subject matter expert on recruitment related matters and provide guidance and support to internal stakeholders as needed.stay informed of hr best practices legal requirements and industry trends to ensure compliance and effectiveness in hr processes. minimum education bachelor s degree in human resources business administration or related field required. minimum experience at least three years of hr experience preferred.ability to act with integrity professionalism and confidentiality.excellent verbal and written communication skills.exceptional interpersonal negotiation and conflict resolution skills.outstanding time management skills with a proven ability to meet deadlines. licensure requirement employee must have a valid tennessee driver s license and state mandated minimum insurance coverage.,"['human', 'resource', 'manager', 'position', 'summarythe', 'ideal', 'candidate', 'perform', 'routine', 'task', 'required', 'administer', 'execute', 'human', 'resource', 'program', 'including', 'limited', 'recruiting', 'compensation', 'benefit', 'leave', 'disciplinary', 'matter', 'dispute', 'investigation', 'performance', 'talent', 'management', 'productivity', 'recognition', 'morale', 'occupational', 'health', 'safety', 'training', 'development', 'addition', 'build', 'strong', 'relationship', 'company', 'manager', 'order', 'help', 'human', 'resource', 'recruiting', 'need', 'handle', 'employment', 'related', 'inquiry', 'applicant', 'employee', 'supervisor', 'referring', 'complex', 'sensitive', 'matter', 'appropriate', 'staff', 'maintain', 'compliance', 'federal', 'state', 'local', 'employment', 'law', 'regulation', 'recommended', 'best', 'practice', 'review', 'policy', 'practice', 'pertains', 'company', 'policy', 'procedure', 'create', 'employee', 'engagement', 'program', 'getting', 'necessary', 'leadership', 'budget', 'approval', 'prior', 'implementation', 'maintain', 'physical', 'digital', 'personnel', 'medical', 'restricted', 'file', 'maintain', 'knowledge', 'trend', 'best', 'practice', 'regulatory', 'change', 'new', 'technology', 'human', 'resource', 'talent', 'management', 'employment', 'law', 'assist', 'payroll', 'benefit', 'administration', 'ensures', 'compliance', 'company', 'policy', 'procedure', 'legal', 'responsibility', 'employment', 'service', 'applicant', 'tracking', 'e', 'verify', 'verifying', 'licensure', 'eligibility', 'employment', 'distribute', 'human', 'resource', 'material', 'assist', 'coordination', 'employee', 'recognition', 'program', 'update', 'manager', 'regarding', 'new', 'revised', 'human', 'resource', 'policy', 'coordinate', 'manager', 'supervisor', 'regarding', 'disciplinary', 'action', 'performance', 'evaluation', 'rating', 'timekeeping', 'responsibility', 'include', 'following', 'assist', 'supervisor', 'department', 'timekeeping', 'function', 'review', 'edits', 'timesheets', 'time', 'edit', 'form', 'schedule', 'completeness', 'accuracy', 'compiles', 'employee', 'time', 'scheduling', 'timekeeping', 'payroll', 'computer', 'system', 'resolve', 'timekeeping', 'related', 'accrual', 'discrepancy', 'issue', 'maintains', 'file', 'appropriate', 'record', 'ensures', 'confidentiality', 'streamlines', 'work', 'process', 'implement', 'change', 'effect', 'continual', 'improvement', 'timekeeping', 'procedure', 'recruiting', 'responsibilitiesdevelop', 'implement', 'comprehensive', 'talent', 'acquisition', 'strategy', 'aligned', 'company', 'goal', 'objective', 'develop', 'recruitment', 'plan', 'address', 'current', 'future', 'talent', 'requirement', 'oversee', 'full', 'cycle', 'recruitment', 'process', 'including', 'sourcing', 'screening', 'interviewing', 'offer', 'negotiation', 'ensure', 'seamless', 'candidate', 'experience', 'stay', 'informed', 'industry', 'trend', 'best', 'practice', 'talent', 'acquisition', 'incorporate', 'innovative', 'approach', 'recruitment', 'strategy', 'collaborate', 'cross', 'functional', 'team', 'streamline', 'recruitment', 'process', 'improve', 'efficiency', 'enhance', 'overall', 'candidate', 'experience', 'serve', 'subject', 'matter', 'expert', 'recruitment', 'related', 'matter', 'provide', 'guidance', 'support', 'internal', 'stakeholder', 'needed', 'stay', 'informed', 'hr', 'best', 'practice', 'legal', 'requirement', 'industry', 'trend', 'ensure', 'compliance', 'effectiveness', 'hr', 'process', 'minimum', 'education', 'bachelor', 'degree', 'human', 'resource', 'business', 'administration', 'related', 'field', 'required', 'minimum', 'experience', 'least', 'three', 'year', 'hr', 'experience', 'preferred', 'ability', 'act', 'integrity', 'professionalism', 'confidentiality', 'excellent', 'verbal', 'written', 'communication', 'skill', 'exceptional', 'interpersonal', 'negotiation', 'conflict', 'resolution', 'skill', 'outstanding', 'time', 'management', 'skill', 'proven', 'ability', 'meet', 'deadline', 'licensure', 'requirement', 'employee', 'must', 'valid', 'tennessee', 'driver', 'license', 'state', 'mandated', 'minimum', 'insurance', 'coverage']",human resource manager position summarythe ideal candidate perform routine task required administer execute human resource program including limited recruiting compensation benefit leave disciplinary matter dispute investigation performance talent management productivity recognition morale occupational health safety training development addition build strong relationship company manager order help human resource recruiting need handle employment related inquiry applicant employee supervisor referring complex sensitive matter appropriate staff maintain compliance federal state local employment law regulation recommended best practice review policy practice pertains company policy procedure create employee engagement program getting necessary leadership budget approval prior implementation maintain physical digital personnel medical restricted file maintain knowledge trend best practice regulatory change new technology human resource talent management employment law assist payroll benefit administration ensures compliance company policy procedure legal responsibility employment service applicant tracking e verify verifying licensure eligibility employment distribute human resource material assist coordination employee recognition program update manager regarding new revised human resource policy coordinate manager supervisor regarding disciplinary action performance evaluation rating timekeeping responsibility include following assist supervisor department timekeeping function review edits timesheets time edit form schedule completeness accuracy compiles employee time scheduling timekeeping payroll computer system resolve timekeeping related accrual discrepancy issue maintains file appropriate record ensures confidentiality streamlines work process implement change effect continual improvement timekeeping procedure recruiting responsibilitiesdevelop implement comprehensive talent acquisition strategy aligned company goal objective develop recruitment plan address current future talent requirement oversee full cycle recruitment process including sourcing screening interviewing offer negotiation ensure seamless candidate experience stay informed industry trend best practice talent acquisition incorporate innovative approach recruitment strategy collaborate cross functional team streamline recruitment process improve efficiency enhance overall candidate experience serve subject matter expert recruitment related matter provide guidance support internal stakeholder needed stay informed hr best practice legal requirement industry trend ensure compliance effectiveness hr process minimum education bachelor degree human resource business administration related field required minimum experience least three year hr experience preferred ability act integrity professionalism confidentiality excellent verbal written communication skill exceptional interpersonal negotiation conflict resolution skill outstanding time management skill proven ability meet deadline licensure requirement employee must valid tennessee driver license state mandated minimum insurance coverage
3782812525,Salesperson,SALES,"THE TERRA FORZA GOLF TEAM IS GROWING! TERRITORY IS TO BE DETERMINED. 
POSITION SUMMARY
RESPONSIBLE FOR THE SALE OF TERRA FORZA GOLF PRODUCTS AND SERVICES IN THE TERIITORY BY INTERACTING WITH ESTABLISHED CUSTOMERS AND DEVELOPING NEW PROSPECTS. MAINTAINS PERSONAL ONE-ON-ONE CONTACT AND ASSURES CUSTOMER AWARENESS BY PROVIDING EXPERTISE, KNOWLEDGE, NEW PRODUCT INFORMATION AND SUCH CONSISTENT WITH COMPANY OBJECTIVES AND QUALITY STANDARDS.
ESSENTIAL FUNCTIONS AND KEY RESPONSIBILITIES
SUCCESSFULLY SELL AND PROMOTE THE COMPANY'S PRODUCTS AND SERVICES WHILE MAXIMIZING THE TERRITORY’S POTENTIAL.ACHIEVES BOTH SHORT AND LONG-TERM OBJECTIVES FOR INCREASED SALES VOLUME AND TERRITORY GROWTH.EDUCATE AND INFORM CUSTOMERS AND GOLF PUBLIC ABOUT COMPANY PRODUCTS TO ASSURE GROWTH, PRODUCT/SERVICE DEVELOPMENT, QUALITY CONTROL AND PROFITABILITY.RESPONSIBLE FOR SECURING AND RENEWING ORDERS & MERCHANDISING OUR PRODUCTS @ ACCOUNT BASE WITHIN ASSIGNED TERRITORY TO ENSURE BEST POSSIBLE SELL THROUGH.MAINTAIN OPEN COMMUNICATIONS BETWEEN COMPANY AND CUSTOMERS. ESTABLISH PROFESSIONAL CUSTOMER/VENDOR RELATIONSHIP WITH APPROPRIATE CUSTOMER PERSONNEL.ACTS WITHIN SCOPE OF CORPORATE OBJECTIVES AND POLICIES TO ACCOMPLISH ASSIGNED GOALS.CALL ON AND PROVIDE SERVICE TO STRATEGIC ACCOUNT DOORS WITHIN DEFINED TERRITORY (I.E. MERCHANDISING, PRODUCT/FITTING TRAINING, RELATIONSHIP BUILDING, VISIT REPORTS, ETC.)ENGAGE AND SUPPORT EXPERIENTIAL FITTING EVENTS AND APPOINTMENTS WITH LOCAL ON AND OFF COURSE RETAILERS (GREEN GRASS, STRATEGIC, AND KEY ACCOUNTS).PERFORMS OTHER RELATED DUTIES AND ASSIGNMENTS AS REQUIRED
KNOWLEDGE AND SKILLS REQUIREMENTS
STRONG LEVEL OF WRITTEN AND VERBAL COMMUNICATION SKILLS. USE OF PROFESSIONAL LANGUAGE AND GOOD JUDGMENT WHEN INTERACTING WITH CUSTOMERS REGARDING COMPARISON OF VARIOUS PRODUCT BRANDS.HIGH LEVEL OF ORGANIZATION & TIME MANAGEMENT SKILLS.STRONG TECHNICAL SKILLS (GOLF EQUIPMENT, COMPUTERS, ETC.).ABILITY TO EFFECTIVELY PRESENT INFORMATION AND IDEAS TO VARYING LEVELS IN THE ORGANIZATION AND TO GROUPS OF ALL SIZES.
EDUCATION, WORK EXPERIENCE, AND PROFESSIONAL CERTIFICATIONS
3+ YEARS OF GOLF-RELATED OUTSIDE SALES EXPERIENCE REQUIRED.BACHELOR’S DEGREE IN MARKETING, BUSINESS ADMINISTRATION OR SIMILAR FIELD REQUIRED.EXPERIENCE WITH CLUB FITTING AND GOLF HARDGOODS IS PREFERRED.MUST HAVE PASSION FOR THE GAME OF GOLF AND PROFICIENT PLAYING ABILITY.
WORK ENVIRONMENT / PHYSICAL REQUIREMENTS
FLEXIBILITY IN DAYS AND HOURS AVAILABLE FOR SCHEDULED WORK; INCLUDING WEEKENDS.TRAVEL REQUIRED (CAR/PLANE). MUST HOLD VALID DRIVER’S LICENSE AND BE ABLE TO DRIVE TO VARIOUS LOCATIONS TO PERFORM SALES WORK.MUST BE ABLE TO LIVE IN THE DEFINED SALES TERRITORY WITH ABILITY TO TRAVEL WITHIN TERRITORY LINES.","Job title: Salesperson Category: SALES Skills: sales, customer relationship management, technical skills, presentation skills, merchandising, computer skills, professionalism, judgment, relationship building, golf equipment knowledge, order securing and renewing, golf-related outside sales experience, club fitting, passion for golf Description: THE TERRA FORZA GOLF TEAM IS GROWING! TERRITORY IS TO BE DETERMINED. POSITION SUMMARY RESPONSIBLE FOR THE SALE OF TERRA FORZA GOLF PRODUCTS AND SERVICES IN THE TERIITORY BY INTERACTING WITH ESTABLISHED CUSTOMERS AND DEVELOPING NEW PROSPECTS. MAINTAINS PERSONAL ONE-ON-ONE CONTACT AND ASSURES CUSTOMER AWARENESS BY PROVIDING EXPERTISE, KNOWLEDGE, NEW PRODUCT INFORMATION AND SUCH CONSISTENT WITH COMPANY OBJECTIVES AND QUALITY STANDARDS. ESSENTIAL FUNCTIONS AND KEY RESPONSIBILITIES SUCCESSFULLY SELL AND PROMOTE THE COMPANY'S PRODUCTS AND SERVICES WHILE MAXIMIZING THE TERRITORY’S POTENTIAL.ACHIEVES BOTH SHORT AND LONG-TERM OBJECTIVES FOR INCREASED SALES VOLUME AND TERRITORY GROWTH.EDUCATE AND INFORM CUSTOMERS AND GOLF PUBLIC ABOUT COMPANY PRODUCTS TO ASSURE GROWTH, PRODUCT/SERVICE DEVELOPMENT, QUALITY CONTROL AND PROFITABILITY.RESPONSIBLE FOR SECURING AND RENEWING ORDERS & MERCHANDISING OUR PRODUCTS @ ACCOUNT BASE WITHIN ASSIGNED TERRITORY TO ENSURE BEST POSSIBLE SELL THROUGH.MAINTAIN OPEN COMMUNICATIONS BETWEEN COMPANY AND CUSTOMERS. ESTABLISH PROFESSIONAL CUSTOMER/VENDOR RELATIONSHIP WITH APPROPRIATE CUSTOMER PERSONNEL.ACTS WITHIN SCOPE OF CORPORATE OBJECTIVES AND POLICIES TO ACCOMPLISH ASSIGNED GOALS.CALL ON AND PROVIDE SERVICE TO STRATEGIC ACCOUNT DOORS WITHIN DEFINED TERRITORY (I.E. MERCHANDISING, PRODUCT/FITTING TRAINING, RELATIONSHIP BUILDING, VISIT REPORTS, ETC.)ENGAGE AND SUPPORT EXPERIENTIAL FITTING EVENTS AND APPOINTMENTS WITH LOCAL ON AND OFF COURSE RETAILERS (GREEN GRASS, STRATEGIC, AND KEY ACCOUNTS).PERFORMS OTHER RELATED DUTIES AND ASSIGNMENTS AS REQUIRED KNOWLEDGE AND SKILLS REQUIREMENTS STRONG LEVEL OF WRITTEN AND VERBAL COMMUNICATION SKILLS. USE OF PROFESSIONAL LANGUAGE AND GOOD JUDGMENT WHEN INTERACTING WITH CUSTOMERS REGARDING COMPARISON OF VARIOUS PRODUCT BRANDS.HIGH LEVEL OF ORGANIZATION & TIME MANAGEMENT SKILLS.STRONG TECHNICAL SKILLS (GOLF EQUIPMENT, COMPUTERS, ETC.).ABILITY TO EFFECTIVELY PRESENT INFORMATION AND IDEAS TO VARYING LEVELS IN THE ORGANIZATION AND TO GROUPS OF ALL SIZES. EDUCATION, WORK EXPERIENCE, AND PROFESSIONAL CERTIFICATIONS 3+ YEARS OF GOLF-RELATED OUTSIDE SALES EXPERIENCE REQUIRED.BACHELOR’S DEGREE IN MARKETING, BUSINESS ADMINISTRATION OR SIMILAR FIELD REQUIRED.EXPERIENCE WITH CLUB FITTING AND GOLF HARDGOODS IS PREFERRED.MUST HAVE PASSION FOR THE GAME OF GOLF AND PROFICIENT PLAYING ABILITY. WORK ENVIRONMENT / PHYSICAL REQUIREMENTS FLEXIBILITY IN DAYS AND HOURS AVAILABLE FOR SCHEDULED WORK; INCLUDING WEEKENDS.TRAVEL REQUIRED (CAR/PLANE). MUST HOLD VALID DRIVER’S LICENSE AND BE ABLE TO DRIVE TO VARIOUS LOCATIONS TO PERFORM SALES WORK.MUST BE ABLE TO LIVE IN THE DEFINED SALES TERRITORY WITH ABILITY TO TRAVEL WITHIN TERRITORY LINES.","[""sales"", ""customer relationship management"", ""technical skills"", ""presentation skills"", ""merchandising"", ""computer skills"", ""professionalism"", ""judgment"", ""relationship building"", ""golf equipment knowledge"", ""order securing and renewing"", ""golf-related outside sales experience"", ""club fitting"", ""passion for golf""]","[""sales"", ""customer relationship management"", ""technical skills"", ""presentation skills"", ""merchandising"", ""computer skills"", ""professionalism"", ""judgment"", ""relationship building"", ""golf equipment knowledge"", ""order securing and renewing"", ""golf-related outside sales experience"", ""club fitting"", ""passion for golf""]","THE TERRA FORZA GOLF TEAM IS GROWING! TERRITORY IS TO BE DETERMINED. 
POSITION SUMMARY
RESPONSIBLE FOR THE SALE OF TERRA FORZA GOLF PRODUCTS AND SERVICES IN THE TERIITORY BY INTERACTING WITH ESTABLISHED CUSTOMERS AND DEVELOPING NEW PROSPECTS. MAINTAINS PERSONAL ONE-ON-ONE CONTACT AND ASSURES CUSTOMER AWARENESS BY PROVIDING EXPERTISE, KNOWLEDGE, NEW PRODUCT INFORMATION AND SUCH CONSISTENT WITH COMPANY OBJECTIVES AND QUALITY STANDARDS.
ESSENTIAL FUNCTIONS AND KEY RESPONSIBILITIES
SUCCESSFULLY SELL AND PROMOTE THE COMPANY'S PRODUCTS AND SERVICES WHILE MAXIMIZING THE TERRITORY’S POTENTIAL.ACHIEVES BOTH SHORT AND LONG-TERM OBJECTIVES FOR INCREASED SALES VOLUME AND TERRITORY GROWTH.EDUCATE AND INFORM CUSTOMERS AND GOLF PUBLIC ABOUT COMPANY PRODUCTS TO ASSURE GROWTH, PRODUCT/SERVICE DEVELOPMENT, QUALITY CONTROL AND PROFITABILITY.RESPONSIBLE FOR SECURING AND RENEWING ORDERS & MERCHANDISING OUR PRODUCTS @ ACCOUNT BASE WITHIN ASSIGNED TERRITORY TO ENSURE BEST POSSIBLE SELL THROUGH.MAINTAIN OPEN COMMUNICATIONS BETWEEN COMPANY AND CUSTOMERS. ESTABLISH PROFESSIONAL CUSTOMER/VENDOR RELATIONSHIP WITH APPROPRIATE CUSTOMER PERSONNEL.ACTS WITHIN SCOPE OF CORPORATE OBJECTIVES AND POLICIES TO ACCOMPLISH ASSIGNED GOALS.CALL ON AND PROVIDE SERVICE TO STRATEGIC ACCOUNT DOORS WITHIN DEFINED TERRITORY (I.E. MERCHANDISING, PRODUCT/FITTING TRAINING, RELATIONSHIP BUILDING, VISIT REPORTS, ETC.)ENGAGE AND SUPPORT EXPERIENTIAL FITTING EVENTS AND APPOINTMENTS WITH LOCAL ON AND OFF COURSE RETAILERS (GREEN GRASS, STRATEGIC, AND KEY ACCOUNTS).PERFORMS OTHER RELATED DUTIES AND ASSIGNMENTS AS REQUIRED
KNOWLEDGE AND SKILLS REQUIREMENTS
STRONG LEVEL OF WRITTEN AND VERBAL COMMUNICATION SKILLS. USE OF PROFESSIONAL LANGUAGE AND GOOD JUDGMENT WHEN INTERACTING WITH CUSTOMERS REGARDING COMPARISON OF VARIOUS PRODUCT BRANDS.HIGH LEVEL OF ORGANIZATION & TIME MANAGEMENT SKILLS.STRONG TECHNICAL SKILLS (GOLF EQUIPMENT, COMPUTERS, ETC.).ABILITY TO EFFECTIVELY PRESENT INFORMATION AND IDEAS TO VARYING LEVELS IN THE ORGANIZATION AND TO GROUPS OF ALL SIZES.
EDUCATION, WORK EXPERIENCE, AND PROFESSIONAL CERTIFICATIONS
3+ YEARS OF GOLF-RELATED OUTSIDE SALES EXPERIENCE REQUIRED.BACHELOR’S DEGREE IN MARKETING, BUSINESS ADMINISTRATION OR SIMILAR FIELD REQUIRED.EXPERIENCE WITH CLUB FITTING AND GOLF HARDGOODS IS PREFERRED.MUST HAVE PASSION FOR THE GAME OF GOLF AND PROFICIENT PLAYING ABILITY.
WORK ENVIRONMENT / PHYSICAL REQUIREMENTS
FLEXIBILITY IN DAYS AND HOURS AVAILABLE FOR SCHEDULED WORK; INCLUDING WEEKENDS.TRAVEL REQUIRED (CAR/PLANE). MUST HOLD VALID DRIVER’S LICENSE AND BE ABLE TO DRIVE TO VARIOUS LOCATIONS TO PERFORM SALES WORK.MUST BE ABLE TO LIVE IN THE DEFINED SALES TERRITORY WITH ABILITY TO TRAVEL WITHIN TERRITORY LINES.",3.0,"[0.05193764343857765, -0.01702122576534748, -0.00534691009670496, 0.026864664629101753, 0.030328432098031044, 0.021746434271335602, 0.0060405549593269825, -0.014525596983730793, -0.02291075885295868, -0.047857772558927536, -0.01981986314058304, -0.0037958903703838587, 0.06523142009973526, 0.04837024584412575, -0.0009246892877854407, -0.04172190651297569, -0.036682017147541046, 0.017838938161730766, 0.002559215296059847, -0.0273770559579134, -0.010157563723623753, 0.02424078807234764, -0.003695247694849968, 0.034013550728559494, 0.014125466346740723, -0.030034469440579414, 0.05463537201285362, 0.013667850755155087, 0.060647863894701004, 0.05597105994820595, 0.052033133804798126, -0.033981598913669586, 0.044498030096292496, -0.05205726623535156, 2.0454278910619905e-06, 0.026395943015813828, -0.008213778957724571, -0.035842202603816986, -0.05116099864244461, -0.01938481256365776, 0.003197526326403022, -0.026927782222628593, 0.006401818711310625, 0.012488068081438541, 0.004563713446259499, 0.033634014427661896, -0.0012720279628410935, -0.03019648604094982, 0.01742454431951046, 0.012129120528697968, -0.007629316300153732, -0.016206666827201843, -0.07331684976816177, 0.0050689480267465115, -0.00840796809643507, -0.07203834503889084, -0.031154152005910873, -0.026895826682448387, -0.016401857137680054, 0.022590428590774536, -0.033650919795036316, -0.010678390972316265, 0.0020530603360384703, 0.0357290618121624, 0.050634775310754776, 0.03286970034241676, 0.061065953224897385, -0.019118884578347206, 0.029529696330428123, -0.034502945840358734, 0.030022159218788147, 0.0007100197253748775, -0.0332585833966732, 0.06825188547372818, 0.04496460780501366, 0.019937589764595032, 0.022162849083542824, 0.059735868126153946, 0.01296967826783657, -0.02148202434182167, -0.03407060354948044, 0.09407558292150497, -0.05243828520178795, -0.038953717797994614, 0.02915589138865471, -0.004767844919115305, -0.0057702637277543545, -0.010008620098233223, -0.033689018338918686, -0.0019147141138091683, -0.03895648568868637, -0.0491848960518837, 0.0003722464316524565, 0.02105884440243244, -0.10700802505016327, -0.028768418356776237, 0.037857744842767715, -0.007968840189278126, 0.02594022825360298, -0.04719877615571022, 0.004757604096084833, 0.013101760298013687, 0.06601512432098389, 0.015047211199998856, 0.019189821556210518, 0.029823368415236473, 0.012608501128852367, 0.007385770790278912, -0.099247045814991, 0.021367067471146584, 0.0011344102676957846, -0.04348614811897278, 0.0005544287851080298, -0.009013145230710506, 0.011728455312550068, -0.016476482152938843, 0.021461009979248047, -0.027451567351818085, 0.017681226134300232, 0.01129197422415018, 0.07085151970386505, 0.020409835502505302, -0.027985533699393272, -0.0008178503485396504, -0.020853174850344658, -0.035865601152181625, -0.09412546455860138, 0.010559910908341408, 0.006945788860321045, 0.03311804309487343, 0.0162343829870224, 0.0006867070333100855, 0.001548917731270194, 0.01693042181432247, 0.01765895076096058, 0.00719828438013792, -0.008382555097341537, 0.05327749252319336, -0.006757020950317383, -0.017257245257496834, -0.01673293299973011, -0.05811990424990654, -0.05094240605831146, 0.008580062538385391, 0.012650268152356148, -0.03711521998047829, -0.030205564573407173, 0.06472424417734146, -0.011993260122835636, 0.04245308041572571, -0.010747743770480156, 0.02970481477677822, -0.013978713192045689, -0.00459651742130518, 0.04892384633421898, 0.021754248067736626, 0.04646278917789459, 0.007875015959143639, -0.016046492382884026, 0.016939375549554825, -0.04238884896039963, -0.00989876314997673, -0.0022126256953924894, -0.002406181301921606, -0.03601350262761116, -0.024084925651550293, 0.02459854818880558, 0.018417328596115112, -0.012282848358154297, -0.00476427748799324, 0.00564243458211422, 0.002733900211751461, -0.027827037498354912, 0.07883405685424805, 0.02343958616256714, -0.013528220355510712, 0.05078070983290672, -0.0028582599479705095, 0.07528065145015717, -0.02808194048702717, -0.009262552484869957, -0.09139388799667358, 0.025807376950979233, -0.06180006265640259, 0.028287874534726143, 0.021429719403386116, -0.08544440567493439, 0.012450492940843105, -0.04726646468043327, -0.002064807340502739, 0.06092596426606178, 0.022943168878555298, 0.013713164255023003, 0.02311205491423607, -0.02045176737010479, 0.014846358448266983, -0.053229399025440216, 0.02947598695755005, -0.026331277564167976, -0.017764806747436523, -0.02895616926252842, 0.05093139037489891, 0.01097667682915926, 0.04449353367090225, 0.025490837171673775, 0.029482824727892876, -0.04474276676774025, -0.0052025034092366695, -0.05900351330637932, 0.06003474444150925, 0.014944735914468765, 0.006260980851948261, -0.01187108550220728, 0.029957307502627373, -0.01944313943386078, 0.01228111982345581, 0.04655757546424866, 0.03271976858377457, 0.011329303495585918, -0.013999068178236485, 0.048834819346666336, -0.012400017119944096, -0.017414690926671028, -0.04746796190738678, 0.02402145229279995, -0.08317580819129944, -0.0291046854108572, 0.029926247894763947, -0.04787936061620712, 0.02274637669324875, 0.014316548593342304, 0.010398518294095993, 0.022939426824450493, -0.051959794014692307, 0.021038543432950974, 0.00936130527406931, 0.02871338464319706, 0.05789178982377052, 0.04140317067503929, 0.045383475720882416, -0.0351424477994442, 0.03284752741456032, 0.018961196765303612, -0.01661902666091919, -0.015405680984258652, 0.007130309008061886, -0.018810100853443146, 0.025616364553570747, 0.0012629445409402251, -0.0315156988799572, 0.016258668154478073, 0.03786127269268036, 0.03591914102435112, 0.07697553187608719, -0.028229104354977608, 0.008209388703107834, -0.07072219252586365, 0.01703879050910473, -0.043249428272247314, 0.028529785573482513, 0.017720550298690796, -0.057760052382946014, -0.0450233556330204, 0.02846754901111126, 0.0791594386100769, -0.0035763320047408342, 0.05741283297538757, -0.027218200266361237, -0.012726718559861183, -0.008791002444922924, 0.007941033691167831, 0.02453971467912197, -0.005094484891742468, 0.0015064922627061605, 0.03817583620548248, 0.00825871154665947, 0.042019959539175034, 0.046639811247587204, -0.05009555071592331, 0.014958190731704235, 0.03302659094333649, -0.07483117282390594, -0.018882425501942635, 0.030953476205468178, -0.014237250201404095, 0.008271253667771816, 0.06424661725759506, -0.020121727138757706, -0.08308477699756622, 0.021407466381788254, -0.05442683771252632, 0.01705695502460003, 0.04043661430478096, -0.06920824199914932, -0.03792061284184456, 0.010502208024263382, -0.00047403734060935676, 0.035284318029880524, 0.011097213253378868, -0.04227267950773239, -0.05107880011200905, -0.07339401543140411, 0.02523031085729599, 0.007572089787572622, 0.01978960819542408, -0.032669439911842346, -0.040174566209316254, 0.017813581973314285, 0.003403938375413418, 0.01773030310869217, -0.00033729991992004216, 0.017039705067873, -0.03048872761428356, -0.012901172041893005, -0.011744054965674877, 0.019074346870183945, 0.014282302930951118, -0.01193720381706953, -0.023808293044567108, 0.058622147887945175, -0.024360595270991325, 0.03872775658965111, -0.06723568588495255, -0.011175546795129776, -0.005891389213502407, -0.061263613402843475, -0.008517301641404629, 0.019962746649980545, 0.02673948183655739, -0.023228397592902184, 0.031002048403024673, -0.03152219206094742, -0.013615600764751434, 0.07729871571063995, 0.006207152735441923, -0.015670590102672577, -0.021317092701792717, -0.06222115829586983, -0.00041936023626476526, 0.031778741627931595, -0.04669900983572006, -0.007643891964107752, 0.00793992169201374, 0.006058725994080305, 0.021865878254175186, 0.012889642268419266, 0.060735709965229034, 0.02165229618549347, -0.06332948803901672, -0.030869975686073303, 0.030590930953621864, 0.028862671926617622, -0.0029678477440029383, -0.014790520071983337, -0.014888821169734001, -0.06112705171108246, -0.00032728107180446386, 0.0590379498898983, -0.036747731268405914, -0.016857828944921494, -0.012907748110592365, -0.01711270585656166, -0.016397424042224884, -0.003204468870535493, 0.023351576179265976, -0.034893278032541275, 0.004044571425765753, 0.002403839724138379, -0.006342753767967224, 0.023295385763049126, 0.004419108387082815, 0.01682768575847149, -0.023970024660229683, 0.016048869118094444, -0.011063517071306705, -0.034073762595653534, -0.019433626905083656, 0.075458824634552, -0.019408361986279488, -0.04445870220661163, 0.02872556261718273, 0.03128374367952347, 0.08958563208580017, -0.008961518295109272, 0.011266572400927544, -0.056532278656959534, 0.0072205886244773865, -0.03147377073764801, -0.057169344276189804, 0.03254931792616844, 0.02603520266711712, 0.0040556276217103004, -0.08741086721420288, 0.0682649165391922, -0.05189797654747963, -0.005553188268095255, 0.05614277347922325, -0.025292297825217247, -0.039795372635126114, 0.010122789070010185, 0.004421835765242577, 0.026789233088493347, -0.0050681596621870995, 0.06535829603672028, -0.028112616389989853, -0.044521816074848175, 0.07899662107229233, 0.008785752579569817, -0.02327779494225979, -0.00490161357447505, -0.058401789516210556, 0.08108170330524445, -0.025439631193876266, 0.020659074187278748, 0.00353315775282681, -0.04047849774360657, -0.009436747059226036, 0.054805051535367966, -0.04644692689180374, -0.00800777692347765, 0.058991700410842896, -0.002291527111083269, -0.011128836311399937, 0.05707242712378502, 0.04115684702992439, 0.06622041761875153, 0.051132891327142715, 0.011510695330798626, 0.013361981138586998, 0.0036615461576730013, -0.061113517731428146, 0.03325013443827629, -0.03787434473633766, 0.07732975482940674, -0.04028453305363655, -0.04664235934615135, -0.00523726362735033, 0.037489987909793854, -0.05602956563234329, 0.0026716215070337057, -0.003025583690032363, 0.07979760318994522, 0.03067980334162712, 0.030955171212553978, -0.04211796447634697, -0.05928550288081169, -0.04798806831240654, 0.005421398673206568, -0.05197252705693245, -0.05031237006187439, 0.04842636361718178, -0.022105010226368904, 0.030362848192453384, 0.008791107684373856, -0.024754971265792847, -0.019483111798763275, -0.08650216460227966, 0.0460311695933342, 0.043062034994363785, 0.0029559999238699675, 0.08986589312553406, 0.024638712406158447, -0.024321848526597023, 0.03195662423968315, -0.012153899297118187, -0.06375830620527267, 0.03828660771250725, -0.04324876144528389, 0.027334999293088913, -0.04909316822886467, 0.08034394681453705, -0.014025894924998283, -0.009217863902449608, -0.0031562454532831907, 0.061695754528045654, -0.04252844676375389, 0.0006965952343307436, 0.07870500534772873, 0.020594783127307892, 0.059555817395448685, 0.025737915188074112, 0.030002709478139877, 0.01796885021030903, 0.01825622096657753, 0.019677387550473213, 0.006124173291027546, -0.04456552863121033, -0.01115766353905201, -0.031117266044020653, -0.020379073917865753, 0.026130644604563713, -0.04223274067044258, 0.03152443468570709, -0.038818225264549255, 0.017552953213453293, 0.0008748122490942478, 0.008233499713242054, 0.03585503250360489, 0.009798853658139706, -0.07204258441925049, -0.06176550313830376, 0.015160685405135155, 0.009882744401693344, -0.07901402562856674, 0.04117235168814659, -0.032036446034908295, 0.002783621195703745, -0.03861644119024277, 0.0003242436796426773, 0.007718300446867943, -0.08096911013126373, -0.019241658970713615, 0.04969371482729912, -0.04052608832716942, 0.02887679822742939, 0.02717726305127144, -0.020136268809437752, -0.05710654333233833, -0.009400377981364727, -0.03650743141770363, 0.00692333048209548, -0.033928994089365005, -0.06369258463382721, -0.025429265573620796, 0.02390073798596859, 0.0196820255368948, 0.008153703063726425, 0.034326620399951935, -0.053077392280101776, 0.022565064951777458, 0.017175942659378052, -0.0013392773689702153, -0.05182976275682449, 0.00042288380791433156, -0.029251297935843468, 0.048869211226701736, -0.033643193542957306, 0.02642524614930153, -0.040587011724710464, 0.01372498832643032, -0.02114083245396614, 0.015129906125366688, 0.024094566702842712, 0.02148136869072914, 0.003970432095229626, 0.04098894074559212, -0.07118863612413406, 0.009939311072230339, -0.03775473311543465, -0.0020904613193124533, -0.005459792912006378, -0.01794588193297386, -0.03551440313458443, 0.056477807462215424, 0.006276376079767942, -5.687791046926876e-33, -0.029881933704018593, -0.0810118168592453, 0.041264645755290985, 0.07496161758899689, -0.016844632104039192, -0.010001004673540592, 0.027437381446361542, -0.026919787749648094, -0.04513897746801376, 0.023229841142892838, 0.015692494809627533, -0.009768828749656677, 0.01142915990203619, 0.02071022242307663, 0.03533833473920822, -0.027922766283154488, 0.03355232626199722, 0.020050205290317535, 0.032505493611097336, -0.029628651216626167, -0.11161895841360092, 0.04041561856865883, 0.04755357280373573, -0.013308484107255936, 0.0049287364818155766, -0.06658709049224854, -0.07030797749757767, 0.02546209655702114, -0.013065270148217678, -0.011822677217423916, 0.03236331790685654, 0.005526919849216938, -0.0011249030940234661, -0.03533145785331726, 0.033461809158325195, 0.0901215523481369, -0.04743340611457825, 0.005199830047786236, 0.012735423631966114, 0.047449346631765366, -0.026397287845611572, -0.005463740788400173, 5.489035174832679e-06, -0.018111517652869225, 0.01125691831111908, -0.04671008884906769, -0.00018361161346547306, -0.025944925844669342, 0.03534383699297905, 0.03742816671729088, -0.048942435532808304, -0.011470294557511806, -0.008920308202505112, -0.047883789986371994, 0.058160118758678436, 0.09721009433269501, -0.00432526133954525, 0.010610564611852169, 0.009874340146780014, -0.019976556301116943, -0.016045674681663513, -0.02008390799164772, -0.01152898371219635, 0.042591240257024765, 0.01058488804847002, -0.011738057248294353, 0.014281322248280048, 0.021270614117383957, -0.060928478837013245, -0.04830344393849373, -0.06116798520088196, 0.026784760877490044, -0.06041940674185753, 0.004389231558889151, 0.0070605152286589146, 0.023398183286190033, 0.012736283242702484, 0.016082054004073143, 0.04722175747156143, 0.0280948244035244, -0.0855836346745491, -0.009201942943036556, 0.0039034916553646326, -0.03370547294616699, 0.02152123861014843, 0.02583298087120056, -0.011676452122628689, 0.00689194118604064, 0.043614983558654785, 0.020391980186104774, -0.020746322348713875, 0.03661529719829559, -0.020306037738919258, -0.010405341163277626, 0.021452629938721657, -0.04041588306427002, 0.0466122142970562, -0.026819860562682152, -0.0038836130406707525, -0.0022599752992391586, -0.021489018574357033, 0.008253432810306549, -0.07002253830432892, -0.01233107503503561, -0.007829064503312111, 0.00701826810836792, -0.05423218756914139, 0.024364905431866646, 0.005928471684455872, 0.0315491147339344, 0.0384182445704937, -0.01042034663259983, 0.012674947269260883, -0.017065366730093956, 0.005452968180179596, -0.04798324778676033, 0.025295328348875046, -0.013841834850609303, 0.04373753070831299, -0.08506549149751663, 0.041797515004873276, 0.04057813063263893, -0.0035971817560493946, -0.0338909812271595, -0.04382150620222092, -0.004115356132388115, 0.035276323556900024, 0.02437466010451317, -0.023531971499323845, 0.015928611159324646, -0.023483553901314735, -0.04369167611002922, 2.789446682527341e-07, 0.06139708310365677, 0.05376936495304108, -0.047195639461278915, 0.022937817499041557, 0.022174358367919922, -0.004097226541489363, -0.015175324864685535, -0.006456444971263409, 0.004774691537022591, 0.03453440964221954, 0.06899984925985336, 0.010663089342415333, -0.014961239881813526, -0.028858302161097527, -0.005683663301169872, -0.06302202492952347, -0.011239862069487572, -0.061153311282396317, -0.031001873314380646, 0.009998577646911144, 0.03316695988178253, 0.021767687052488327, 0.0026868751738220453, -0.0062250737100839615, 0.027244821190834045, -0.0612659715116024, 0.039017487317323685, -0.02544769085943699, 0.030206039547920227, 0.012731901369988918, 0.03851901739835739, 0.0005469750030897558, 0.0016245096921920776, 0.01216293964534998, 0.02383670024573803, 0.018741395324468613, 0.06784528493881226, 0.04983438551425934, 0.03158050402998924, 0.055921874940395355, -0.0027873681392520666, -0.06704449653625488, 0.0056053572334349155, -0.019619064405560493, -0.04137361794710159, -0.04765746742486954, -0.04270201176404953, -0.025416221469640732, -0.031165022403001785, 0.028491288423538208, -0.005992218852043152, -0.003234721254557371, -0.015421358868479729, -0.03985530138015747, 0.015128609724342823, 0.004643226508051157, -0.031561609357595444, 0.04673472046852112, 0.018023233860731125, 0.03241104260087013, -0.06658580154180527, 0.02738117426633835, 0.012593496590852737, -0.02735814079642296, 0.033256884664297104, -0.07796334475278854, 0.004650507587939501, 2.122261378203559e-34, 0.016529211774468422, 0.024106763303279877, -0.020938623696565628, -0.01698961853981018, -0.0033460294362157583, -0.05108985677361488, 0.009211921133100986, -0.04594716057181358, -0.014445176348090172, -0.010082689113914967, -0.01173702534288168]",the terra forza golf team is growing territory is to be determined. position summary responsible for the sale of terra forza golf products and services in the teriitory by interacting with established customers and developing new prospects. maintains personal one on one contact and assures customer awareness by providing expertise knowledge new product information and such consistent with company objectives and quality standards. essential functions and key responsibilities successfully sell and promote the company s products and services while maximizing the territory s potential.achieves both short and long term objectives for increased sales volume and territory growth.educate and inform customers and golf public about company products to assure growth product service development quality control and profitability.responsible for securing and renewing orders merchandising our products account base within assigned territory to ensure best possible sell through.maintain open communications between company and customers. establish professional customer vendor relationship with appropriate customer personnel.acts within scope of corporate objectives and policies to accomplish assigned goals.call on and provide service to strategic account doors within defined territory i.e. merchandising product fitting training relationship building visit reports etc. engage and support experiential fitting events and appointments with local on and off course retailers green grass strategic and key accounts .performs other related duties and assignments as required knowledge and skills requirements strong level of written and verbal communication skills. use of professional language and good judgment when interacting with customers regarding comparison of various product brands.high level of organization time management skills.strong technical skills golf equipment computers etc. .ability to effectively present information and ideas to varying levels in the organization and to groups of all sizes. education work experience and professional certifications 3+ years of golf related outside sales experience required.bachelor s degree in marketing business administration or similar field required.experience with club fitting and golf hardgoods is preferred.must have passion for the game of golf and proficient playing ability. work environment physical requirements flexibility in days and hours available for scheduled work including weekends.travel required car plane . must hold valid driver s license and be able to drive to various locations to perform sales work.must be able to live in the defined sales territory with ability to travel within territory lines.,"['terra', 'forza', 'golf', 'team', 'growing', 'territory', 'determined', 'position', 'summary', 'responsible', 'sale', 'terra', 'forza', 'golf', 'product', 'service', 'teriitory', 'interacting', 'established', 'customer', 'developing', 'new', 'prospect', 'maintains', 'personal', 'one', 'one', 'contact', 'assures', 'customer', 'awareness', 'providing', 'expertise', 'knowledge', 'new', 'product', 'information', 'consistent', 'company', 'objective', 'quality', 'standard', 'essential', 'function', 'key', 'responsibility', 'successfully', 'sell', 'promote', 'company', 'product', 'service', 'maximizing', 'territory', 'potential', 'achieves', 'short', 'long', 'term', 'objective', 'increased', 'sale', 'volume', 'territory', 'growth', 'educate', 'inform', 'customer', 'golf', 'public', 'company', 'product', 'assure', 'growth', 'product', 'service', 'development', 'quality', 'control', 'profitability', 'responsible', 'securing', 'renewing', 'order', 'merchandising', 'product', 'account', 'base', 'within', 'assigned', 'territory', 'ensure', 'best', 'possible', 'sell', 'maintain', 'open', 'communication', 'company', 'customer', 'establish', 'professional', 'customer', 'vendor', 'relationship', 'appropriate', 'customer', 'personnel', 'act', 'within', 'scope', 'corporate', 'objective', 'policy', 'accomplish', 'assigned', 'goal', 'call', 'provide', 'service', 'strategic', 'account', 'door', 'within', 'defined', 'territory', 'e', 'merchandising', 'product', 'fitting', 'training', 'relationship', 'building', 'visit', 'report', 'etc', 'engage', 'support', 'experiential', 'fitting', 'event', 'appointment', 'local', 'course', 'retailer', 'green', 'grass', 'strategic', 'key', 'account', 'performs', 'related', 'duty', 'assignment', 'required', 'knowledge', 'skill', 'requirement', 'strong', 'level', 'written', 'verbal', 'communication', 'skill', 'use', 'professional', 'language', 'good', 'judgment', 'interacting', 'customer', 'regarding', 'comparison', 'various', 'product', 'brand', 'high', 'level', 'organization', 'time', 'management', 'skill', 'strong', 'technical', 'skill', 'golf', 'equipment', 'computer', 'etc', 'ability', 'effectively', 'present', 'information', 'idea', 'varying', 'level', 'organization', 'group', 'size', 'education', 'work', 'experience', 'professional', 'certification', 'year', 'golf', 'related', 'outside', 'sale', 'experience', 'required', 'bachelor', 'degree', 'marketing', 'business', 'administration', 'similar', 'field', 'required', 'experience', 'club', 'fitting', 'golf', 'hardgoods', 'preferred', 'must', 'passion', 'game', 'golf', 'proficient', 'playing', 'ability', 'work', 'environment', 'physical', 'requirement', 'flexibility', 'day', 'hour', 'available', 'scheduled', 'work', 'including', 'weekend', 'travel', 'required', 'car', 'plane', 'must', 'hold', 'valid', 'driver', 'license', 'able', 'drive', 'various', 'location', 'perform', 'sale', 'work', 'must', 'able', 'live', 'defined', 'sale', 'territory', 'ability', 'travel', 'within', 'territory', 'line']",terra forza golf team growing territory determined position summary responsible sale terra forza golf product service teriitory interacting established customer developing new prospect maintains personal one one contact assures customer awareness providing expertise knowledge new product information consistent company objective quality standard essential function key responsibility successfully sell promote company product service maximizing territory potential achieves short long term objective increased sale volume territory growth educate inform customer golf public company product assure growth product service development quality control profitability responsible securing renewing order merchandising product account base within assigned territory ensure best possible sell maintain open communication company customer establish professional customer vendor relationship appropriate customer personnel act within scope corporate objective policy accomplish assigned goal call provide service strategic account door within defined territory e merchandising product fitting training relationship building visit report etc engage support experiential fitting event appointment local course retailer green grass strategic key account performs related duty assignment required knowledge skill requirement strong level written verbal communication skill use professional language good judgment interacting customer regarding comparison various product brand high level organization time management skill strong technical skill golf equipment computer etc ability effectively present information idea varying level organization group size education work experience professional certification year golf related outside sale experience required bachelor degree marketing business administration similar field required experience club fitting golf hardgoods preferred must passion game golf proficient playing ability work environment physical requirement flexibility day hour available scheduled work including weekend travel required car plane must hold valid driver license able drive various location perform sale work must able live defined sale territory ability travel within territory line
3861704803,Business Development Manager,BUSINESS-DEVELOPMENT,"HELLO FOLKS,HOPE YOU ARE WELL AND DOING GREAT,
THIS IS SOHAIL FROM KASTECH SOFTWARE SOLUTIONS WE DO HAVE AN URGENT OPENING FOR BUSINESS DEVELOPMENT MANAGER @ AUSTIN, TX. PLEASE GO THROUGH WITH THE JOB DESCRIPTION AND SHARE ME YOUR UPDATED RESUME IF YOUR EXPERIENCE & SKILLS MATCH WITH CLIENT REQUIREMENT.
JOB TITLE: BDM (BUSINESS DEVELOPMENT MANAGER)LOCATION: AUSTIN (TX) - ONSITE EXPERIENCE: 5- 8 YEARS SALARY STRUCTURE: BASE SALARY + INCENTIVES EMPLOYMENT TYPE: FTE/DIRECT HIRE   
AS A BDM, YOU WILL HANDLE ALL ASPECTS:  · DEVELOP NEW CLIENT ACCOUNTS (DIRECT / TIER 1 PARTNERS) FOR IT STAFFING BUSINESS IN USA. INTERACT WITH CLIENTS ON DAILY BASIS AND IDENTIFY STAFFING OPPORTUNITIES TO FULFILL. · GET INVOLVED IN COMPLETE RECRUITMENT CYCLE - FROM SOURCING TO PLACING. · BE ACCOUNTABLE FOR REVENUE TARGETS. · CLIENT RELATIONSHIP MANAGEMENT. · BUILDING ACCOUNTS WITH CONTRACTOR STAFFING NEEDS AND ONGOING SUPPORT. · PARTNERING AND IDENTIFYING OPPORTUNITIES FOR IT SERVICES PROJECT. · LEVERAGE YOUR EXISTING RELATIONSHIPS AND NETWORK TO OPEN NEW BUSINESS.  REQUIRED EXPERIENCE: · MINIMUM OF 5-8 YEARS OF EXPERIENCE IN IT STAFFING BUSINESS DEVELOPMENTS/ACCOUNT MANAGEMENT IN THE US  MARKET. · MUST HAVE PRIOR RELATIONSHIPS WITH TIER-1 PARTNERS / END CLIENTS WITH A CONSISTENT TRACK RECORD OF PLACEMENTS WITH  THEM. · AGGRESSIVE AND TARGET ORIENTED WITH ABILITY TO WORK IN HIGH PRESSURE ENVIRONMENT, MULTI-TASKING AND SELF-  MOTIVATED. · SHOULD BE ABLE TO WORK INDEPENDENTLY WORK - END TO END IN PURSUING PLACEMENTS/REVENUE TARGETS. · EXPERT LEVEL TECHNICAL RECRUITMENT SKILLS. · SHARP, ARTICULATE AND ENERGETIC WITH A CAN-DO ATTITUDE.

SOHAIL HUSSAIN,SENIOR TALENT ACQUISITION SPECIALIST,KASTECH SOFTWARE SOLUTIONS PVT. LTD.CONTACT NUMBER: +1 8322258022SOHAILH@KASTECHSSG.COM","Job title: Business Development Manager Category: BUSINESS-DEVELOPMENT Skills: account management, client relationship management, revenue target accountability, business development, it services project management, target oriented, self-motivated, multi-tasking, independent work, can-do attitude, articulate, it staffing, technical recruitment, sourcing, placing, contractor staffing, aggressive, energetic Description: HELLO FOLKS,HOPE YOU ARE WELL AND DOING GREAT, THIS IS SOHAIL FROM KASTECH SOFTWARE SOLUTIONS WE DO HAVE AN URGENT OPENING FOR BUSINESS DEVELOPMENT MANAGER @ AUSTIN, TX. PLEASE GO THROUGH WITH THE JOB DESCRIPTION AND SHARE ME YOUR UPDATED RESUME IF YOUR EXPERIENCE & SKILLS MATCH WITH CLIENT REQUIREMENT. JOB TITLE: BDM (BUSINESS DEVELOPMENT MANAGER)LOCATION: AUSTIN (TX) - ONSITE EXPERIENCE: 5- 8 YEARS SALARY STRUCTURE: BASE SALARY + INCENTIVES EMPLOYMENT TYPE: FTE/DIRECT HIRE AS A BDM, YOU WILL HANDLE ALL ASPECTS: · DEVELOP NEW CLIENT ACCOUNTS (DIRECT / TIER 1 PARTNERS) FOR IT STAFFING BUSINESS IN USA. INTERACT WITH CLIENTS ON DAILY BASIS AND IDENTIFY STAFFING OPPORTUNITIES TO FULFILL. · GET INVOLVED IN COMPLETE RECRUITMENT CYCLE - FROM SOURCING TO PLACING. · BE ACCOUNTABLE FOR REVENUE TARGETS. · CLIENT RELATIONSHIP MANAGEMENT. · BUILDING ACCOUNTS WITH CONTRACTOR STAFFING NEEDS AND ONGOING SUPPORT. · PARTNERING AND IDENTIFYING OPPORTUNITIES FOR IT SERVICES PROJECT. · LEVERAGE YOUR EXISTING RELATIONSHIPS AND NETWORK TO OPEN NEW BUSINESS. REQUIRED EXPERIENCE: · MINIMUM OF 5-8 YEARS OF EXPERIENCE IN IT STAFFING BUSINESS DEVELOPMENTS/ACCOUNT MANAGEMENT IN THE US MARKET. · MUST HAVE PRIOR RELATIONSHIPS WITH TIER-1 PARTNERS / END CLIENTS WITH A CONSISTENT TRACK RECORD OF PLACEMENTS WITH THEM. · AGGRESSIVE AND TARGET ORIENTED WITH ABILITY TO WORK IN HIGH PRESSURE ENVIRONMENT, MULTI-TASKING AND SELF- MOTIVATED. · SHOULD BE ABLE TO WORK INDEPENDENTLY WORK - END TO END IN PURSUING PLACEMENTS/REVENUE TARGETS. · EXPERT LEVEL TECHNICAL RECRUITMENT SKILLS. · SHARP, ARTICULATE AND ENERGETIC WITH A CAN-DO ATTITUDE. SOHAIL HUSSAIN,SENIOR TALENT ACQUISITION SPECIALIST,KASTECH SOFTWARE SOLUTIONS PVT. LTD.CONTACT NUMBER: +1 8322258022SOHAILH@KASTECHSSG.COM","[""account management"", ""client relationship management"", ""revenue target accountability"", ""business development"", ""it services project management"", ""target oriented"", ""self-motivated"", ""multi-tasking"", ""independent work"", ""can-do attitude"", ""articulate"", ""it staffing"", ""technical recruitment"", ""sourcing"", ""placing"", ""contractor staffing"", ""aggressive"", ""energetic""]","[""account management"", ""client relationship management"", ""revenue target accountability"", ""business development"", ""it services project management"", ""target oriented"", ""self-motivated"", ""multi-tasking"", ""independent work"", ""can-do attitude"", ""articulate"", ""it staffing"", ""technical recruitment"", ""sourcing"", ""placing"", ""contractor staffing"", ""aggressive"", ""energetic""]","HELLO FOLKS,HOPE YOU ARE WELL AND DOING GREAT,
THIS IS SOHAIL FROM KASTECH SOFTWARE SOLUTIONS WE DO HAVE AN URGENT OPENING FOR BUSINESS DEVELOPMENT MANAGER @ AUSTIN, TX. PLEASE GO THROUGH WITH THE JOB DESCRIPTION AND SHARE ME YOUR UPDATED RESUME IF YOUR EXPERIENCE & SKILLS MATCH WITH CLIENT REQUIREMENT.
JOB TITLE: BDM (BUSINESS DEVELOPMENT MANAGER)LOCATION: AUSTIN (TX) - ONSITE EXPERIENCE: 5- 8 YEARS SALARY STRUCTURE: BASE SALARY + INCENTIVES EMPLOYMENT TYPE: FTE/DIRECT HIRE   
AS A BDM, YOU WILL HANDLE ALL ASPECTS:  · DEVELOP NEW CLIENT ACCOUNTS (DIRECT / TIER 1 PARTNERS) FOR IT STAFFING BUSINESS IN USA. INTERACT WITH CLIENTS ON DAILY BASIS AND IDENTIFY STAFFING OPPORTUNITIES TO FULFILL. · GET INVOLVED IN COMPLETE RECRUITMENT CYCLE - FROM SOURCING TO PLACING. · BE ACCOUNTABLE FOR REVENUE TARGETS. · CLIENT RELATIONSHIP MANAGEMENT. · BUILDING ACCOUNTS WITH CONTRACTOR STAFFING NEEDS AND ONGOING SUPPORT. · PARTNERING AND IDENTIFYING OPPORTUNITIES FOR IT SERVICES PROJECT. · LEVERAGE YOUR EXISTING RELATIONSHIPS AND NETWORK TO OPEN NEW BUSINESS.  REQUIRED EXPERIENCE: · MINIMUM OF 5-8 YEARS OF EXPERIENCE IN IT STAFFING BUSINESS DEVELOPMENTS/ACCOUNT MANAGEMENT IN THE US  MARKET. · MUST HAVE PRIOR RELATIONSHIPS WITH TIER-1 PARTNERS / END CLIENTS WITH A CONSISTENT TRACK RECORD OF PLACEMENTS WITH  THEM. · AGGRESSIVE AND TARGET ORIENTED WITH ABILITY TO WORK IN HIGH PRESSURE ENVIRONMENT, MULTI-TASKING AND SELF-  MOTIVATED. · SHOULD BE ABLE TO WORK INDEPENDENTLY WORK - END TO END IN PURSUING PLACEMENTS/REVENUE TARGETS. · EXPERT LEVEL TECHNICAL RECRUITMENT SKILLS. · SHARP, ARTICULATE AND ENERGETIC WITH A CAN-DO ATTITUDE.

SOHAIL HUSSAIN,SENIOR TALENT ACQUISITION SPECIALIST,KASTECH SOFTWARE SOLUTIONS PVT. LTD.CONTACT NUMBER: +1 8322258022SOHAILH@KASTECHSSG.COM",8.0,"[0.007077623158693314, -0.022816024720668793, -0.04006694629788399, -0.025552038103342056, 0.017408959567546844, 0.002971980720758438, -0.03903193771839142, 0.0004614296485669911, -0.07247118651866913, -0.07095865160226822, -0.0316469743847847, -0.04948744922876358, 0.014521755278110504, 0.0875844657421112, 0.024263639003038406, 0.01749621517956257, -0.03280225023627281, 0.04805994778871536, -0.006728163454681635, 0.0066973124630749226, 0.0032309647649526596, 0.019558683037757874, -0.0704822912812233, -0.00712584936991334, -0.07064051181077957, 0.040609218180179596, 0.0331803523004055, 0.056507159024477005, 0.035481009632349014, 0.025526966899633408, 0.05206361413002014, -0.01875447854399681, 0.005724047310650349, -0.06046546250581741, 2.2441242890636204e-06, -0.03433697298169136, -0.028493011370301247, -0.0065336814150214195, -0.013803519308567047, -0.021733224391937256, 0.010670515708625317, -0.019811078906059265, 0.007632531225681305, 0.012936506420373917, -0.011904307641088963, -0.01372175570577383, -0.012425326742231846, 0.03528319671750069, -0.007774489466100931, 0.005847369320690632, 0.0035156691446900368, -0.06253384053707123, -0.026992369443178177, -0.015716198831796646, -0.006683941464871168, -0.01731851138174534, 0.0210095401853323, -0.020149273797869682, 0.05264341086149216, 0.03591569513082504, -0.017872635275125504, -0.03586225211620331, -0.045510634779930115, 0.00884863268584013, 0.04953211545944214, 0.04368772730231285, 0.10835354775190353, 0.009605731815099716, 0.050512585788965225, -0.055523231625556946, 0.06702693551778793, -0.0008424596744589508, 0.0008979641133919358, 0.021568333730101585, -0.011394304223358631, -0.04281722754240036, -0.027647020295262337, 0.010282172821462154, -0.016518758609890938, 0.015749802812933922, -0.03599381819367409, 0.03599866107106209, 0.006949770264327526, -0.06650666147470474, 0.057205475866794586, 0.03435155376791954, -0.05453145503997803, -0.04747236892580986, -0.03724479302763939, 0.0015463854651898146, 0.02747758850455284, 0.04069143533706665, -0.010677830316126347, 0.0029804951045662165, -0.01750369183719158, 0.013085506856441498, 0.015532697550952435, -0.017290377989411354, 0.037661295384168625, 0.013110128231346607, -0.007954255677759647, -0.021083157509565353, -0.003403799142688513, 0.006039785221219063, -0.0098530612885952, 0.023877309635281563, 0.038567814975976944, -0.016591303050518036, -0.03646843880414963, 0.026123886927962303, 0.0018119243904948235, -0.005921140778809786, -0.0398649200797081, -0.0379868745803833, 0.03382066637277603, 0.04167391359806061, -0.006766416132450104, -0.0028337808325886726, 0.03371496498584747, 0.023687373846769333, 0.07044214755296707, -0.008770921267569065, -0.02011501044034958, 0.06150783225893974, -0.058530863374471664, -0.06265134364366531, -0.0010539701906964183, -0.0025694502983242273, -0.016096273437142372, 0.006508816499263048, 0.014970086514949799, 0.002063343534246087, 0.001579051255248487, -0.05129037797451019, -0.021480301395058632, 0.009499633684754372, 0.0020608382765203714, 0.0391935370862484, -0.053700488060712814, 0.03986452519893646, -0.037891291081905365, 0.009770184755325317, -0.0010457329917699099, 0.011523900553584099, -0.027442283928394318, -0.0332757793366909, -0.07926996052265167, 0.041205644607543945, 0.0474097914993763, 0.0038427533581852913, 0.028146343305706978, -0.005731056444346905, -0.01731809601187706, 0.03249435871839523, 0.08115918189287186, -0.010445431806147099, 0.03859342634677887, 0.026602797210216522, -0.03270997479557991, 0.034979451447725296, 0.027053609490394592, -0.013604352250695229, 0.01110739167779684, 0.057537972927093506, -0.07436379790306091, 0.05654553696513176, 0.07074768841266632, 0.05946239456534386, 0.017357539385557175, -0.003821029094979167, 0.012967579066753387, -0.08588310331106186, -0.05393751710653305, 0.04375063627958298, 0.013546359725296497, -0.01180157158523798, 0.057394035160541534, -0.04295236989855766, 0.05735449865460396, 0.03756853938102722, -0.03546953201293945, -0.10628649592399597, 0.03336711972951889, 0.025275997817516327, 0.04398202523589134, 0.039564408361911774, -0.0024245476815849543, 0.03632860630750656, -0.021293895319104195, 0.03851666674017906, 0.037999916821718216, 0.013839667662978172, -0.07250992208719254, 0.01728898473083973, -0.007134454324841499, 0.03665919974446297, -0.07855211198329926, 0.08640734106302261, -0.01857828162610531, 0.0025368575006723404, -0.03055446781218052, -0.010784000158309937, -0.0747542753815651, -0.029693717136979103, 0.06858750432729721, -0.06555827707052231, -0.048331428319215775, -0.030547818168997765, -0.007732623256742954, 0.07021307945251465, 0.046090539544820786, 0.034765250980854034, -0.038948386907577515, 0.02101227082312107, -0.03742062672972679, -0.02346881479024887, 0.01688857190310955, 0.01100818533450365, 0.03023453801870346, -0.02491530030965805, -0.017531169578433037, 0.018557073548436165, -0.012360900640487671, 0.010394414886832237, 0.07094071805477142, -0.07141657918691635, 0.027561955153942108, -0.01954830437898636, -0.006220217328518629, -0.015471462160348892, -0.0311894491314888, -0.01657440885901451, 0.044808123260736465, -0.027601366862654686, -0.012966487556695938, 0.0016346011543646455, 0.022316565737128258, 0.01568407192826271, -0.004937880672514439, 0.06955115497112274, -0.026095053181052208, -0.03787843883037567, -0.016007089987397194, -0.012483318336308002, 0.059816304594278336, -0.010794439353048801, -0.03532698005437851, 0.008717748336493969, 0.04309128597378731, -0.020002108067274094, -0.01683085225522518, 0.019495025277137756, 0.054141294211149216, 0.03439703583717346, -0.003233377356082201, -0.05291286110877991, -0.06497488915920258, 0.023294270038604736, -0.08500871807336807, 0.011013655923306942, -0.03072192147374153, -0.08512955904006958, 0.011797871440649033, -0.031496863812208176, 0.048130810260772705, 0.0004354898992460221, 0.0318521186709404, -0.03003767877817154, 0.019271327182650566, 0.0248484518378973, 0.0013385432539507747, 0.06299376487731934, 0.042014773935079575, -0.010055046528577805, -0.021597960963845253, -0.024852516129612923, -0.01794075220823288, 0.07196903973817825, -0.042603131383657455, 0.047508105635643005, 0.008332034572958946, -0.07032658904790878, -0.0020368960686028004, 0.04059301316738129, -0.01707286387681961, -0.040176477283239365, -0.01889047399163246, -0.026421936228871346, -0.028589030727744102, 0.0034645134583115578, -0.021859150379896164, -0.0015405102167278528, 0.009450439363718033, -0.06268176436424255, -0.014409350231289864, 0.032900769263505936, 0.00035213594674132764, -0.03641728684306145, -0.03163709118962288, 0.00756458193063736, -0.018574364483356476, 0.024496866390109062, 0.03780334070324898, -0.021152416244149208, 0.031663406640291214, 0.07691226154565811, -0.017788780853152275, -0.0071235839277505875, -0.009263246320188046, -0.022405026480555534, 0.014381215907633305, -0.0014894787454977632, 0.050006963312625885, -0.011063973419368267, 0.032711416482925415, 0.016055047512054443, -0.008770184591412544, -0.023366248235106468, -0.015133772976696491, 0.04033400118350983, -0.05422902852296829, 0.03323565796017647, -0.043787118047475815, -0.057261958718299866, 0.003897231537848711, -0.017725113779306412, -0.06654498726129532, -0.03949250280857086, -0.011971832253038883, -0.03255423903465271, 0.001845758524723351, -0.08667580038309097, -0.05821189284324646, -0.03898746147751808, 0.00291080167517066, -0.047126397490501404, 0.011151982471346855, -0.06622685492038727, -0.017993230372667313, -0.01035706140100956, -0.03590535372495651, 0.04171592369675636, -0.05909772962331772, 0.05427565425634384, 0.029698403552174568, 0.013551619835197926, 0.084583580493927, 0.03853316977620125, -0.06505411118268967, 0.025050213560461998, -0.006891218945384026, 0.031564000993967056, -0.009347477927803993, 0.0020159513223916292, -0.04547536373138428, -0.030483242124319077, 0.011221052147448063, 0.05322610214352608, -0.016078611835837364, 0.0072327046655118465, -0.07061447948217392, -0.001071629929356277, -0.09957364201545715, 0.012635821476578712, 0.011290560476481915, -0.0021588606759905815, -0.0022466834634542465, -0.06414638459682465, 0.022920088842511177, -0.06039511412382126, -0.023786749690771103, -0.0013507388066500425, -0.030040619894862175, -0.04677499830722809, 0.0036018737591803074, 0.012894714251160622, -0.015880854800343513, -0.004175885580480099, -0.09351431578397751, 0.01633443869650364, 0.0655544102191925, -0.03938712552189827, 0.03895411267876625, -0.02372971922159195, 0.01738305576145649, -0.007267994340509176, 0.02152492292225361, -0.023305488750338554, -0.002474751090630889, 0.009568819776177406, 0.016352400183677673, 0.06628183275461197, 0.008197104558348656, -0.001770882634446025, -0.0016199570382013917, 0.029551496729254723, -0.058718543499708176, 0.01734602265059948, 0.025638140738010406, -0.007009327411651611, 0.023445550352334976, 0.02439664676785469, -0.04690933972597122, 0.04703907668590546, -0.008310334756970406, -0.09184763580560684, 0.05351638048887253, 0.02453530766069889, 0.017685530707240105, 0.07977701723575592, 0.008474319241940975, 0.0033411437179893255, -0.004668977577239275, 0.050896067172288895, -0.04377046599984169, -0.027473967522382736, -0.0059713018126785755, 0.03711102530360222, 0.010243788361549377, -0.054940663278102875, 0.05998064577579498, 0.03117440640926361, 0.05766426771879196, -0.0023151005152612925, 0.04517342895269394, -0.03865007311105728, 0.04081854969263077, -0.0005066633457317948, 0.014092380180954933, -0.027706550434231758, -0.09167177230119705, 0.04172133654356003, 0.030122170224785805, 0.017399191856384277, 0.010199365206062794, 0.001050736871547997, 0.03055494651198387, -0.02308175526559353, 0.014058305881917477, -0.042495325207710266, 0.021557599306106567, 0.023180460557341576, 0.060253553092479706, 0.03842636197805405, -0.002414632821455598, -0.03280304744839668, -0.04831061139702797, 0.03188934549689293, -0.08836483210325241, 0.021067384630441666, 0.08555009216070175, -0.025755014270544052, 0.015361485071480274, -0.04796427860856056, -0.06511804461479187, -0.04177956283092499, -0.051496852189302444, -0.004468630533665419, 0.03154521808028221, -0.015587225556373596, 0.014597573317587376, 0.008906922303140163, -0.016124656423926353, 0.01130598783493042, -0.016784656792879105, 0.012091525830328465, 0.002044431632384658, 0.019296225160360336, 0.022048428654670715, -0.05818817391991615, 0.04774436727166176, -0.009178182110190392, -0.02501913346350193, -0.05296284705400467, 0.038660600781440735, -0.005680916365236044, -0.03918643668293953, 0.005442968104034662, 0.010413999669253826, 0.010671793483197689, 0.024824000895023346, -0.04259937256574631, 0.05119597539305687, -0.037639155983924866, -0.0013004005886614323, -0.0026339655742049217, -0.023647336289286613, 0.0015692213783040643, -0.031031399965286255, -0.03392446041107178, 0.06074697524309158, -0.03242828696966171, 0.03492160886526108, -0.04069432616233826, 0.02061699703335762, -0.005272728856652975, 0.0469370074570179, 0.028022386133670807, 0.0023166255559772253, 0.02499483712017536, -0.07654182612895966, 0.00866181030869484, 0.008126388303935528, -0.03616897389292717, 0.022119533270597458, -0.024164965376257896, -0.03690078854560852, 0.0015710890293121338, -0.07716869562864304, 0.011618219316005707, -0.031888384371995926, -0.005677069537341595, 0.015511620789766312, -0.0031029004603624344, 0.015977881848812103, 0.018780572339892387, -0.0065889558754861355, -0.041338950395584106, 0.02194679155945778, -0.05519993603229523, 0.02830621227622032, -0.037257153540849686, -0.015300276689231396, 0.03850886970758438, -0.03177574276924133, 0.005573650356382132, 0.01202403660863638, 0.012221457436680794, 0.0056383139453828335, 0.03165648132562637, -0.006589041091501713, -0.04400714859366417, -0.06618358939886093, 0.0045081134885549545, -0.013581138104200363, 0.05035223811864853, 0.016455063596367836, 0.0680585503578186, 0.0031162479426711798, 0.026695556938648224, 0.0035879118368029594, 0.048073336482048035, 0.0711122378706932, -0.024582888931035995, 0.014937183819711208, -0.021650684997439384, -0.050494853407144547, 0.010111292824149132, 0.02106008678674698, -0.012741719372570515, -0.047458238899707794, -0.018923573195934296, 0.028017042204737663, 0.05587023124098778, -0.03938189521431923, -5.533522107060836e-33, -0.008341346867382526, -0.03516608104109764, 0.02302825264632702, -0.04955604299902916, 0.008897541090846062, 0.023185960948467255, 0.05988514795899391, -0.03350849077105522, 0.03175331652164459, -0.008695358410477638, -0.01510879211127758, 0.0019965930841863155, 0.009383521042764187, 0.04005991294980049, -0.009589187800884247, 0.06871539354324341, 0.00958963856101036, -0.044726189225912094, 0.022115187719464302, 0.01293247751891613, -0.05294261500239372, 0.030124898999929428, -0.0034859783481806517, 0.010059531778097153, -0.012518499046564102, -0.051414504647254944, -0.005513317417353392, 0.06442911922931671, 0.03735718876123428, 0.010138928890228271, 0.015128562226891518, -0.02872745878994465, 0.010782673954963684, -0.0006003152811899781, 0.0023986438754945993, -0.0320054292678833, -0.024832183495163918, 0.04441089928150177, -0.0012321147369220853, 0.05161161720752716, -0.005138438660651445, 0.023762015625834465, 0.03144687041640282, -0.02657935954630375, -0.0020556862000375986, -0.003960396163165569, -0.008320480585098267, -0.017960190773010254, -0.00799915473908186, 0.03450324386358261, -0.026105739176273346, -0.03506986051797867, -0.021062998101115227, 0.0062493556179106236, -0.034493204206228256, 0.01860285922884941, -0.008673902601003647, -0.021500982344150543, -0.05992113798856735, -0.030409974977374077, 0.007646894548088312, -0.015317689627408981, 0.0019249336328357458, -0.018659865483641624, 0.03469887748360634, 0.04073610529303551, 0.038048047572374344, 0.040928445756435394, 0.0425344742834568, -0.04122157767415047, -0.020430978387594223, 0.066217802464962, -0.05321168899536133, -0.02302759513258934, -0.04450317472219467, -0.014874397777020931, 0.04052296653389931, -0.0004306339251343161, 0.04141828045248985, 0.0067875138483941555, 0.0027834028005599976, 0.032231125980615616, 0.029045812785625458, -0.013282045722007751, 0.07448650896549225, 0.00642848014831543, 0.014024116098880768, 0.007654922548681498, 0.032010097056627274, 0.0016185877611860633, -0.01893480122089386, 0.04486221447587013, -0.039257097989320755, -0.020010827109217644, 0.07081974297761917, -0.012246401980519295, 0.015445871278643608, -0.010982897132635117, -0.008361980319023132, -0.0322180911898613, 0.0035483152605593204, 0.035093359649181366, 0.005815096665173769, 0.022652000188827515, -0.0077573745511472225, 0.05752987042069435, -0.01473188865929842, -0.03937738016247749, -0.020955877378582954, 0.015278328210115433, 0.037428151816129684, 0.019180769100785255, 0.003243576968088746, 0.05018728971481323, -0.02074308507144451, -0.04591439664363861, 0.026327883824706078, -0.0471227765083313, 0.03062819503247738, -0.03873755410313606, 0.05185786634683609, -0.025165818631649017, -0.02589350752532482, 0.04591412842273712, -0.017997518181800842, 0.0032429168932139874, 0.018074285238981247, -0.046686384826898575, -0.0213011521846056, -0.042948365211486816, 0.015721101313829422, -0.022069018334150314, 2.9274917778820964e-07, 0.04046320915222168, -0.006147189065814018, -0.05834078788757324, 0.03872587904334068, 0.05250471457839012, -0.018701640889048576, -0.04099048674106598, -0.015412171371281147, 0.009529189206659794, 0.025227146223187447, 0.02133607678115368, -0.013163949362933636, -0.015438773669302464, -0.03986045718193054, -0.007401289884001017, -0.06586825102567673, -0.028367523103952408, 0.004920053295791149, -0.0479327030479908, -0.021508125588297844, 0.030382756143808365, 0.014113898389041424, 0.016358526423573494, -0.013704224489629269, 0.043820664286613464, -0.06027736887335777, -0.03520195931196213, 0.011792010627686977, 0.027392396703362465, 0.08785387128591537, 0.015385612845420837, -0.0031982441432774067, -3.702948379213922e-05, 0.018071196973323822, 0.00012299780792091042, 0.017289170995354652, 0.04784131795167923, 0.06104538217186928, 0.015701498836278915, 0.04795383661985397, 0.056729044765233994, 0.0002222072216682136, 0.007754998281598091, 0.025555109605193138, -0.012280764989554882, -0.006920031737536192, 0.02147245779633522, 0.02610563300549984, -0.07850426435470581, -0.007273263763636351, -0.022753963246941566, 0.046273283660411835, -0.04185084253549576, -0.02433803863823414, 0.030436301603913307, -0.05608256906270981, -0.06261834502220154, 0.0013689129846170545, 0.06489595025777817, 0.10898324847221375, -0.018174583092331886, 0.00800656620413065, 0.024785051122307777, 0.05231805518269539, 0.07151710987091064, -0.004544055089354515, -0.03064136765897274, 2.7152574113976127e-34, 0.03224629536271095, -0.0057569281198084354, 0.03453097492456436, -0.01957690343260765, 0.04861801862716675, -0.05213780328631401, -0.04810110852122307, 0.011238610371947289, 0.0009517860598862171, -0.03110986389219761, -0.01099670585244894]",hello folks hope you are well and doing great this is sohail from kastech software solutions we do have an urgent opening for business development manager austin tx. please go through with the job description and share me your updated resume if your experience skills match with client requirement. job title bdm business development manager location austin tx onsite experience 5 8 years salary structure base salary + incentives employment type fte direct hire as a bdm you will handle all aspects develop new client accounts direct tier 1 partners for it staffing business in usa. interact with clients on daily basis and identify staffing opportunities to fulfill. get involved in complete recruitment cycle from sourcing to placing. be accountable for revenue targets. client relationship management. building accounts with contractor staffing needs and ongoing support. partnering and identifying opportunities for it services project. leverage your existing relationships and network to open new business. required experience minimum of 5 8 years of experience in it staffing business developments account management in the us market. must have prior relationships with tier 1 partners end clients with a consistent track record of placements with them. aggressive and target oriented with ability to work in high pressure environment multi tasking and self motivated. should be able to work independently work end to end in pursuing placements revenue targets. expert level technical recruitment skills. sharp articulate and energetic with a can do attitude. sohail hussain senior talent acquisition specialist kastech software solutions pvt. ltd.contact number +1 8322258022sohailh kastechssg.com,"['hello', 'folk', 'hope', 'well', 'great', 'sohail', 'kastech', 'software', 'solution', 'urgent', 'opening', 'business', 'development', 'manager', 'austin', 'tx', 'please', 'go', 'job', 'description', 'share', 'updated', 'resume', 'experience', 'skill', 'match', 'client', 'requirement', 'job', 'title', 'bdm', 'business', 'development', 'manager', 'location', 'austin', 'tx', 'onsite', 'experience', 'year', 'salary', 'structure', 'base', 'salary', 'incentive', 'employment', 'type', 'fte', 'direct', 'hire', 'bdm', 'handle', 'aspect', 'develop', 'new', 'client', 'account', 'direct', 'tier', 'partner', 'staffing', 'business', 'usa', 'interact', 'client', 'daily', 'basis', 'identify', 'staffing', 'opportunity', 'fulfill', 'get', 'involved', 'complete', 'recruitment', 'cycle', 'sourcing', 'placing', 'accountable', 'revenue', 'target', 'client', 'relationship', 'management', 'building', 'account', 'contractor', 'staffing', 'need', 'ongoing', 'support', 'partnering', 'identifying', 'opportunity', 'service', 'project', 'leverage', 'existing', 'relationship', 'network', 'open', 'new', 'business', 'required', 'experience', 'minimum', 'year', 'experience', 'staffing', 'business', 'development', 'account', 'management', 'u', 'market', 'must', 'prior', 'relationship', 'tier', 'partner', 'end', 'client', 'consistent', 'track', 'record', 'placement', 'aggressive', 'target', 'oriented', 'ability', 'work', 'high', 'pressure', 'environment', 'multi', 'tasking', 'self', 'motivated', 'able', 'work', 'independently', 'work', 'end', 'end', 'pursuing', 'placement', 'revenue', 'target', 'expert', 'level', 'technical', 'recruitment', 'skill', 'sharp', 'articulate', 'energetic', 'attitude', 'sohail', 'hussain', 'senior', 'talent', 'acquisition', 'specialist', 'kastech', 'software', 'solution', 'pvt', 'ltd', 'contact', 'number', 'sohailh', 'kastechssg', 'com']",hello folk hope well great sohail kastech software solution urgent opening business development manager austin tx please go job description share updated resume experience skill match client requirement job title bdm business development manager location austin tx onsite experience year salary structure base salary incentive employment type fte direct hire bdm handle aspect develop new client account direct tier partner staffing business usa interact client daily basis identify staffing opportunity fulfill get involved complete recruitment cycle sourcing placing accountable revenue target client relationship management building account contractor staffing need ongoing support partnering identifying opportunity service project leverage existing relationship network open new business required experience minimum year experience staffing business development account management u market must prior relationship tier partner end client consistent track record placement aggressive target oriented ability work high pressure environment multi tasking self motivated able work independently work end end pursuing placement revenue target expert level technical recruitment skill sharp articulate energetic attitude sohail hussain senior talent acquisition specialist kastech software solution pvt ltd contact number sohailh kastechssg com
3862673730,AOC Human Resources Project Manager,HR,"ADMINISTRATIVE OFFICE OF THE COURTSBUSINESS UNIT: 21800AOC HUMAN RESOURCES PROJECT MANAGER #00039282-21800, FULL-TIME, PERM, IN SANTA FE, NM# OF POSITIONS: 1OPENING DATE: 04-10-2024 -CLOSE DATE: --TARGET PAY RANGE/RATE: $33.774 - $38.000 HOURLY OR $70,250 - $79,040 ANNUALLY
THE ADMINISTRATIVE OFFICE OF THE COURTS (AOC) IS RECRUITING FOR A FULL-TIME, CLASSIFIED, AOC HUMAN RESOURCES PROJECT MANAGER POSITION #00039282-21800 IN SANTA FE, NEW MEXICO. GENERAL STATEMENT OF DUTIES: ACTING UNDER ADMINISTRATIVE DIRECTION, RESEARCH, PLAN, COORDINATE, DIRECT, AND IMPLEMENT STATEWIDE HUMAN RESOURCES PROJECTS FOR THE ADMINISTRATIVE OFFICE OF THE COURTS HUMAN RESOURCES DIVISION (AOC HRD) AND THE NEW MEXICO JUDICIAL BRANCH. FINALIST(S) MAY BE SUBJECT TO CRIMINAL BACKGROUND CHECK(S).
EXAMPLES OF JOB DUTIES● THE AOC HUMAN RESOURCE PROJECT MANAGER IS RESPONSIBLE FOR PLANNING, ORGANIZING, INTEGRATING AND COORDINATING STATEWIDE PROJECTS RELATED TO HUMAN RESOURCES.● PARTICIPATES IN SHORT/LONG-TERM PLANNING FOR HUMAN RESOURCES PROJECTS AND INITIATIVES.● ASSISTS WITH IMPLEMENTING AND DEVELOPING THE JUDICIARY’S STATEWIDE HUMAN RESOURCES PROCESSES AND SYSTEMS INCLUDING CLASSIFICATION AND COMPENSATION, STATEWIDE PERSONNEL COMMITTEES, AND EMPLOYEE RELATIONS.● ASSISTS THE DEVELOPMENT AND IMPLEMENTATION OF GOALS, OBJECTIVES, POLICIES, AND PRIORITIES FOR ASSIGNED ACTIVITIES AND PROJECTS; RECOMMENDS, DEVELOPS, IMPLEMENTS AND ADMINISTERS POLICIES, PROCEDURES, TRAINING GUIDES, AND STANDARD OPERATING PROCEDURES.● ASSISTS IN THE DEVELOPMENT OF COMPLEX STATISTICAL REPORTS IN RELATION TO ESTABLISHED GOALS; ASSISTS IN IMPLEMENTING PROJECTS AND PROGRAMS TO INCREASE THE EFFECTIVENESS OF HUMAN RESOURCES ACTIVITIES STATEWIDE AND IS RESPONSIBLE FOR ASSIGNED SPECIAL PROJECTS AND ACTIVITIES.● PROVIDES, ORGANIZES, AND IMPLEMENTS TRAINING FOR STAFF AND HUMAN RESOURCE PERSONNEL; IDENTIFIES AND PROMOTES TRAINING FOR JUDICIAL BRANCH SUPERVISORS, MANAGERS AND STAFF.● ASSISTS IN THE DEVELOPMENT OF TRAINING PROGRAMS, INCLUDING MATERIALS, CURRICULUM, AND TRAINING PLANS; IMPLEMENTS, COORDINATES, AND PRESENTS EDUCATIONAL PROGRAMS AND TRAINING.● INTERPRETS AND PROVIDES GUIDANCE ON THE APPLICATION OF POLICIES, PROCEDURES, RULES, AND LAWS IN A FAIR, EQUITABLE, AND CONSISTENT MANNER.● DEVELOPS AND PREPARES STATISTICAL AND MANAGEMENT REPORTS AND ASSISTS IN THE EVALUATION OF DATA IN RELATION TO ESTABLISHED GOALS.● SERVES AS A LIAISON AND PROVIDES SUPPORT TO HUMAN RESOURCE MANAGERS, COURT STAFF, STATE AGENCIES, AND THE PUBLIC.● RECOMMENDS NEW APPROACHES, POLICIES, AND PROCEDURES TO EFFECT CONTINUAL IMPROVEMENTS IN THE EFFICIENCY OF THE HUMAN RESOURCES DIVISION AND THE SERVICES PROVIDED.● ASSISTS IN STATEWIDE JOB CLASSIFICATION STUDIES, ANALYZES JOB DUTIES AND ORGANIZATIONAL STRUCTURE, AND MAY PREPARE JOB RECLASSIFICATION DOCUMENTATION INCLUDING RECOMMENDATIONS FOR APPROVAL OR DISAPPROVAL.● ASSISTS IN THE DEVELOPMENT OF THE JUDICIAL BRANCH CLASSIFICATION AND COMPENSATION PLAN.● PROVIDES GUIDANCE AND INFORMATION REGARDING PROGRESSIVE DISCIPLINE TO MANAGEMENT, DRAFTS DISCIPLINARY ACTIONS AND ASSISTS MANAGERS AND SUPERVISORS IN ANALYZING THE PROBLEM AND IDENTIFYING THE BEST COURSE OF DISCIPLINARY ACTION.● INVESTIGATES EMPLOYEE COMPLAINTS, PREPARES AND REVIEWS REPORTS OF FINDINGS AND RECOMMENDS APPROPRIATE RESPONSE AND/OR CORRECTIVE ACTION.● INVESTIGATES, PREPARES, AND RESPONDS TO STATEWIDE UNEMPLOYMENT CLAIMS.● OTHER DUTIES AS ASSIGNED.
COMPETENCIES/QUALIFICATIONSTHE SUCCESSFUL APPLICANT SHOULD DEMONSTRATE KNOWLEDGE OF PROJECT MANAGEMENT, HUMAN RESOURCES ADMINISTRATION PRACTICES, PERFORMANCE MANAGEMENT, RECRUITMENT, INTERVIEWING AND SELECTION TECHNIQUES, RECORDS MANAGEMENT, EMPLOYMENT LAW, CLASSIFICATION AND COMPENSATION, EMPLOYEE RELATIONS, MEDIATION AND CONFLICT RESOLUTION, INVESTIGATIVE AND INTERVIEWING PROCEDURES AND TECHNIQUES, STATISTICAL DATA COLLECTION, AUDIT AND RECONCILIATION PROCEDURES, BUDGET PROCESSES INCLUDING POSITION ALLOCATION AND ORGANIZATIONAL STRUCTURES, LOSS CONTROL, AND TRAINING TECHNIQUES.
WORK ENVIRONMENT AND PHYSICAL DEMANDSTHE FOLLOWING FUNCTIONS ARE REPRESENTATIVE, BUT NOT ALL-INCLUSIVE OF THE WORK ENVIRONMENT AND PHYSICAL DEMANDS AN EMPLOYEE MAY EXPECT TO ENCOUNTER IN PERFORMING TASKS ASSIGNED TO THIS JOB. WORK IS PERFORMED IN AN OFFICE OR COURT SETTING. A VALID DRIVER'S LICENSE AND TRAVEL MAY BE REQUIRED. THE ASSIGNED WORK SCHEDULE MAY INCLUDE NIGHTS, WEEKENDS, HOLIDAYS, AND OVERTIME. THE EMPLOYEE MUST REGULARLY INTERACT POSITIVELY WITH CO-WORKERS, CLIENTS, THE PUBLIC, JUDGES, AND JUSTICES.* THIS JOB DESCRIPTION IS ILLUSTRATIVE ONLY AND IS NOT A COMPREHENSIVE LISTING OF ALL FUNCTIONS PERFORMED
BENEFITS● MEDICAL/DENTAL/VISION/RX, SHORT, AND LONG TERM DISABILITY INSURANCE PROGRAMS, EMPLOYEE ASSISTANCE PROGRAM (EAP) [HTTP://WWW.MYBENEFITSNM.COM/]● STATE PAID LIFE INSURANCE, SUPPLEMENTAL AND DEPENDENT LIFE INSURANCE● OPTIONAL FLEXIBLE SPENDING ACCOUNTS FOR MEDICAL, DAY-CARE, AND TRAVEL EXPENSES● PAID TIME OFF, UP TO EIGHT (8) WEEKS● PAID TIME OFF AND RETIREMENT BUYBACK● ELEVEN (11) PAID HOLIDAYS● UP TO 12 WEEKS OF PAID PARENTAL LEAVE● DEFERRED COMPENSATION 457(B) PLAN● LIFETIME DEFINED BENEFITS RETIREMENT PLAN [HTTP://WWW.NMPERA.ORG/]● FLEXIBLE WORK SCHEDULES AND ALTERNATIVE WORK LOCATIONS*● FREE HEALTH CARE, RX, AND LAB WORK AT THE FACILITY (STAY WELL HEALTH CENTER) IN SANTA FE, NM● BILINGUAL COMPENSATION*● TRAINING AND CAREER DEVELOPMENT OPPORTUNITIES● HIGHER EDUCATION OPPORTUNITIES, EDUCATIONAL LEAVE, AND TUITION REIMBURSEMENT● MAY QUALIFY FOR THE PUBLIC SERVICE LOAN FORGIVENESS PROGRAM (PSLF)● MAY RECEIVE OVERTIME HOLIDAY OR SHIFT DIFFERENTIAL PAY*● MAY RECEIVE PHYSICAL FITNESS LEAVE**THESE BENEFITS VARY BY JOB CLASSIFICATION OR NEED*
QUALIFICATIONSEDUCATION: BACHELOR'S DEGREE FROM AN ACCREDITED COLLEGE OR UNIVERSITY IN HUMAN RESOURCES, PSYCHOLOGY, BUSINESS ADMINISTRATION, JUDICIAL ADMINISTRATION, PUBLIC ADMINISTRATION, ENGLISH, JOURNALISM, PUBLIC RELATIONS, OR RELATED FIELD.EDUCATION SUBSTITUTION: FOUR (4) YEARS OF DIRECTLY RELATED OR RELEVANT EXPERIENCE MAY SUBSTITUTE ON A YEAR FOR YEAR BASIS.EXPERIENCE: FIVE (5) YEARS OF EXPERIENCE IN HUMAN RESOURCES, EMPLOYMENT LAW, CLASSIFICATION AND COMPENSATION, DISCIPLINE, TRAINING, INVESTIGATIONS, OR PROJECT MANAGEMENT.EXPERIENCE SUBSTITUTION: CURRENT PROFESSIONAL IN HUMAN RESOURCES (PHR) OR SENIOR PROFESSIONAL IN HUMAN RESOURCES (SPHR) CERTIFICATION MAY SUBSTITUTE FOR ONE (1) YEAR OF WORK EXPERIENCE. RELEVANT GRADUATE LEVEL EDUCATION MAY SUBSTITUTE AT A RATE OF THIRTY (30) SEMESTER HOURS’ EQUALS ONE (1) YEAR OF EXPERIENCE.TO APPLY: SUBMIT A NEW MEXICO JUDICIAL BRANCH APPLICATION FOR EMPLOYMENT, OR A RESUME AND A RESUME SUPPLEMENTAL FORM, AND PROOF OF EDUCATION TO:

ADMINISTRATIVE OFFICE OF THE COURTSATTN: AOC HUMAN RESOURCES DIVISION202 E. MARCY STREETSANTA FE, NEW MEXICO 87501FAX: 505-479-2641EMAIL: JOBS@NMCOURTS.GOV
PROOF OF EDUCATION IS REQUIRED.
APPLICATIONS CAN BE EMAILED, FAXED, OR MAILED.
EQUAL OPPORTUNITY EMPLOYER","Job title: AOC Human Resources Project Manager Category: HR Skills: project management, human resources administration, performance management, recruitment, interviewing techniques, records management, employment law, classification and compensation, employee relations, mediation, conflict resolution, audit procedures, training techniques, investigative procedures, adaptability, attention to detail, statistical data collection, budget processes Description: ADMINISTRATIVE OFFICE OF THE COURTSBUSINESS UNIT: 21800AOC HUMAN RESOURCES PROJECT MANAGER #00039282-21800, FULL-TIME, PERM, IN SANTA FE, NM# OF POSITIONS: 1OPENING DATE: 04-10-2024 -CLOSE DATE: --TARGET PAY RANGE/RATE: $33.774 - $38.000 HOURLY OR $70,250 - $79,040 ANNUALLY THE ADMINISTRATIVE OFFICE OF THE COURTS (AOC) IS RECRUITING FOR A FULL-TIME, CLASSIFIED, AOC HUMAN RESOURCES PROJECT MANAGER POSITION #00039282-21800 IN SANTA FE, NEW MEXICO. GENERAL STATEMENT OF DUTIES: ACTING UNDER ADMINISTRATIVE DIRECTION, RESEARCH, PLAN, COORDINATE, DIRECT, AND IMPLEMENT STATEWIDE HUMAN RESOURCES PROJECTS FOR THE ADMINISTRATIVE OFFICE OF THE COURTS HUMAN RESOURCES DIVISION (AOC HRD) AND THE NEW MEXICO JUDICIAL BRANCH. FINALIST(S) MAY BE SUBJECT TO CRIMINAL BACKGROUND CHECK(S). EXAMPLES OF JOB DUTIES● THE AOC HUMAN RESOURCE PROJECT MANAGER IS RESPONSIBLE FOR PLANNING, ORGANIZING, INTEGRATING AND COORDINATING STATEWIDE PROJECTS RELATED TO HUMAN RESOURCES.● PARTICIPATES IN SHORT/LONG-TERM PLANNING FOR HUMAN RESOURCES PROJECTS AND INITIATIVES.● ASSISTS WITH IMPLEMENTING AND DEVELOPING THE JUDICIARY’S STATEWIDE HUMAN RESOURCES PROCESSES AND SYSTEMS INCLUDING CLASSIFICATION AND COMPENSATION, STATEWIDE PERSONNEL COMMITTEES, AND EMPLOYEE RELATIONS.● ASSISTS THE DEVELOPMENT AND IMPLEMENTATION OF GOALS, OBJECTIVES, POLICIES, AND PRIORITIES FOR ASSIGNED ACTIVITIES AND PROJECTS; RECOMMENDS, DEVELOPS, IMPLEMENTS AND ADMINISTERS POLICIES, PROCEDURES, TRAINING GUIDES, AND STANDARD OPERATING PROCEDURES.● ASSISTS IN THE DEVELOPMENT OF COMPLEX STATISTICAL REPORTS IN RELATION TO ESTABLISHED GOALS; ASSISTS IN IMPLEMENTING PROJECTS AND PROGRAMS TO INCREASE THE EFFECTIVENESS OF HUMAN RESOURCES ACTIVITIES STATEWIDE AND IS RESPONSIBLE FOR ASSIGNED SPECIAL PROJECTS AND ACTIVITIES.● PROVIDES, ORGANIZES, AND IMPLEMENTS TRAINING FOR STAFF AND HUMAN RESOURCE PERSONNEL; IDENTIFIES AND PROMOTES TRAINING FOR JUDICIAL BRANCH SUPERVISORS, MANAGERS AND STAFF.● ASSISTS IN THE DEVELOPMENT OF TRAINING PROGRAMS, INCLUDING MATERIALS, CURRICULUM, AND TRAINING PLANS; IMPLEMENTS, COORDINATES, AND PRESENTS EDUCATIONAL PROGRAMS AND TRAINING.● INTERPRETS AND PROVIDES GUIDANCE ON THE APPLICATION OF POLICIES, PROCEDURES, RULES, AND LAWS IN A FAIR, EQUITABLE, AND CONSISTENT MANNER.● DEVELOPS AND PREPARES STATISTICAL AND MANAGEMENT REPORTS AND ASSISTS IN THE EVALUATION OF DATA IN RELATION TO ESTABLISHED GOALS.● SERVES AS A LIAISON AND PROVIDES SUPPORT TO HUMAN RESOURCE MANAGERS, COURT STAFF, STATE AGENCIES, AND THE PUBLIC.● RECOMMENDS NEW APPROACHES, POLICIES, AND PROCEDURES TO EFFECT CONTINUAL IMPROVEMENTS IN THE EFFICIENCY OF THE HUMAN RESOURCES DIVISION AND THE SERVICES PROVIDED.● ASSISTS IN STATEWIDE JOB CLASSIFICATION STUDIES, ANALYZES JOB DUTIES AND ORGANIZATIONAL STRUCTURE, AND MAY PREPARE JOB RECLASSIFICATION DOCUMENTATION INCLUDING RECOMMENDATIONS FOR APPROVAL OR DISAPPROVAL.● ASSISTS IN THE DEVELOPMENT OF THE JUDICIAL BRANCH CLASSIFICATION AND COMPENSATION PLAN.● PROVIDES GUIDANCE AND INFORMATION REGARDING PROGRESSIVE DISCIPLINE TO ","[""project management"", ""human resources administration"", ""performance management"", ""recruitment"", ""interviewing techniques"", ""records management"", ""employment law"", ""classification and compensation"", ""employee relations"", ""mediation"", ""conflict resolution"", ""audit procedures"", ""training techniques"", ""investigative procedures"", ""adaptability"", ""attention to detail"", ""statistical data collection"", ""budget processes""]","[""project management"", ""human resources administration"", ""performance management"", ""recruitment"", ""interviewing techniques"", ""records management"", ""employment law"", ""classification and compensation"", ""employee relations"", ""mediation"", ""conflict resolution"", ""audit procedures"", ""training techniques"", ""investigative procedures"", ""adaptability"", ""attention to detail"", ""statistical data collection"", ""budget processes""]","ADMINISTRATIVE OFFICE OF THE COURTSBUSINESS UNIT: 21800AOC HUMAN RESOURCES PROJECT MANAGER #00039282-21800, FULL-TIME, PERM, IN SANTA FE, NM# OF POSITIONS: 1OPENING DATE: 04-10-2024 -CLOSE DATE: --TARGET PAY RANGE/RATE: $33.774 - $38.000 HOURLY OR $70,250 - $79,040 ANNUALLY
THE ADMINISTRATIVE OFFICE OF THE COURTS (AOC) IS RECRUITING FOR A FULL-TIME, CLASSIFIED, AOC HUMAN RESOURCES PROJECT MANAGER POSITION #00039282-21800 IN SANTA FE, NEW MEXICO. GENERAL STATEMENT OF DUTIES: ACTING UNDER ADMINISTRATIVE DIRECTION, RESEARCH, PLAN, COORDINATE, DIRECT, AND IMPLEMENT STATEWIDE HUMAN RESOURCES PROJECTS FOR THE ADMINISTRATIVE OFFICE OF THE COURTS HUMAN RESOURCES DIVISION (AOC HRD) AND THE NEW MEXICO JUDICIAL BRANCH. FINALIST(S) MAY BE SUBJECT TO CRIMINAL BACKGROUND CHECK(S).
EXAMPLES OF JOB DUTIES● THE AOC HUMAN RESOURCE PROJECT MANAGER IS RESPONSIBLE FOR PLANNING, ORGANIZING, INTEGRATING AND COORDINATING STATEWIDE PROJECTS RELATED TO HUMAN RESOURCES.● PARTICIPATES IN SHORT/LONG-TERM PLANNING FOR HUMAN RESOURCES PROJECTS AND INITIATIVES.● ASSISTS WITH IMPLEMENTING AND DEVELOPING THE JUDICIARY’S STATEWIDE HUMAN RESOURCES PROCESSES AND SYSTEMS INCLUDING CLASSIFICATION AND COMPENSATION, STATEWIDE PERSONNEL COMMITTEES, AND EMPLOYEE RELATIONS.● ASSISTS THE DEVELOPMENT AND IMPLEMENTATION OF GOALS, OBJECTIVES, POLICIES, AND PRIORITIES FOR ASSIGNED ACTIVITIES AND PROJECTS; RECOMMENDS, DEVELOPS, IMPLEMENTS AND ADMINISTERS POLICIES, PROCEDURES, TRAINING GUIDES, AND STANDARD OPERATING PROCEDURES.● ASSISTS IN THE DEVELOPMENT OF COMPLEX STATISTICAL REPORTS IN RELATION TO ESTABLISHED GOALS; ASSISTS IN IMPLEMENTING PROJECTS AND PROGRAMS TO INCREASE THE EFFECTIVENESS OF HUMAN RESOURCES ACTIVITIES STATEWIDE AND IS RESPONSIBLE FOR ASSIGNED SPECIAL PROJECTS AND ACTIVITIES.● PROVIDES, ORGANIZES, AND IMPLEMENTS TRAINING FOR STAFF AND HUMAN RESOURCE PERSONNEL; IDENTIFIES AND PROMOTES TRAINING FOR JUDICIAL BRANCH SUPERVISORS, MANAGERS AND STAFF.● ASSISTS IN THE DEVELOPMENT OF TRAINING PROGRAMS, INCLUDING MATERIALS, CURRICULUM, AND TRAINING PLANS; IMPLEMENTS, COORDINATES, AND PRESENTS EDUCATIONAL PROGRAMS AND TRAINING.● INTERPRETS AND PROVIDES GUIDANCE ON THE APPLICATION OF POLICIES, PROCEDURES, RULES, AND LAWS IN A FAIR, EQUITABLE, AND CONSISTENT MANNER.● DEVELOPS AND PREPARES STATISTICAL AND MANAGEMENT REPORTS AND ASSISTS IN THE EVALUATION OF DATA IN RELATION TO ESTABLISHED GOALS.● SERVES AS A LIAISON AND PROVIDES SUPPORT TO HUMAN RESOURCE MANAGERS, COURT STAFF, STATE AGENCIES, AND THE PUBLIC.● RECOMMENDS NEW APPROACHES, POLICIES, AND PROCEDURES TO EFFECT CONTINUAL IMPROVEMENTS IN THE EFFICIENCY OF THE HUMAN RESOURCES DIVISION AND THE SERVICES PROVIDED.● ASSISTS IN STATEWIDE JOB CLASSIFICATION STUDIES, ANALYZES JOB DUTIES AND ORGANIZATIONAL STRUCTURE, AND MAY PREPARE JOB RECLASSIFICATION DOCUMENTATION INCLUDING RECOMMENDATIONS FOR APPROVAL OR DISAPPROVAL.● ASSISTS IN THE DEVELOPMENT OF THE JUDICIAL BRANCH CLASSIFICATION AND COMPENSATION PLAN.● PROVIDES GUIDANCE AND INFORMATION REGARDING PROGRESSIVE DISCIPLINE TO MANAGEMENT, DRAFTS DISCIPLINARY ACTIONS AND ASSISTS MANAGERS AND SUPERVISORS IN ANALYZING THE PROBLEM AND IDENTIFYING THE BEST COURSE OF DISCIPLINARY ACTION.● INVESTIGATES EMPLOYEE COMPLAINTS, PREPARES AND REVIEWS REPORTS OF FINDINGS AND RECOMMENDS APPROPRIATE RESPONSE AND/OR CORRECTIVE ACTION.● INVESTIGATES, PREPARES, AND RESPONDS TO STATEWIDE UNEMPLOYMENT CLAIMS.● OTHER DUTIES AS ASSIGNED.
COMPETENCIES/QUALIFICATIONSTHE SUCCESSFUL APPLICANT SHOULD DEMONSTRATE KNOWLEDGE OF PROJECT MANAGEMENT, HUMAN RESOURCES ADMINISTRATION PRACTICES, PERFORMANCE MANAGEMENT, RECRUITMENT, INTERVIEWING AND SELECTION TECHNIQUES, RECORDS MANAGEMENT, EMPLOYMENT LAW, CLASSIFICATION AND COMPENSATION, EMPLOYEE RELATIONS, MEDIATION AND CONFLICT RESOLUTION, INVESTIGATIVE AND INTERVIEWING PROCEDURES AND TECHNIQUES, STATISTICAL DATA COLLECTION, AUDIT AND RECONCILIATION PROCEDURES, BUDGET PROCESSES INCLUDING POSITION ALLOCATION AND ORGANIZATIONAL STRUCTURES, LOSS CONTROL, AND TRAINING TECHNIQUES.
WORK ENVIRONMENT AND PHYSICAL DEMANDSTHE FOLLOWING FUNCTIONS ARE REPRESENTATIVE, BUT NOT ALL-INCLUSIVE OF THE WORK ENVIRONMENT AND PHYSICAL DEMANDS AN EMPLOYEE MAY EXPECT TO ENCOUNTER IN PERFORMING TASKS ASSIGNED TO THIS JOB. WORK IS PERFORMED IN AN OFFICE OR COURT SETTING. A VALID DRIVER'S LICENSE AND TRAVEL MAY BE REQUIRED. THE ASSIGNED WORK SCHEDULE MAY INCLUDE NIGHTS, WEEKENDS, HOLIDAYS, AND OVERTIME. THE EMPLOYEE MUST REGULARLY INTERACT POSITIVELY WITH CO-WORKERS, CLIENTS, THE PUBLIC, JUDGES, AND JUSTICES.* THIS JOB DESCRIPTION IS ILLUSTRATIVE ONLY AND IS NOT A COMPREHENSIVE LISTING OF ALL FUNCTIONS PERFORMED
BENEFITS● MEDICAL/DENTAL/VISION/RX, SHORT, AND LONG TERM DISABILITY INSURANCE PROGRAMS, EMPLOYEE ASSISTANCE PROGRAM (EAP) [HTTP://WWW.MYBENEFITSNM.COM/]● STATE PAID LIFE INSURANCE, SUPPLEMENTAL AND DEPENDENT LIFE INSURANCE● OPTIONAL FLEXIBLE SPENDING ACCOUNTS FOR MEDICAL, DAY-CARE, AND TRAVEL EXPENSES● PAID TIME OFF, UP TO EIGHT (8) WEEKS● PAID TIME OFF AND RETIREMENT BUYBACK● ELEVEN (11) PAID HOLIDAYS● UP TO 12 WEEKS OF PAID PARENTAL LEAVE● DEFERRED COMPENSATION 457(B) PLAN● LIFETIME DEFINED BENEFITS RETIREMENT PLAN [HTTP://WWW.NMPERA.ORG/]● FLEXIBLE WORK SCHEDULES AND ALTERNATIVE WORK LOCATIONS*● FREE HEALTH CARE, RX, AND LAB WORK AT THE FACILITY (STAY WELL HEALTH CENTER) IN SANTA FE, NM● BILINGUAL COMPENSATION*● TRAINING AND CAREER DEVELOPMENT OPPORTUNITIES● HIGHER EDUCATION OPPORTUNITIES, EDUCATIONAL LEAVE, AND TUITION REIMBURSEMENT● MAY QUALIFY FOR THE PUBLIC SERVICE LOAN FORGIVENESS PROGRAM (PSLF)● MAY RECEIVE OVERTIME HOLIDAY OR SHIFT DIFFERENTIAL PAY*● MAY RECEIVE PHYSICAL FITNESS LEAVE**THESE BENEFITS VARY BY JOB CLASSIFICATION OR NEED*
QUALIFICATIONSEDUCATION: BACHELOR'S DEGREE FROM AN ACCREDITED COLLEGE OR UNIVERSITY IN HUMAN RESOURCES, PSYCHOLOGY, BUSINESS ADMINISTRATION, JUDICIAL ADMINISTRATION, PUBLIC ADMINISTRATION, ENGLISH, JOURNALISM, PUBLIC RELATIONS, OR RELATED FIELD.EDUCATION SUBSTITUTION: FOUR (4) YEARS OF DIRECTLY RELATED OR RELEVANT EXPERIENCE MAY SUBSTITUTE ON A YEAR FOR YEAR BASIS.EXPERIENCE: FIVE (5) YEARS OF EXPERIENCE IN HUMAN RESOURCES, EMPLOYMENT LAW, CLASSIFICATION AND COMPENSATION, DISCIPLINE, TRAINING, INVESTIGATIONS, OR PROJECT MANAGEMENT.EXPERIENCE SUBSTITUTION: CURRENT PROFESSIONAL IN HUMAN RESOURCES (PHR) OR SENIOR PROFESSIONAL IN HUMAN RESOURCES (SPHR) CERTIFICATION MAY SUBSTITUTE FOR ONE (1) YEAR OF WORK EXPERIENCE. RELEVANT GRADUATE LEVEL EDUCATION MAY SUBSTITUTE AT A RATE OF THIRTY (30) SEMESTER HOURS’ EQUALS ONE (1) YEAR OF EXPERIENCE.TO APPLY: SUBMIT A NEW MEXICO JUDICIAL BRANCH APPLICATION FOR EMPLOYMENT, OR A RESUME AND A RESUME SUPPLEMENTAL FORM, AND PROOF OF EDUCATION TO:

ADMINISTRATIVE OFFICE OF THE COURTSATTN: AOC HUMAN RESOURCES DIVISION202 E. MARCY STREETSANTA FE, NEW MEXICO 87501FAX: 505-479-2641EMAIL: JOBS@NMCOURTS.GOV
PROOF OF EDUCATION IS REQUIRED.
APPLICATIONS CAN BE EMAILED, FAXED, OR MAILED.
EQUAL OPPORTUNITY EMPLOYER",40.0,"[0.018434137105941772, 0.08029589802026749, -0.0064699589274823666, -0.03290276974439621, 0.010664694011211395, 0.050483644008636475, -0.018784528598189354, 0.02264762856066227, -0.040876906365156174, -0.017015710473060608, -0.006156542804092169, -0.011407969519495964, -0.005154402460902929, -0.057129740715026855, -0.02123105339705944, 0.02398870512843132, -0.05970006436109543, 0.01942926086485386, -0.026840711012482643, 0.028300980105996132, -0.0388200469315052, 0.019166529178619385, 0.006766363047063351, 0.011799911968410015, -0.049894142895936966, 0.026417070999741554, -0.0022563489619642496, 0.040827471762895584, 0.022967971861362457, 0.02824675478041172, 0.02381012588739395, 0.01019204594194889, -0.031054740771651268, -0.07743632048368454, 2.277868134115124e-06, 0.011405832134187222, 0.01531202718615532, -0.00648876465857029, 0.0019369653891772032, -0.03496852144598961, -0.014480570331215858, -0.08462566137313843, -0.05502104014158249, 0.037307318300008774, 0.008584611117839813, 0.014463898725807667, -0.0010809001978486776, -0.048289623111486435, -0.013337202370166779, -0.04572909325361252, -0.004821034613996744, -0.018038026988506317, -0.0412757471203804, -0.07026102393865585, 0.021057788282632828, -0.026789477095007896, -0.00959690473973751, 0.011065227910876274, 0.024838989600539207, -0.029935842379927635, 0.010443102568387985, -0.03312039002776146, -0.010868140496313572, -0.023166123777627945, -0.005650158040225506, -0.0010723603190854192, 0.04603920131921768, 0.031782038509845734, 0.05878286063671112, -3.097992157563567e-05, 0.07184615731239319, 0.051848214119672775, 0.002945695072412491, 0.06584338843822479, 0.05414170026779175, -0.02694861590862274, 0.009289411827921867, 0.0020520538091659546, -0.051210932433605194, -0.005911806598305702, -0.02760319784283638, 0.050807829946279526, -0.012328687123954296, -0.021025482565164566, 0.05235498398542404, 0.02789473906159401, -0.034267909824848175, -0.00585979362949729, 0.02504679374396801, 0.05841158330440521, 0.10735457390546799, -0.02173546887934208, 0.022886544466018677, 0.0416991226375103, -0.0023767203092575073, 0.011256806552410126, -0.015325570479035378, -0.11313164234161377, 0.039718758314847946, -0.039633847773075104, -0.004226766526699066, 0.04142776131629944, -0.022084511816501617, 0.07081294804811478, -0.002612146781757474, 0.0609651617705822, 0.007818383164703846, -0.04610869288444519, 0.008099141530692577, -0.02209973894059658, 0.001684250426478684, 0.009201264008879662, -0.01790277659893036, -0.03406717628240585, -0.022534852847456932, 0.07943861186504364, -0.01624261774122715, 0.007287101820111275, -0.0030875636730343103, 0.01610671356320381, 0.04138794541358948, -0.006907987874001265, 0.009868904016911983, 0.05074368789792061, -0.06353618949651718, -0.028608711436390877, -0.0024741599336266518, -0.007609788328409195, -0.0207500159740448, -0.006844526622444391, -0.010084683075547218, 0.01029149815440178, -0.02700885757803917, 0.024778766557574272, -0.02100631408393383, 0.08298364281654358, 0.006922870874404907, 0.018137294799089432, -0.04501759260892868, -0.02452004700899124, -0.015995049849152565, -0.02439194545149803, -0.013830706477165222, -0.027190711349248886, 0.002502899384126067, -0.014148344285786152, -0.040733788162469864, -0.014268152415752411, 0.059230905026197433, 0.004928992595523596, -0.009206864051520824, -0.026464026421308517, 0.015577660873532295, -0.005395012907683849, 0.05577899515628815, 0.021091090515255928, 0.015809960663318634, 0.02387358993291855, -0.02486894093453884, 0.0874251127243042, 0.02681332640349865, -0.028568802401423454, -0.02251598797738552, 0.04160664603114128, -0.04637208208441734, 0.0312952995300293, 0.04716543108224869, 0.023452870547771454, 0.012205594219267368, 0.05566174164414406, 0.02514355257153511, 0.0018836308736354113, -0.04111345484852791, 0.046110138297080994, -0.008438962511718273, 0.040128257125616074, 0.022220972925424576, -0.009494482539594173, 0.043424226343631744, 0.012642639689147472, -0.005045932251960039, -0.15673713386058807, -0.03702125698328018, 0.03152431547641754, 0.019779397174715996, 0.000103917031083256, -0.015276576392352581, -0.0038048115093261003, -0.04403926059603691, -0.01863963156938553, 0.029587361961603165, 0.001990704098716378, -0.1431742161512375, -0.022719621658325195, 0.04048812389373779, 0.0329168327152729, -0.06708736717700958, -0.02237723581492901, -0.008158637210726738, 0.012767164967954159, 0.023151075467467308, 0.003886027028784156, -0.05786621943116188, 0.051186274737119675, -0.010349133051931858, -0.009857002645730972, 0.046364448964595795, -0.03674441576004028, -0.016125278547406197, 0.033162541687488556, 0.020564476028084755, 0.04054803028702736, -0.01164925005286932, 0.02378605492413044, -0.02609150856733322, 0.025652237236499786, 0.04184872284531593, 0.02987172268331051, -0.0034639015793800354, 0.014683475717902184, 0.002809190424159169, 0.022647174075245857, -0.05582176148891449, 0.03012336790561676, 0.025955965742468834, -0.07982457429170609, 0.04171179607510567, -0.01586129143834114, 0.013513349927961826, 0.0077134715393185616, 0.00455992529168725, -0.013057188130915165, -0.03975467383861542, 0.009036175906658173, 0.04205705225467682, -0.018531670793890953, 0.02095668390393257, 0.017981134355068207, 0.00476658483967185, 0.04195793718099594, -0.014738456346094608, -0.053895629942417145, 0.002090901369228959, 0.0439620167016983, 0.043463338166475296, -0.011755460873246193, -0.0011511873453855515, -0.030056260526180267, 0.026250332593917847, 0.014757027849555016, -0.0077791777439415455, 0.01668604277074337, 0.012942733243107796, 0.04770452156662941, -0.01919359341263771, 0.024974089115858078, -0.07808507978916168, 0.020601116120815277, -0.08616293221712112, -0.005198245868086815, -0.07632811367511749, -0.032765161246061325, -0.030470389872789383, -0.0525912344455719, 0.02298501692712307, 0.012110142968595028, -0.05910390242934227, 0.06294672191143036, -0.0015678341733291745, -0.009380036033689976, -0.03823619335889816, 0.03046475164592266, 0.019766928628087044, -0.0070725358091294765, -0.0460258312523365, 0.01470374595373869, -0.07071810215711594, 0.0631968080997467, -0.03869010880589485, -0.005736025981605053, 0.022073665633797646, 0.007851592265069485, -0.029758868739008904, 0.0028796799015253782, 0.007519402541220188, 0.015762168914079666, 0.022694459185004234, -0.05460985004901886, -0.08227066695690155, 0.05506640672683716, -0.006785172037780285, -0.011288181878626347, 0.008847464807331562, -0.04561297968029976, -0.04671408608555794, 0.05357864871621132, -0.009364046156406403, -0.016953105106949806, -0.030335351824760437, 0.06754851341247559, 0.027064790949225426, 0.03208569437265396, 0.06596412509679794, -0.045997630804777145, 0.052934713661670685, 0.07392441481351852, 0.00229956628754735, 0.06660980731248856, -0.011425265111029148, -0.0022032875567674637, 0.024759307503700256, 0.025204641744494438, 0.06702729314565659, -0.012143229134380817, -0.00479772686958313, -0.016134129837155342, -0.06109606474637985, -0.008854353800415993, 0.01721673458814621, 0.01168257836252451, -0.01789402961730957, -0.008730011060833931, -0.057818543165922165, -0.02498350851237774, 0.026568317785859108, 0.012704450637102127, -0.019214807078242302, -0.04461682215332985, -0.019946031272411346, -0.011137417517602444, 0.0017549947369843721, -0.04932034760713577, -0.01885177753865719, 0.043602362275123596, 0.01853315345942974, -0.06875348836183548, -0.021053673699498177, -0.06388207525014877, -0.026844074949622154, -0.018102219328284264, -0.04960256814956665, -0.050170883536338806, -0.0811232328414917, 0.03555959835648537, 0.0424157977104187, 0.022172171622514725, 0.009822658263146877, 0.0798950344324112, -0.054883696138858795, 0.04126213863492012, -0.01565989851951599, 0.018896743655204773, -0.03204609081149101, -0.034315112978219986, -0.05393318459391594, 0.008750604465603828, -0.02211424522101879, 0.031186703592538834, -0.0007057743496261537, -0.015583079308271408, -0.07185164093971252, -0.004257536493241787, 0.0503229983150959, -0.05386488884687424, 0.006154987029731274, 0.035662733018398285, 0.04247669130563736, -0.005326498299837112, 0.012523047626018524, -0.005169830285012722, -0.058586485683918, 0.01804284192621708, 0.03491465002298355, 0.004888269584625959, -0.00035674296668730676, -0.038396257907152176, -0.02813899703323841, 0.0013038988690823317, -0.030335180461406708, 0.013294776901602745, 0.06543298810720444, 0.013637224212288857, 0.08061963319778442, -0.002265543444082141, 0.024318097159266472, -0.025622859597206116, -0.008697439916431904, -0.031339701265096664, 0.025449424982070923, 0.02026953361928463, 0.011540482752025127, 0.026854664087295532, -0.013672174885869026, 0.03526868298649788, 0.0053628552705049515, -0.014028435572981834, -0.06486859917640686, 0.0037845538463443518, 0.019099237397313118, -0.02600410208106041, 0.002347421133890748, 0.04293644055724144, 0.021350881084799767, 0.018361113965511322, -0.03602296859025955, -0.03673667833209038, 0.07922927290201187, 0.022359738126397133, 0.01250139344483614, 0.023929553106427193, -0.006980034057050943, 0.01781097799539566, -0.00664464570581913, 0.04540121182799339, -0.02763289213180542, -0.05621335655450821, -0.02263987809419632, -0.054116055369377136, 0.05753888189792633, -0.05843484401702881, 0.061121616512537, 0.04252270981669426, 0.05547124519944191, -0.03926151245832443, 0.05706526339054108, -0.04304555058479309, 0.013243961147964, 0.0016000178875401616, -0.008103030733764172, -0.03883691132068634, -0.05547120422124863, 0.06041736900806427, 0.008749295026063919, 0.07221250236034393, -0.023192917928099632, 0.02086963690817356, -0.011511124670505524, -0.027032839134335518, 0.09764665365219116, 0.023874863982200623, -0.003133658319711685, 0.035066403448581696, 0.00479901023209095, 0.040545929223299026, -0.07746567577123642, -0.002466286299750209, -0.04870935529470444, 0.028840139508247375, -0.03362245485186577, 0.015134630724787712, 0.0750441625714302, 0.06007431447505951, -0.03642146661877632, -0.05902634188532829, 0.003241250291466713, -0.020190022885799408, -0.01755206100642681, -0.005745472852140665, 0.034214917570352554, -0.02306215837597847, 0.009760492481291294, 0.01150931790471077, -0.04619302228093147, -0.004954303614795208, -0.037138912826776505, 0.011963285505771637, -0.02606280706822872, -0.03215760737657547, 0.025232743471860886, -0.03994738683104515, 0.05106959864497185, -0.012635182589292526, -0.04242972657084465, -0.018411895260214806, 0.04581627622246742, -0.010332387872040272, -0.005618374329060316, 0.02468755654990673, -0.07243828475475311, -0.008101786486804485, -0.05375630781054497, -0.017596371471881866, 0.015644283965229988, -0.017523059621453285, 0.00041961760143749416, 0.01193957682698965, -0.009231858886778355, 0.011729112826287746, -0.023477019742131233, -0.013135549612343311, 0.03328202664852142, 0.00717238849028945, 0.004737845156341791, -0.006421507336199284, 0.05065024271607399, 0.03546435013413429, 0.0687340497970581, -0.009241585619747639, 0.013053401373326778, -0.039112307131290436, -0.06430493295192719, 0.013606879860162735, 0.027850225567817688, 0.03657525032758713, -0.04330117627978325, 0.02151634730398655, -0.0029686372727155685, 0.036384958773851395, -0.05418305844068527, 0.050434961915016174, -0.021500326693058014, 0.030250398442149162, 0.012078353203833103, 0.030403444543480873, -0.017040345817804337, 0.01617676578462124, 0.015548354014754295, -0.011072773486375809, 0.01615392602980137, -0.046726252883672714, 0.018273180350661278, -0.01188583392649889, -0.03304935246706009, 0.004074235912412405, -0.007495800033211708, 0.06696277856826782, 0.010564680211246014, -0.011200698092579842, -1.7926549844560213e-05, 0.004467461723834276, 0.029291994869709015, -0.00327095715329051, -0.07268381863832474, 0.04150538519024849, 0.02821948193013668, 0.0065728602930903435, 0.018069395795464516, 0.029057400301098824, -0.014987694099545479, -0.044016022235155106, -0.06504078954458237, 0.009591295383870602, -0.06409108638763428, 0.0006345480214804411, -0.04434554651379585, 0.016160443425178528, -0.04226109758019447, 0.007893397472798824, -0.002899804385378957, -0.035963647067546844, -0.059272412210702896, -0.047040145844221115, 0.01460539735853672, 0.040087707340717316, 0.0039704665541648865, -5.3354744514923126e-33, -0.01860945113003254, -0.0497465655207634, 0.006788203958421946, 0.02707505039870739, -0.018881341442465782, -0.004134880378842354, 0.028209051117300987, -0.013691279105842113, 0.005981793627142906, -0.04131481423974037, 0.010663672350347042, 0.0030779014341533184, -0.010513249784708023, 0.035357870161533356, 0.005062734242528677, 0.1274242103099823, 0.005174427293241024, -0.02978893555700779, 0.023112284019589424, -0.03151852265000343, -0.06300253421068192, -0.002361455699428916, -0.008174510672688484, 0.007962544448673725, 0.021737944334745407, 0.03162091597914696, 0.011062788777053356, 0.04078125208616257, 0.0302593931555748, 0.002168388105928898, 0.0040924460627138615, -0.011603808030486107, -0.009456504136323929, -0.06225128099322319, -0.02046363614499569, 0.02664344757795334, -0.04148775339126587, 0.016103899106383324, 0.012415900826454163, -0.021406296640634537, -0.03838839754462242, -0.04530118778347969, -0.005565450992435217, 0.03033439628779888, -0.003755394835025072, -0.02536485157907009, 0.015754511579871178, -0.031629420816898346, 0.012597108259797096, 0.005955835338681936, -0.013371704146265984, 0.025982718914747238, -0.012505763210356236, 0.04980667307972908, 0.0042433300986886024, -0.0020626483019441366, -0.013460054062306881, 0.032089415937662125, -0.08074951171875, -0.053193747997283936, -0.07959089428186417, -0.000403444078983739, 0.004752871114760637, 0.007768838666379452, -0.028547320514917374, 0.021923348307609558, 0.004251302685588598, 0.03455038368701935, -0.019677963107824326, 0.0015455599641427398, 0.010081270709633827, 0.036401987075805664, -0.035028789192438126, 0.021949518471956253, 0.017820674926042557, -0.020699240267276764, 0.02017337828874588, -0.020476996898651123, 0.01520953793078661, -0.0025705611333251, -0.003274213057011366, 0.008809107355773449, -0.007633254863321781, 0.03776681795716286, 0.02108100987970829, -0.03262253850698471, -0.010751982219517231, -0.02221267856657505, 0.0009219128405675292, -0.010920291766524315, 0.048406027257442474, -0.017857296392321587, -0.06202558055520058, -0.008326804265379906, 0.10544560849666595, 0.04614560306072235, -0.0014691883698105812, -0.023372337222099304, 0.00923970714211464, -0.017576001584529877, -0.08085222542285919, 0.07640799880027771, 0.027260297909379005, 0.02575099840760231, 0.02565000392496586, -0.03380298241972923, -0.025761334225535393, -0.05128805339336395, -0.006545604206621647, 0.011340483091771603, 0.022513171657919884, 0.01896894909441471, 0.019074896350502968, 0.03580692037940025, -0.035851091146469116, -0.057288408279418945, 0.015359221026301384, -0.03443315625190735, -0.005599406082183123, -0.05305999517440796, 0.027234094217419624, 0.026654696092009544, 0.038751546293497086, 0.0039836205542087555, -0.037348560988903046, -0.013317265547811985, 0.02767024375498295, 0.04355773329734802, 0.027913736179471016, -0.015132762491703033, 0.017224417999386787, -0.004912756849080324, 2.898163984355051e-07, 0.03572993353009224, -0.02560146525502205, -0.009674021042883396, 0.012258374132215977, 0.02963409014046192, -0.022200684994459152, -0.03639451041817665, -0.008305876515805721, 0.02923523262143135, 0.0006827000761404634, 0.04655822739005089, -0.007151316851377487, 0.05953669548034668, -0.010977297089993954, 0.01016224641352892, -0.1167994812130928, 0.00142855872400105, -0.07447019219398499, -0.02288389950990677, -0.02458258718252182, 0.061546579003334045, 0.05816029757261276, 0.06458667665719986, -0.053448647260665894, -0.010682816617190838, 0.02055741287767887, -0.00468542380258441, 0.03497838228940964, -0.012310393154621124, 0.028476156294345856, -0.0065698702819645405, -0.014815041795372963, -0.05438585951924324, 0.034538231790065765, -0.00884948018938303, 0.0038075826596468687, 0.012796859256923199, 0.034720223397016525, 0.008340781554579735, 0.018183700740337372, 0.0582694374024868, -0.04771118983626366, -0.009344704449176788, -0.005436141975224018, -0.00472768722102046, 0.0552789531648159, -0.00765666039660573, 0.07207699120044708, 0.01393186952918768, 0.009920504875481129, -0.03663942962884903, 0.04379438981413841, -0.018873311579227448, -0.01819819211959839, 0.050350725650787354, -0.024425409734249115, -0.05056757107377052, 0.05777036026120186, 0.03451620414853096, 0.0176213588565588, 0.010768215171992779, -0.07320818305015564, 0.02293875627219677, 0.04761538282036781, 0.07430707663297653, -0.02053055725991726, 0.003067191457375884, 2.537439095251779e-34, -0.037825681269168854, -0.04885467514395714, 0.0012273334432393312, -0.07357610017061234, 0.03239472210407257, 0.0033060272689908743, -0.05456212908029556, -0.013327772729098797, -0.03598879277706146, -0.009041296318173409, 0.01818055845797062]",administrative office of the courtsbusiness unit 21800aoc human resources project manager #00039282 21800 full time perm in santa fe nm# of positions 1opening date 04 10 2024 close date target pay range rate 33.774 38.000 hourly or 70 250 79 040 annually the administrative office of the courts aoc is recruiting for a full time classified aoc human resources project manager position #00039282 21800 in santa fe new mexico. general statement of duties acting under administrative direction research plan coordinate direct and implement statewide human resources projects for the administrative office of the courts human resources division aoc hrd and the new mexico judicial branch. finalist s may be subject to criminal background check s . examples of job duties the aoc human resource project manager is responsible for planning organizing integrating and coordinating statewide projects related to human resources. participates in short long term planning for human resources projects and initiatives. assists with implementing and developing the judiciary s statewide human resources processes and systems including classification and compensation statewide personnel committees and employee relations. assists the development and implementation of goals objectives policies and priorities for assigned activities and projects recommends develops implements and administers policies procedures training guides and standard operating procedures. assists in the development of complex statistical reports in relation to established goals assists in implementing projects and programs to increase the effectiveness of human resources activities statewide and is responsible for assigned special projects and activities. provides organizes and implements training for staff and human resource personnel identifies and promotes training for judicial branch supervisors managers and staff. assists in the development of training programs including materials curriculum and training plans implements coordinates and presents educational programs and training. interprets and provides guidance on the application of policies procedures rules and laws in a fair equitable and consistent manner. develops and prepares statistical and management reports and assists in the evaluation of data in relation to established goals. serves as a liaison and provides support to human resource managers court staff state agencies and the public. recommends new approaches policies and procedures to effect continual improvements in the efficiency of the human resources division and the services provided. assists in statewide job classification studies analyzes job duties and organizational structure and may prepare job reclassification documentation including recommendations for approval or disapproval. assists in the development of the judicial branch classification and compensation plan. provides guidance and information regarding progressive discipline to management drafts disciplinary actions and assists managers and supervisors in analyzing the problem and identifying the best course of disciplinary action. investigates employee complaints prepares and reviews reports of findings and recommends appropriate response and or corrective action. investigates prepares and responds to statewide unemployment claims. other duties as assigned. competencies qualificationsthe successful applicant should demonstrate knowledge of project management human resources administration practices performance management recruitment interviewing and selection techniques records management employment law classification and compensation employee relations mediation and conflict resolution investigative and interviewing procedures and techniques statistical data collection audit and reconciliation procedures budget processes including position allocation and organizational structures loss control and training techniques. work environment and physical demandsthe following functions are representative but not all inclusive of the work environment and physical demands an employee may expect to encounter in performing tasks assigned to this job. work is performed in an office or court setting. a valid driver s license and travel may be required. the assigned work schedule may include nights weekends holidays and overtime. the employee must regularly interact positively with co workers clients the public judges and justices. this job description is illustrative only and is not a comprehensive listing of all functions performed benefits medical dental vision rx short and long term disability insurance programs employee assistance program eap state paid life insurance supplemental and dependent life insurance optional flexible spending accounts for medical day care and travel expenses paid time off up to eight 8 weeks paid time off and retirement buyback eleven 11 paid holidays up to 12 weeks of paid parental leave deferred compensation 457 b plan lifetime defined benefits retirement plan flexible work schedules and alternative work locations free health care rx and lab work at the facility stay well health center in santa fe nm bilingual compensation training and career development opportunities higher education opportunities educational leave and tuition reimbursement may qualify for the public service loan forgiveness program pslf may receive overtime holiday or shift differential pay may receive physical fitness leave these benefits vary by job classification or need qualificationseducation bachelor s degree from an accredited college or university in human resources psychology business administration judicial administration public administration english journalism public relations or related field.education substitution four 4 years of directly related or relevant experience may substitute on a year for year basis.experience five 5 years of experience in human resources employment law classification and compensation discipline training investigations or project management.experience substitution current professional in human resources phr or senior professional in human resources sphr certification may substitute for one 1 year of work experience. relevant graduate level education may substitute at a rate of thirty 30 semester hours equals one 1 year of experience.to apply submit a new mexico judicial branch application for employment or a resume and a resume supplemental form and proof of education to administrative office of the courtsattn aoc human resources division202 e. marcy streetsanta fe new mexico 87501fax 505 479 2641email jobs nmcourts.gov proof of education is required. applications can be emailed faxed or mailed. equal opportunity employer,"['administrative', 'office', 'courtsbusiness', 'unit', 'aoc', 'human', 'resource', 'project', 'manager', 'full', 'time', 'perm', 'santa', 'fe', 'nm#', 'position', 'opening', 'date', 'close', 'date', 'target', 'pay', 'range', 'rate', 'hourly', 'annually', 'administrative', 'office', 'court', 'aoc', 'recruiting', 'full', 'time', 'classified', 'aoc', 'human', 'resource', 'project', 'manager', 'position', 'santa', 'fe', 'new', 'mexico', 'general', 'statement', 'duty', 'acting', 'administrative', 'direction', 'research', 'plan', 'coordinate', 'direct', 'implement', 'statewide', 'human', 'resource', 'project', 'administrative', 'office', 'court', 'human', 'resource', 'division', 'aoc', 'hrd', 'new', 'mexico', 'judicial', 'branch', 'finalist', 'may', 'subject', 'criminal', 'background', 'check', 'example', 'job', 'duty', 'aoc', 'human', 'resource', 'project', 'manager', 'responsible', 'planning', 'organizing', 'integrating', 'coordinating', 'statewide', 'project', 'related', 'human', 'resource', 'participates', 'short', 'long', 'term', 'planning', 'human', 'resource', 'project', 'initiative', 'assist', 'implementing', 'developing', 'judiciary', 'statewide', 'human', 'resource', 'process', 'system', 'including', 'classification', 'compensation', 'statewide', 'personnel', 'committee', 'employee', 'relation', 'assist', 'development', 'implementation', 'goal', 'objective', 'policy', 'priority', 'assigned', 'activity', 'project', 'recommends', 'develops', 'implement', 'administers', 'policy', 'procedure', 'training', 'guide', 'standard', 'operating', 'procedure', 'assist', 'development', 'complex', 'statistical', 'report', 'relation', 'established', 'goal', 'assist', 'implementing', 'project', 'program', 'increase', 'effectiveness', 'human', 'resource', 'activity', 'statewide', 'responsible', 'assigned', 'special', 'project', 'activity', 'provides', 'organizes', 'implement', 'training', 'staff', 'human', 'resource', 'personnel', 'identifies', 'promotes', 'training', 'judicial', 'branch', 'supervisor', 'manager', 'staff', 'assist', 'development', 'training', 'program', 'including', 'material', 'curriculum', 'training', 'plan', 'implement', 'coordinate', 'present', 'educational', 'program', 'training', 'interprets', 'provides', 'guidance', 'application', 'policy', 'procedure', 'rule', 'law', 'fair', 'equitable', 'consistent', 'manner', 'develops', 'prepares', 'statistical', 'management', 'report', 'assist', 'evaluation', 'data', 'relation', 'established', 'goal', 'serf', 'liaison', 'provides', 'support', 'human', 'resource', 'manager', 'court', 'staff', 'state', 'agency', 'public', 'recommends', 'new', 'approach', 'policy', 'procedure', 'effect', 'continual', 'improvement', 'efficiency', 'human', 'resource', 'division', 'service', 'provided', 'assist', 'statewide', 'job', 'classification', 'study', 'analyzes', 'job', 'duty', 'organizational', 'structure', 'may', 'prepare', 'job', 'reclassification', 'documentation', 'including', 'recommendation', 'approval', 'disapproval', 'assist', 'development', 'judicial', 'branch', 'classification', 'compensation', 'plan', 'provides', 'guidance', 'information', 'regarding', 'progressive', 'discipline', 'management', 'draft', 'disciplinary', 'action', 'assist', 'manager', 'supervisor', 'analyzing', 'problem', 'identifying', 'best', 'course', 'disciplinary', 'action', 'investigates', 'employee', 'complaint', 'prepares', 'review', 'report', 'finding', 'recommends', 'appropriate', 'response', 'corrective', 'action', 'investigates', 'prepares', 'responds', 'statewide', 'unemployment', 'claim', 'duty', 'assigned', 'competency', 'qualificationsthe', 'successful', 'applicant', 'demonstrate', 'knowledge', 'project', 'management', 'human', 'resource', 'administration', 'practice', 'performance', 'management', 'recruitment', 'interviewing', 'selection', 'technique', 'record', 'management', 'employment', 'law', 'classification', 'compensation', 'employee', 'relation', 'mediation', 'conflict', 'resolution', 'investigative', 'interviewing', 'procedure', 'technique', 'statistical', 'data', 'collection', 'audit', 'reconciliation', 'procedure', 'budget', 'process', 'including', 'position', 'allocation', 'organizational', 'structure', 'loss', 'control', 'training', 'technique', 'work', 'environment', 'physical', 'demandsthe', 'following', 'function', 'representative', 'inclusive', 'work', 'environment', 'physical', 'demand', 'employee', 'may', 'expect', 'encounter', 'performing', 'task', 'assigned', 'job', 'work', 'performed', 'office', 'court', 'setting', 'valid', 'driver', 'license', 'travel', 'may', 'required', 'assigned', 'work', 'schedule', 'may', 'include', 'night', 'weekend', 'holiday', 'overtime', 'employee', 'must', 'regularly', 'interact', 'positively', 'co', 'worker', 'client', 'public', 'judge', 'justice', 'job', 'description', 'illustrative', 'comprehensive', 'listing', 'function', 'performed', 'benefit', 'medical', 'dental', 'vision', 'rx', 'short', 'long', 'term', 'disability', 'insurance', 'program', 'employee', 'assistance', 'program', 'eap', 'state', 'paid', 'life', 'insurance', 'supplemental', 'dependent', 'life', 'insurance', 'optional', 'flexible', 'spending', 'account', 'medical', 'day', 'care', 'travel', 'expense', 'paid', 'time', 'eight', 'week', 'paid', 'time', 'retirement', 'buyback', 'eleven', 'paid', 'holiday', 'week', 'paid', 'parental', 'leave', 'deferred', 'compensation', 'b', 'plan', 'lifetime', 'defined', 'benefit', 'retirement', 'plan', 'flexible', 'work', 'schedule', 'alternative', 'work', 'location', 'free', 'health', 'care', 'rx', 'lab', 'work', 'facility', 'stay', 'well', 'health', 'center', 'santa', 'fe', 'nm', 'bilingual', 'compensation', 'training', 'career', 'development', 'opportunity', 'higher', 'education', 'opportunity', 'educational', 'leave', 'tuition', 'reimbursement', 'may', 'qualify', 'public', 'service', 'loan', 'forgiveness', 'program', 'pslf', 'may', 'receive', 'overtime', 'holiday', 'shift', 'differential', 'pay', 'may', 'receive', 'physical', 'fitness', 'leave', 'benefit', 'vary', 'job', 'classification', 'need', 'qualificationseducation', 'bachelor', 'degree', 'accredited', 'college', 'university', 'human', 'resource', 'psychology', 'business', 'administration', 'judicial', 'administration', 'public', 'administration', 'english', 'journalism', 'public', 'relation', 'related', 'field', 'education', 'substitution', 'four', 'year', 'directly', 'related', 'relevant', 'experience', 'may', 'substitute', 'year', 'year', 'basis', 'experience', 'five', 'year', 'experience', 'human', 'resource', 'employment', 'law', 'classification', 'compensation', 'discipline', 'training', 'investigation', 'project', 'management', 'experience', 'substitution', 'current', 'professional', 'human', 'resource', 'phr', 'senior', 'professional', 'human', 'resource', 'sphr', 'certification', 'may', 'substitute', 'one', 'year', 'work', 'experience', 'relevant', 'graduate', 'level', 'education', 'may', 'substitute', 'rate', 'thirty', 'semester', 'hour', 'equal', 'one', 'year', 'experience', 'apply', 'submit', 'new', 'mexico', 'judicial', 'branch', 'application', 'employment', 'resume', 'resume', 'supplemental', 'form', 'proof', 'education', 'administrative', 'office', 'courtsattn', 'aoc', 'human', 'resource', 'division202', 'e', 'marcy', 'streetsanta', 'fe', 'new', 'mexico', 'fax', 'email', 'job', 'nmcourts', 'gov', 'proof', 'education', 'required', 'application', 'emailed', 'faxed', 'mailed', 'equal', 'opportunity', 'employer']",administrative office courtsbusiness unit aoc human resource project manager full time perm santa fe nm# position opening date close date target pay range rate hourly annually administrative office court aoc recruiting full time classified aoc human resource project manager position santa fe new mexico general statement duty acting administrative direction research plan coordinate direct implement statewide human resource project administrative office court human resource division aoc hrd new mexico judicial branch finalist may subject criminal background check example job duty aoc human resource project manager responsible planning organizing integrating coordinating statewide project related human resource participates short long term planning human resource project initiative assist implementing developing judiciary statewide human resource process system including classification compensation statewide personnel committee employee relation assist development implementation goal objective policy priority assigned activity project recommends develops implement administers policy procedure training guide standard operating procedure assist development complex statistical report relation established goal assist implementing project program increase effectiveness human resource activity statewide responsible assigned special project activity provides organizes implement training staff human resource personnel identifies promotes training judicial branch supervisor manager staff assist development training program including material curriculum training plan implement coordinate present educational program training interprets provides guidance application policy procedure rule law fair equitable consistent manner develops prepares statistical management report assist evaluation data relation established goal serf liaison provides support human resource manager court staff state agency public recommends new approach policy procedure effect continual improvement efficiency human resource division service provided assist statewide job classification study analyzes job duty organizational structure may prepare job reclassification documentation including recommendation approval disapproval assist development judicial branch classification compensation plan provides guidance information regarding progressive discipline management draft disciplinary action assist manager supervisor analyzing problem identifying best course disciplinary action investigates employee complaint prepares review report finding recommends appropriate response corrective action investigates prepares responds statewide unemployment claim duty assigned competency qualificationsthe successful applicant demonstrate knowledge project management human resource administration practice performance management recruitment interviewing selection technique record management employment law classification compensation employee relation mediation conflict resolution investigative interviewing procedure technique statistical data collection audit reconciliation procedure budget process including position allocation organizational structure loss control training technique work environment physical demandsthe following function representative inclusive work environment physical demand employee may expect encounter performing task assigned job work performed office court setting valid driver license travel may required assigned work schedule may include night weekend holiday overtime employee must regularly interact positively co worker client public judge justice job description illustrative comprehensive listing function performed benefit medical dental vision rx short long term disability insurance program employee assistance program eap state paid life insurance supplemental dependent life insurance optional flexible spending account medical day care travel expense paid time eight week paid time retirement buyback eleven paid holiday week paid parental leave deferred compensation b plan lifetime defined benefit retirement plan flexible work schedule alternative work location free health care rx lab work facility stay well health center santa fe nm bilingual compensation training career development opportunity higher education opportunity educational leave tuition reimbursement may qualify public service loan forgiveness program pslf may receive overtime holiday shift differential pay may receive physical fitness leave benefit vary job classification need qualificationseducation bachelor degree accredited college university human resource psychology business administration judicial administration public administration english journalism public relation related field education substitution four year directly related relevant experience may substitute year year basis experience five year experience human resource employment law classification compensation discipline training investigation project management experience substitution current professional human resource phr senior professional human resource sphr certification may substitute one year work experience relevant graduate level education may substitute rate thirty semester hour equal one year experience apply submit new mexico judicial branch application employment resume resume supplemental form proof education administrative office courtsattn aoc human resource division202 e marcy streetsanta fe new mexico fax email job nmcourts gov proof education required application emailed faxed mailed equal opportunity employer
3884429179,Information Technology Manager,INFORMATION-TECHNOLOGY,"THE IDEAL CANDIDATE WILL HAVE 3+ YEARS EXPERIENCE WITH UPGRADING OR ADMINISTRATION OF ERP ADMINISTRATION AS WELL AS HELP DESK NEEDS FOR A MANUFACTURING OR DISTRIBUTION COMPANY. EXPERIENCE WITH MOVING ON PREM SERVERS TO MS AZURE IS REQUIRED.  RESPONSIBILITIESMANAGE TECHNOLOGIES AND PROVIDE ADMINISTRATIVE ASSISTANCE FOR VARIOUS SYSTEMSUNDERSTAND VARIOUS IT TROUBLESHOOTING AND PROVIDE TECHNICAL SUPPORTCONTROL AND MONITOR DATA, NETWORK ACCESS AND BACKUP SYSTEMSNEGOTIATE AND COMMUNICATE WITH THIRD-PARTY SOFTWARE PROVIDERS FOR NEW SOFTWARE'S AND TROUBLESHOOTING
QUALIFICATIONSBACHELOR'S DEGREE IN COMPUTER SCIENCE OR RELEVANT FIELD5+ YEARS OF EXPERIENCE IN RELATED FIELDEXPERIENCE IN INFORMATION TECHNOLOGY SPACE AND SOLVING VARIOUS SOFTWARE AND HARDWARE PROBLEMSSTRONG TECHNICAL PROBLEM SOLVING AND COMMUNICATION SKILLSABILITY TO WORK ONSITE MON-FRI FROM 8AM-5PM","Job title: Information Technology Manager Category: INFORMATION-TECHNOLOGY Skills: erp administration, technical support, data management, network access control, backup systems management, troubleshooting, software negotiation, ms azure Description: THE IDEAL CANDIDATE WILL HAVE 3+ YEARS EXPERIENCE WITH UPGRADING OR ADMINISTRATION OF ERP ADMINISTRATION AS WELL AS HELP DESK NEEDS FOR A MANUFACTURING OR DISTRIBUTION COMPANY. EXPERIENCE WITH MOVING ON PREM SERVERS TO MS AZURE IS REQUIRED. RESPONSIBILITIESMANAGE TECHNOLOGIES AND PROVIDE ADMINISTRATIVE ASSISTANCE FOR VARIOUS SYSTEMSUNDERSTAND VARIOUS IT TROUBLESHOOTING AND PROVIDE TECHNICAL SUPPORTCONTROL AND MONITOR DATA, NETWORK ACCESS AND BACKUP SYSTEMSNEGOTIATE AND COMMUNICATE WITH THIRD-PARTY SOFTWARE PROVIDERS FOR NEW SOFTWARE'S AND TROUBLESHOOTING QUALIFICATIONSBACHELOR'S DEGREE IN COMPUTER SCIENCE OR RELEVANT FIELD5+ YEARS OF EXPERIENCE IN RELATED FIELDEXPERIENCE IN INFORMATION TECHNOLOGY SPACE AND SOLVING VARIOUS SOFTWARE AND HARDWARE PROBLEMSSTRONG TECHNICAL PROBLEM SOLVING AND COMMUNICATION SKILLSABILITY TO WORK ONSITE MON-FRI FROM 8AM-5PM","[""erp administration"", ""technical support"", ""data management"", ""network access control"", ""backup systems management"", ""troubleshooting"", ""software negotiation"", ""ms azure""]","[""erp administration"", ""technical support"", ""data management"", ""network access control"", ""backup systems management"", ""troubleshooting"", ""software negotiation"", ""ms azure""]","THE IDEAL CANDIDATE WILL HAVE 3+ YEARS EXPERIENCE WITH UPGRADING OR ADMINISTRATION OF ERP ADMINISTRATION AS WELL AS HELP DESK NEEDS FOR A MANUFACTURING OR DISTRIBUTION COMPANY. EXPERIENCE WITH MOVING ON PREM SERVERS TO MS AZURE IS REQUIRED.  RESPONSIBILITIESMANAGE TECHNOLOGIES AND PROVIDE ADMINISTRATIVE ASSISTANCE FOR VARIOUS SYSTEMSUNDERSTAND VARIOUS IT TROUBLESHOOTING AND PROVIDE TECHNICAL SUPPORTCONTROL AND MONITOR DATA, NETWORK ACCESS AND BACKUP SYSTEMSNEGOTIATE AND COMMUNICATE WITH THIRD-PARTY SOFTWARE PROVIDERS FOR NEW SOFTWARE'S AND TROUBLESHOOTING
QUALIFICATIONSBACHELOR'S DEGREE IN COMPUTER SCIENCE OR RELEVANT FIELD5+ YEARS OF EXPERIENCE IN RELATED FIELDEXPERIENCE IN INFORMATION TECHNOLOGY SPACE AND SOLVING VARIOUS SOFTWARE AND HARDWARE PROBLEMSSTRONG TECHNICAL PROBLEM SOLVING AND COMMUNICATION SKILLSABILITY TO WORK ONSITE MON-FRI FROM 8AM-5PM",8.0,"[0.07608503103256226, -0.046865858137607574, -0.021485773846507072, -0.027572767809033394, 0.04089710861444473, 0.03653649985790253, -0.0481010302901268, 0.03779551759362221, -0.050053808838129044, -0.05661068484187126, 0.03541816025972366, 0.028571290895342827, -0.011430320329964161, 0.0368577241897583, 0.04169594123959541, -0.020454267039895058, -0.010377096943557262, 0.04798230901360512, -0.019637059420347214, 0.019282599911093712, 0.043409351259469986, 0.04441595822572708, -0.039491601288318634, -0.015454784035682678, -0.02457069791853428, 0.03413620963692665, 0.01904303766787052, 0.05804254487156868, 0.026547715067863464, 0.060511551797389984, 0.039871398359537125, -0.06427102535963058, 0.04075101763010025, -0.0669415146112442, 1.9053165942750638e-06, -0.0005471718613989651, -0.054011713713407516, -0.01472525019198656, -0.012601298280060291, -0.02717805840075016, 0.0028934008441865444, -0.02964296191930771, -0.014028540812432766, 0.05365463346242905, 0.003957923501729965, 0.023169927299022675, 0.01645859330892563, 0.02031826227903366, 0.002303115092217922, 0.046876367181539536, -0.014896703884005547, 0.048489902168512344, -0.02346710115671158, -0.018646253272891045, -0.007443666458129883, -0.052047260105609894, 0.025921300053596497, 0.026763439178466797, 0.07434993237257004, 0.01698758266866207, -0.00043330833432264626, -0.0547463484108448, -0.024676168337464333, 0.010454017668962479, 0.009070077911019325, 0.06948117911815643, 0.09399942308664322, -0.006616306956857443, 0.0048879641108214855, -0.05640803650021553, 0.039394136518239975, 0.0033060265704989433, -0.009453842416405678, 0.024487704038619995, -0.014610005542635918, 0.03089856542646885, 0.021335246041417122, -0.005017763935029507, -0.013899396173655987, -0.0021183022763580084, -0.038234323263168335, 0.005454592872411013, -0.020259713754057884, -0.028541380539536476, -8.947946480475366e-05, 0.04415164142847061, -0.006248236633837223, -0.019938677549362183, 0.030110005289316177, -0.0061446973122656345, 0.03578580170869827, 0.02947188727557659, 0.0026468238793313503, 0.04223638400435448, -0.05403950810432434, -0.030657896772027016, 0.019701873883605003, -0.04636246711015701, 0.025728434324264526, 0.03517698496580124, -0.003249220782890916, -0.006030261516571045, 0.06365183740854263, 0.01658984273672104, 0.014777880162000656, 0.03133270889520645, 0.0005733807338401675, 0.017037052661180496, -0.05079735442996025, -0.005417661275714636, 0.02278371900320053, -0.028189178556203842, -0.013269901275634766, -0.04703814536333084, 0.06019055098295212, 0.017117414623498917, 0.023189712315797806, -0.025650832802057266, 0.017542429268360138, 0.023010162636637688, 0.00723091559484601, -0.025624020025134087, 0.0026310491375625134, 0.037539057433605194, -0.07343840599060059, -0.05075712874531746, -0.037542205303907394, 0.02662694826722145, -0.01989755965769291, -0.04151495173573494, -0.021390756592154503, 0.018924834206700325, -0.008369806222617626, -0.024569854140281677, 0.03486253321170807, 0.012453071773052216, 0.009103057906031609, 0.04408756643533707, -0.048595160245895386, 0.012790804728865623, 0.0031851208768785, -0.014219692908227444, -0.016209987923502922, 0.035345274955034256, -0.031111067160964012, -0.0831870436668396, -0.04386294260621071, 0.02992832474410534, 0.0015625053783878684, 0.01397261954843998, 0.023677708581089973, -0.05238065496087074, -0.020946022123098373, 0.00022385864576790482, 0.06791772693395615, 0.000536576088052243, 0.05118676647543907, -0.018295513466000557, -0.02240893431007862, 0.029420023784041405, 0.010676626116037369, -0.009001272730529308, 0.028968431055545807, 0.05543160066008568, -0.055811867117881775, 0.019208112731575966, 0.027985094115138054, 0.06276373565196991, -0.03531515598297119, 0.0030529149807989597, 0.07322531938552856, -0.05405319109559059, 0.010529846884310246, 0.025179078802466393, -0.016743145883083344, -0.03421719744801521, 0.01746971160173416, -0.028578538447618484, 0.06961343437433243, 0.043710120022296906, -0.058385513722896576, -0.10773086547851562, 0.0328410342335701, 0.04677816107869148, 0.05571471527218819, -0.00014393078163266182, 0.015858929604291916, 0.0013181883841753006, -0.05920415744185448, -0.004345676861703396, 0.05157265067100525, -0.005532491486519575, -0.08278390020132065, 0.04487565532326698, 0.029235731810331345, 0.03141123428940773, -0.08845407515764236, 0.016983963549137115, -0.028359252959489822, 0.023987144231796265, -0.004537997301667929, -0.01208369992673397, -0.046587251126766205, 0.02994736097753048, 0.029635867103934288, -0.07926837354898453, -0.06856265664100647, -0.06178237870335579, -0.03085905872285366, 0.06324626505374908, 0.04208700731396675, -0.014024925418198109, -0.02244039997458458, 0.0006151313427835703, -0.03910312429070473, -0.005002264399081469, 0.024480260908603668, 0.009449314326047897, 0.01658621057868004, 0.004131605848670006, -0.011788387782871723, 0.02939181961119175, -0.02176990732550621, 0.014360730536282063, 0.035746801644563675, -0.02710733376443386, -0.024683374911546707, -0.016432395204901695, 0.010302948765456676, -0.0023359027691185474, -0.010640294291079044, 0.011957868933677673, -0.017465872690081596, -0.01613786071538925, -0.04999205097556114, -0.017562538385391235, 0.00923305843025446, 0.039470188319683075, 0.007963900454342365, 0.014861242845654488, -0.028250081464648247, 0.005286416504532099, -0.03869933634996414, -0.021208548918366432, 0.03665550425648689, -0.020449863746762276, -0.0631883442401886, 0.014097846113145351, 0.002893274649977684, 0.0027372722979635, -0.04029219597578049, 0.0044952258467674255, -0.00909701269119978, 0.06311455368995667, 0.0011576458346098661, -0.07062028348445892, -0.0893520936369896, 0.019844964146614075, -0.1117495596408844, 0.03043796308338642, -0.04927774891257286, -0.038808491080999374, 0.00036738140624947846, -0.004348654765635729, 0.03140358626842499, 0.004442114382982254, 0.04099201038479805, -0.04834896698594093, 0.019274218007922173, 0.013788077980279922, 0.01829714886844158, 0.07454588264226913, 0.009515590034425259, -0.0254046693444252, -0.054844822734594345, -0.006291127763688564, 0.026503270491957664, 0.012271775864064693, -0.042075175791978836, 0.02578941360116005, 0.048994679003953934, -0.07508764415979385, 0.0013151968596503139, 0.03628556430339813, -0.01960938237607479, -0.0037646882701665163, 0.036782585084438324, -0.06306314468383789, 0.015722649171948433, 0.03509161248803139, -0.0241837315261364, 0.02999321185052395, 0.01148251909762621, -0.018085649237036705, -0.03800730034708977, -0.0025269105099141598, 0.018048617988824844, 0.016269942745566368, -0.019485577940940857, -0.01677533984184265, -0.013562419451773167, 0.018723538145422935, 0.03396863490343094, 0.0029470697045326233, 0.012735659256577492, 0.05213391035795212, -0.004178698640316725, 0.005891336593776941, -0.01578078791499138, -0.0338420569896698, 0.005650538019835949, 0.03215488791465759, 0.006922260858118534, -0.015831833705306053, 0.010876769199967384, -0.0053756264969706535, -0.05118606984615326, 0.015169554390013218, -0.005471619311720133, 0.06825550645589828, -0.020768554881215096, 0.009146394208073616, -0.03983067348599434, -0.03984573855996132, 0.042444635182619095, -0.06837247312068939, -0.0924309641122818, -0.019817793741822243, -0.014610297046601772, -0.08169982582330704, 0.05304889380931854, -0.04174303263425827, -0.04863019287586212, -0.022352056577801704, -0.05386357009410858, -0.05174686387181282, -0.0004574179765768349, -0.10100657492876053, -0.04342178255319595, 0.0003356087254360318, -0.021083638072013855, 0.03786015510559082, 0.009087326005101204, 0.0325985923409462, 0.007702406030148268, -0.026140624657273293, -0.006006914656609297, 0.013440261594951153, -0.03258057311177254, 0.017771150916814804, 0.039646588265895844, 0.11513795703649521, 0.04029809683561325, -0.03532936051487923, -0.0017131977947428823, -0.025489769876003265, 0.008992946706712246, 0.046053338795900345, -0.05114416033029556, 0.03510601818561554, -0.017840221524238586, 0.018324188888072968, -0.03845331817865372, 0.01558070071041584, -0.018374141305685043, 0.03163541480898857, 0.012785688042640686, -0.06615413725376129, 0.026306506246328354, -0.049075424671173096, 0.030757371336221695, -0.06359522044658661, -0.00039829607703723013, -0.013656165450811386, -0.010372181423008442, -0.03742315247654915, -0.00581751111894846, 0.04767293855547905, -0.09088114649057388, 0.016701923683285713, 0.043204840272665024, -0.025140929967164993, 0.06220120191574097, -0.0071562714874744415, 0.015945523977279663, -0.030369531363248825, -0.018752673640847206, -0.002517042914405465, 0.027839144691824913, -0.010941688902676105, 0.005921675357967615, 0.025930844247341156, -0.09264776110649109, -0.01250334084033966, 0.014763169921934605, -0.004497324116528034, 0.026199037209153175, -0.001538664335384965, -0.00461372546851635, -0.011247968301177025, 0.02035316824913025, 0.01117781363427639, -0.04908722639083862, 0.047754526138305664, -0.019309772178530693, -0.03073311038315296, 0.07433022558689117, 0.019068624824285507, -0.020348256453871727, 0.078743577003479, 0.009511461481451988, 0.04696936905384064, 0.017275268211960793, 0.016469107940793037, 0.010751395486295223, -0.018422381952404976, 0.018410494551062584, 0.023414144292473793, 0.018627073615789413, -0.05400196835398674, 0.06701502203941345, 0.036906592547893524, 0.06402383744716644, 0.006778224371373653, 0.03984836861491203, -0.000478303583804518, -0.008751551620662212, 0.019715219736099243, 0.03428728133440018, -0.01221576239913702, -0.07058906555175781, -0.007376008201390505, 0.0472010038793087, 0.048258133232593536, 0.022882135584950447, -0.01771514303982258, 0.05655765160918236, 0.04960069805383682, -0.006156889721751213, 0.0045768702402710915, -0.023087572306394577, 0.04907896742224693, 0.011250236071646214, 0.03687869384884834, -0.09481138736009598, -0.03306698426604271, -0.024586498737335205, 0.013179142028093338, -0.05324334651231766, 0.007847663015127182, 0.12105324119329453, -0.01844988577067852, 0.038239698857069016, -0.04330321028828621, 0.006621210370212793, -0.04971376806497574, -0.09335912019014359, 0.049478694796562195, 0.041890986263751984, -0.040955282747745514, 0.006546227261424065, 0.013111659325659275, 0.007738052401691675, 0.011782382614910603, -0.034422922879457474, 0.04763275757431984, -0.048851411789655685, -0.03178906440734863, 0.01654656045138836, -0.0520872101187706, 0.023582428693771362, -0.04955865442752838, -0.027916552498936653, -0.07108551263809204, 0.026560408994555473, -0.013681852258741856, -0.040668778121471405, 0.05317474901676178, -0.006291650235652924, 0.07398516684770584, 0.0002500286791473627, -0.0658411905169487, 0.007834477350115776, -0.0019384024199098349, 6.947200745344162e-05, 0.0043532103300094604, 0.020375750958919525, 0.02325335144996643, -0.003049783641472459, -0.04132013022899628, 0.06175157055258751, -0.05473268777132034, 0.028788775205612183, -0.032594405114650726, 0.01830698549747467, -0.03639005869626999, 0.034291405230760574, -0.013662509620189667, -0.04453389719128609, 0.02497067302465439, -0.05345049500465393, -0.013868173584342003, -0.022998077794909477, 0.028759371489286423, -0.04252217710018158, 0.002896695164963603, -0.03719421103596687, 0.003635029075667262, -0.05334633216261864, -0.010859615169465542, -0.04651467129588127, -0.014135414734482765, -0.011327901855111122, -0.038520295172929764, 0.05179182067513466, -0.026506030932068825, 0.04558587074279785, -0.02758735604584217, 0.00947546772658825, -0.028945419937372208, 0.026043886318802834, -0.02704382687807083, -0.006785329896956682, 0.011241480708122253, 0.016586439684033394, 0.011068153195083141, 0.031136898323893547, 0.00656587490811944, 0.03645850345492363, 0.04574425145983696, 0.018475854769349098, 0.0082004489377141, -0.04760736972093582, 0.01345131453126669, -0.04143775999546051, 0.045715879648923874, -0.010172085836529732, 0.015609867870807648, -0.010186570696532726, 0.03649120777845383, 0.019933544099330902, 0.04388315975666046, 0.022660993039608, 0.022401805967092514, -0.039920609444379807, 0.026679113507270813, -0.03349277377128601, 0.028140535578131676, 0.023101313039660454, 0.0259105172008276, -0.009070510044693947, -0.027631355449557304, -0.0003279653610661626, 0.0542810782790184, -0.043090324848890305, -5.405427752967762e-33, -0.007532821502536535, -0.020888552069664, 0.024097682908177376, -0.014809638261795044, 0.04269110783934593, -0.02180018462240696, 0.017934724688529968, -0.0539618656039238, -0.02049841359257698, 0.013967005535960197, -0.0026040857192128897, 0.040195126086473465, 0.02207493968307972, -0.006519061513245106, -0.053713977336883545, 0.10798139870166779, 0.039851121604442596, 0.006882430519908667, 0.03886556625366211, 0.04307070001959801, -0.03801271319389343, 0.004669795278459787, 0.053101301193237305, 0.006105783395469189, -0.006545784417539835, -0.042781975120306015, -0.017800094559788704, 0.06747305393218994, 0.01660427451133728, 0.009455112740397453, 0.03223179280757904, -0.0227672066539526, 0.031271371990442276, -0.030106225982308388, 0.009899699129164219, 0.019224068149924278, -0.021773062646389008, -0.00011688832455547526, -0.006545271258801222, 0.041495002806186676, -0.020582742989063263, -0.041230473667383194, 0.030635671690106392, -0.023486902937293053, 0.008235927671194077, -0.0018199648475274444, 0.04174205660820007, 0.003114905674010515, 0.05586538463830948, -0.03391404077410698, -0.0009434102685190737, 0.011318772099912167, -0.09638746082782745, 0.035628702491521835, -0.032281313091516495, 0.05681953951716423, 0.009959683753550053, 0.025641409680247307, -0.044586777687072754, -0.00011741047637769952, -0.044622521847486496, 0.027026284486055374, -0.010576416738331318, 0.011012664064764977, -0.009045487269759178, 0.014037450775504112, -0.03912271186709404, 0.01530842948704958, 0.017041636630892754, 0.033793117851018906, -0.03916830196976662, 0.04679829254746437, -0.041492659598588943, -0.03928384557366371, -0.02589084394276142, -0.008605717681348324, 0.018656574189662933, 0.0073857600800693035, 0.014632957056164742, 0.0446576327085495, 0.007317229639738798, 0.010614431463181973, -0.03193991631269455, -0.0007281368016265333, 0.05340363457798958, -0.035125862807035446, -0.008091164752840996, -0.03712847828865051, 0.029563192278146744, 0.009817475453019142, -0.030756289139389992, 0.042722173035144806, -0.04491047188639641, 0.001575808390043676, 0.06486745178699493, -0.03580709546804428, 0.015444845892488956, -0.048239707946777344, -0.0008141705766320229, 0.005837453529238701, -0.033955417573451996, -0.004417797550559044, 0.004994681105017662, 0.022514551877975464, 0.02115575410425663, 0.0044179512187838554, -0.0186874121427536, 0.03423606976866722, -0.05685130134224892, 0.02436092495918274, 0.03713201731443405, 0.03798842057585716, -0.014207197353243828, 0.013448572717607021, -0.037720125168561935, -0.008940564468502998, 0.03459140658378601, -0.03807346522808075, -0.010641749016940594, -0.05229093134403229, 0.0433250293135643, -0.0044831642881035805, -0.026179365813732147, 0.009924616664648056, -0.005927190650254488, -0.03325986862182617, -0.026963334530591965, 0.00045354157919064164, -0.015821974724531174, -0.0163559727370739, 0.007512726821005344, 0.01662219688296318, 2.5160801442325464e-07, 0.03646744042634964, -0.031431894749403, -0.01821444183588028, 0.003399019595235586, 0.008399460464715958, -0.04183533415198326, -0.03697950392961502, -0.027543717995285988, -0.010092515498399734, -0.027076009660959244, 0.015975069254636765, -0.006170080509036779, -0.022282997146248817, -0.03037138655781746, 0.017160780727863312, -0.09906244277954102, -0.015315890312194824, -0.002822286682203412, -0.03369515389204025, -0.006447074934840202, 0.09598951786756516, 0.05893776938319206, 0.04371526464819908, -0.01573147438466549, 0.017713064327836037, -0.06346515566110611, -0.05789493769407272, -0.010573511011898518, 0.012855187989771366, 0.0768141970038414, 0.07317212969064713, 0.017457759007811546, 0.023757651448249817, 0.06754100322723389, 0.019362950697541237, 0.007390516344457865, 0.023332878947257996, 0.09005427360534668, -0.008094439283013344, 0.0320349857211113, 0.054432034492492676, -0.0581216886639595, 0.004544985014945269, -0.006073592230677605, -0.027588805183768272, -0.016923697665333748, -0.023191312327980995, 0.023095006123185158, -0.07926464825868607, 0.02405906841158867, -0.005011457484215498, 0.02351376600563526, -0.028324872255325317, -0.04367022588849068, 0.038554687052965164, -0.04239853844046593, -0.07462296634912491, -0.01706068217754364, 0.0432349257171154, 0.0674527958035469, -0.04018460214138031, -0.01903855800628662, 0.022490734234452248, -0.012311091646552086, 0.03475332260131836, 0.012284108437597752, -0.03609504550695419, 2.2368332769116052e-34, -0.0005119963898323476, 0.030893759801983833, -0.008347904309630394, -0.002328603295609355, 0.026569074019789696, -0.024351462721824646, 0.00012314699415583163, -0.01966351456940174, -0.010478131473064423, -0.0322258286178112, -0.017376499250531197]",the ideal candidate will have 3+ years experience with upgrading or administration of erp administration as well as help desk needs for a manufacturing or distribution company. experience with moving on prem servers to ms azure is required. responsibilitiesmanage technologies and provide administrative assistance for various systemsunderstand various it troubleshooting and provide technical supportcontrol and monitor data network access and backup systemsnegotiate and communicate with third party software providers for new software s and troubleshooting qualificationsbachelor s degree in computer science or relevant field5+ years of experience in related fieldexperience in information technology space and solving various software and hardware problemsstrong technical problem solving and communication skillsability to work onsite mon fri from 8am 5pm,"['ideal', 'candidate', 'year', 'experience', 'upgrading', 'administration', 'erp', 'administration', 'well', 'help', 'desk', 'need', 'manufacturing', 'distribution', 'company', 'experience', 'moving', 'prem', 'server', 'm', 'azure', 'required', 'responsibilitiesmanage', 'technology', 'provide', 'administrative', 'assistance', 'various', 'systemsunderstand', 'various', 'troubleshooting', 'provide', 'technical', 'supportcontrol', 'monitor', 'data', 'network', 'access', 'backup', 'systemsnegotiate', 'communicate', 'third', 'party', 'software', 'provider', 'new', 'software', 'troubleshooting', 'qualificationsbachelor', 'degree', 'computer', 'science', 'relevant', 'field5+', 'year', 'experience', 'related', 'fieldexperience', 'information', 'technology', 'space', 'solving', 'various', 'software', 'hardware', 'problemsstrong', 'technical', 'problem', 'solving', 'communication', 'skillsability', 'work', 'onsite', 'mon', 'fri', 'pm']",ideal candidate year experience upgrading administration erp administration well help desk need manufacturing distribution company experience moving prem server m azure required responsibilitiesmanage technology provide administrative assistance various systemsunderstand various troubleshooting provide technical supportcontrol monitor data network access backup systemsnegotiate communicate third party software provider new software troubleshooting qualificationsbachelor degree computer science relevant field5+ year experience related fieldexperience information technology space solving various software hardware problemsstrong technical problem solving communication skillsability work onsite mon fri pm
3884429683,New Business Development Representative,BUSINESS-DEVELOPMENT,"POSITION: NEW BUSINESS DEVELOPMENT REPRESENTATIVE DEPARTMENT: SALES LEVEL: INDIVIDUAL CONTRIBUTOR REPORTS TO: DIRECTOR OF BUSINESS DEVELOPMENT 
POSITION SUMMARY: AS A NEW BUSINESS DEVELOPMENT REPRESENTATIVE, YOU WILL GENERATE PROFITABLE SALES BY BUILDING AND GROWING LONG-TERM CLIENT RELATIONSHIPS IN THE BUSINESS AVIATION MARKETPLACE FOR BOTH EXISTING AND NEW LINES OF BUSINESS. YOU WILL DRAW FROM YOUR EXPERIENCE TO NETWORK AND PROSPECT FOR NEW CLIENTS ACROSS THE UNITED STATES. BEING A SELF-MOTIVATED, RESULTS ORIENTED INDIVIDUAL WILL HELP YOU SUCCEED. 
ESSENTIAL FUNCTIONS: • ESTABLISH A STRONG AND THRIVING BASE OF CUSTOMERS THROUGH PROSPECTING AND NETWORKING WITH YOUR BUSINESS AVIATION CONTACTS. • DEVELOP STRATEGIES FOR WORKING WITH CUSTOMERS IN A PRIMARILY VIRTUAL MANNER, SUPPLEMENTING WITH OCCASIONAL IN PERSON NETWORKING. • ACCELERATE NEW CUSTOMER ACQUISITION AND MAINTAIN ACCURATE SALES PIPELINES AND REPORTING. • DEMONSTRATE ABILITY TO CLOSE SALES WITH EVIDENCE OF STRONG CLOSE PERCENTAGES. • WORK WITH MARKETING TO DEVELOP AND IMPLEMENT EFFECTIVE MARKETING CAMPAIGNS • HELP TO DEVELOP SALES STRATEGIES/PROCESS’ AND THE ABILITY TO TRAIN FUTURE EMPLOYEES ON PROCESS/STRATEGIES • DEVELOP LONG-TERM STRATEGIC RELATIONSHIPS WITH CUSTOMERS TO ENSURE IFCC IS THE FIRST CALL WHEN THEY NEED STAFFING ASSISTANCE. • ONCE NEW ACCOUNTS ARE SIGNED, ENSURE THEY ARE PROPERLY SET UP, LAUNCHED, AND MAINTAINED. • EXHIBIT SUPERIOR ON-GOING SERVICE OF ALL ACCOUNTS, FORECASTS, PROPOSALS, AND ACCOUNT ACTIVITIES WHILE MAINTAINING ACCURATE RECORDS IN THE COMPANY CRM. • MEET REVENUE AND SALES GOALS AS AGREED UPON AND SCHEDULED. • BE AN INTEGRAL PART OF EVOLVING THE COMPANY’S STRATEGIC GROWTH MODEL BY PROVIDING EDUCATED INPUT ON THE MARKET AND CUSTOMER FEEDBACK TO THE EXECUTIVE TEAM. • REPRESENT THE COMPANY BY ATTENDING TRADE SHOWS AND INDUSTRY EVENTS. • TRACK AND MONITOR YOUR OWN RESULTS AND BE PROUD TO SHARE THESE TRANSPARENTLY WITH MANAGEMENT.
 EDUCATION AND EXPERIENCE: • MINIMUM 3+ YEARS OF SALES EXPERIENCE IN THE STAFFING AND/OR AVIATION MARKETPLACE • A DEMONSTRATED TRACK RECORD OF SELLING TO A RANGE OF DECISION-MAKERS, FROM LARGE ENTERPRISE/FORTUNE 500 COMPANIES TO SMALL FLIGHT AND MAINTENANCE DEPARTMENTS. • STAFFING EXPERIENCE IS A STRONG PLUS. • EXPERIENCE WITH CRM AND ATS SOFTWARE 
SKILLS/ABILITIES/COMPETENCIES: • PROFICIENCY IN A MS OFFICE 365 ENVIRONMENT, INCLUDING EXCEL, WORD, POWERPOINT, AND TEAMS. • SELF-MOTIVATED, EXCEPTIONAL LISTENING SKILLS, AND THE ABILITY TO PROBLEM-SOLVE. • MUST BE COMFORTABLE IN A HANDS-ON, FAST PACED ENVIRONMENT AND HAVE A GET-IT-DONE ATTITUDE.","Job title: New Business Development Representative Category: BUSINESS-DEVELOPMENT Skills: sales, networking, prospecting, account management, marketing campaigns, staffing experience, self-motivated, relationship building, results oriented, adaptability, crm software, ms office 365, data analysis, aviation industry knowledge, listening skills, transparency Description: POSITION: NEW BUSINESS DEVELOPMENT REPRESENTATIVE DEPARTMENT: SALES LEVEL: INDIVIDUAL CONTRIBUTOR REPORTS TO: DIRECTOR OF BUSINESS DEVELOPMENT POSITION SUMMARY: AS A NEW BUSINESS DEVELOPMENT REPRESENTATIVE, YOU WILL GENERATE PROFITABLE SALES BY BUILDING AND GROWING LONG-TERM CLIENT RELATIONSHIPS IN THE BUSINESS AVIATION MARKETPLACE FOR BOTH EXISTING AND NEW LINES OF BUSINESS. YOU WILL DRAW FROM YOUR EXPERIENCE TO NETWORK AND PROSPECT FOR NEW CLIENTS ACROSS THE UNITED STATES. BEING A SELF-MOTIVATED, RESULTS ORIENTED INDIVIDUAL WILL HELP YOU SUCCEED. ESSENTIAL FUNCTIONS: • ESTABLISH A STRONG AND THRIVING BASE OF CUSTOMERS THROUGH PROSPECTING AND NETWORKING WITH YOUR BUSINESS AVIATION CONTACTS. • DEVELOP STRATEGIES FOR WORKING WITH CUSTOMERS IN A PRIMARILY VIRTUAL MANNER, SUPPLEMENTING WITH OCCASIONAL IN PERSON NETWORKING. • ACCELERATE NEW CUSTOMER ACQUISITION AND MAINTAIN ACCURATE SALES PIPELINES AND REPORTING. • DEMONSTRATE ABILITY TO CLOSE SALES WITH EVIDENCE OF STRONG CLOSE PERCENTAGES. • WORK WITH MARKETING TO DEVELOP AND IMPLEMENT EFFECTIVE MARKETING CAMPAIGNS • HELP TO DEVELOP SALES STRATEGIES/PROCESS’ AND THE ABILITY TO TRAIN FUTURE EMPLOYEES ON PROCESS/STRATEGIES • DEVELOP LONG-TERM STRATEGIC RELATIONSHIPS WITH CUSTOMERS TO ENSURE IFCC IS THE FIRST CALL WHEN THEY NEED STAFFING ASSISTANCE. • ONCE NEW ACCOUNTS ARE SIGNED, ENSURE THEY ARE PROPERLY SET UP, LAUNCHED, AND MAINTAINED. • EXHIBIT SUPERIOR ON-GOING SERVICE OF ALL ACCOUNTS, FORECASTS, PROPOSALS, AND ACCOUNT ACTIVITIES WHILE MAINTAINING ACCURATE RECORDS IN THE COMPANY CRM. • MEET REVENUE AND SALES GOALS AS AGREED UPON AND SCHEDULED. • BE AN INTEGRAL PART OF EVOLVING THE COMPANY’S STRATEGIC GROWTH MODEL BY PROVIDING EDUCATED INPUT ON THE MARKET AND CUSTOMER FEEDBACK TO THE EXECUTIVE TEAM. • REPRESENT THE COMPANY BY ATTENDING TRADE SHOWS AND INDUSTRY EVENTS. • TRACK AND MONITOR YOUR OWN RESULTS AND BE PROUD TO SHARE THESE TRANSPARENTLY WITH MANAGEMENT. EDUCATION AND EXPERIENCE: • MINIMUM 3+ YEARS OF SALES EXPERIENCE IN THE STAFFING AND/OR AVIATION MARKETPLACE • A DEMONSTRATED TRACK RECORD OF SELLING TO A RANGE OF DECISION-MAKERS, FROM LARGE ENTERPRISE/FORTUNE 500 COMPANIES TO SMALL FLIGHT AND MAINTENANCE DEPARTMENTS. • STAFFING EXPERIENCE IS A STRONG PLUS. • EXPERIENCE WITH CRM AND ATS SOFTWARE SKILLS/ABILITIES/COMPETENCIES: • PROFICIENCY IN A MS OFFICE 365 ENVIRONMENT, INCLUDING EXCEL, WORD, POWERPOINT, AND TEAMS. • SELF-MOTIVATED, EXCEPTIONAL LISTENING SKILLS, AND THE ABILITY TO PROBLEM-SOLVE. • MUST BE COMFORTABLE IN A HANDS-ON, FAST PACED ENVIRONMENT AND HAVE A GET-IT-DONE ATTITUDE.","[""sales"", ""networking"", ""prospecting"", ""account management"", ""marketing campaigns"", ""staffing experience"", ""self-motivated"", ""relationship building"", ""results oriented"", ""adaptability"", ""crm software"", ""ms office 365"", ""data analysis"", ""aviation industry knowledge"", ""listening skills"", ""transparency""]","[""sales"", ""networking"", ""prospecting"", ""account management"", ""marketing campaigns"", ""staffing experience"", ""self-motivated"", ""relationship building"", ""results oriented"", ""adaptability"", ""crm software"", ""ms office 365"", ""data analysis"", ""aviation industry knowledge"", ""listening skills"", ""transparency""]","POSITION: NEW BUSINESS DEVELOPMENT REPRESENTATIVE DEPARTMENT: SALES LEVEL: INDIVIDUAL CONTRIBUTOR REPORTS TO: DIRECTOR OF BUSINESS DEVELOPMENT 
POSITION SUMMARY: AS A NEW BUSINESS DEVELOPMENT REPRESENTATIVE, YOU WILL GENERATE PROFITABLE SALES BY BUILDING AND GROWING LONG-TERM CLIENT RELATIONSHIPS IN THE BUSINESS AVIATION MARKETPLACE FOR BOTH EXISTING AND NEW LINES OF BUSINESS. YOU WILL DRAW FROM YOUR EXPERIENCE TO NETWORK AND PROSPECT FOR NEW CLIENTS ACROSS THE UNITED STATES. BEING A SELF-MOTIVATED, RESULTS ORIENTED INDIVIDUAL WILL HELP YOU SUCCEED. 
ESSENTIAL FUNCTIONS: • ESTABLISH A STRONG AND THRIVING BASE OF CUSTOMERS THROUGH PROSPECTING AND NETWORKING WITH YOUR BUSINESS AVIATION CONTACTS. • DEVELOP STRATEGIES FOR WORKING WITH CUSTOMERS IN A PRIMARILY VIRTUAL MANNER, SUPPLEMENTING WITH OCCASIONAL IN PERSON NETWORKING. • ACCELERATE NEW CUSTOMER ACQUISITION AND MAINTAIN ACCURATE SALES PIPELINES AND REPORTING. • DEMONSTRATE ABILITY TO CLOSE SALES WITH EVIDENCE OF STRONG CLOSE PERCENTAGES. • WORK WITH MARKETING TO DEVELOP AND IMPLEMENT EFFECTIVE MARKETING CAMPAIGNS • HELP TO DEVELOP SALES STRATEGIES/PROCESS’ AND THE ABILITY TO TRAIN FUTURE EMPLOYEES ON PROCESS/STRATEGIES • DEVELOP LONG-TERM STRATEGIC RELATIONSHIPS WITH CUSTOMERS TO ENSURE IFCC IS THE FIRST CALL WHEN THEY NEED STAFFING ASSISTANCE. • ONCE NEW ACCOUNTS ARE SIGNED, ENSURE THEY ARE PROPERLY SET UP, LAUNCHED, AND MAINTAINED. • EXHIBIT SUPERIOR ON-GOING SERVICE OF ALL ACCOUNTS, FORECASTS, PROPOSALS, AND ACCOUNT ACTIVITIES WHILE MAINTAINING ACCURATE RECORDS IN THE COMPANY CRM. • MEET REVENUE AND SALES GOALS AS AGREED UPON AND SCHEDULED. • BE AN INTEGRAL PART OF EVOLVING THE COMPANY’S STRATEGIC GROWTH MODEL BY PROVIDING EDUCATED INPUT ON THE MARKET AND CUSTOMER FEEDBACK TO THE EXECUTIVE TEAM. • REPRESENT THE COMPANY BY ATTENDING TRADE SHOWS AND INDUSTRY EVENTS. • TRACK AND MONITOR YOUR OWN RESULTS AND BE PROUD TO SHARE THESE TRANSPARENTLY WITH MANAGEMENT.
 EDUCATION AND EXPERIENCE: • MINIMUM 3+ YEARS OF SALES EXPERIENCE IN THE STAFFING AND/OR AVIATION MARKETPLACE • A DEMONSTRATED TRACK RECORD OF SELLING TO A RANGE OF DECISION-MAKERS, FROM LARGE ENTERPRISE/FORTUNE 500 COMPANIES TO SMALL FLIGHT AND MAINTENANCE DEPARTMENTS. • STAFFING EXPERIENCE IS A STRONG PLUS. • EXPERIENCE WITH CRM AND ATS SOFTWARE 
SKILLS/ABILITIES/COMPETENCIES: • PROFICIENCY IN A MS OFFICE 365 ENVIRONMENT, INCLUDING EXCEL, WORD, POWERPOINT, AND TEAMS. • SELF-MOTIVATED, EXCEPTIONAL LISTENING SKILLS, AND THE ABILITY TO PROBLEM-SOLVE. • MUST BE COMFORTABLE IN A HANDS-ON, FAST PACED ENVIRONMENT AND HAVE A GET-IT-DONE ATTITUDE.",3.0,"[0.05774924159049988, 0.0015436927787959576, -0.01728874258697033, -0.025833183899521828, 0.011694461107254028, 0.02314048446714878, -0.023845626041293144, -0.01945667527616024, -0.03814472630620003, -0.07078439742326736, -0.020727762952446938, -0.08071684837341309, 0.03666633367538452, 0.06953836232423782, 0.002891400596126914, -0.01932990737259388, 0.007967018522322178, 0.006616869475692511, 0.04417571797966957, 0.0192621611058712, -0.029731689020991325, 0.01018619816750288, -0.04556570574641228, 0.0184729415923357, -0.04923791065812111, -0.028397785499691963, 0.03280063346028328, 0.04925861954689026, 0.03946822136640549, 0.013267404399812222, 0.09099003672599792, -0.003409638302400708, 0.07018925994634628, -0.054786745458841324, 2.534150326027884e-06, 0.013022529892623425, -0.021471848711371422, -0.01746552437543869, -0.08518216013908386, -0.01360508892685175, 0.04814621061086655, -0.01716764271259308, 0.0075059570372104645, 0.027252530679106712, -0.008379055187106133, -0.005831313319504261, -0.04356154426932335, 0.0190243162214756, 0.022389689460396767, 0.03203727677464485, -0.0017342758364975452, -0.05187802389264107, -0.09712455421686172, -0.02040865272283554, -0.0020354685839265585, -0.03173406422138214, -0.004115276504307985, 0.00940550584346056, -0.0053708809427917, -0.04334817826747894, -0.03323022276163101, -0.010197226889431477, -0.014801460318267345, 0.018543200567364693, 0.055015239864587784, 0.07664990425109863, 0.05148232355713844, 0.014333318918943405, 0.006386009510606527, -0.03816670924425125, 0.042711932212114334, 0.015536487102508545, -0.004969760309904814, 0.06545019149780273, 0.029152285307645798, -0.04901602491736412, -0.008376129902899265, -0.019264912232756615, 0.008278769440948963, 0.015539600513875484, -0.034600090235471725, 0.051492758095264435, -0.013332707807421684, -0.054893556982278824, 0.051473211497068405, -0.019177472218871117, -0.04089498147368431, -0.04113134369254112, -0.030353324487805367, 0.029130199924111366, 0.03278570622205734, -0.0268846545368433, -0.041333384811878204, 0.010422597639262676, -0.003550016786903143, 0.0160866416990757, 0.03611045330762863, -0.0019689365290105343, -0.010211773216724396, -0.031476035714149475, 0.00045311072608456016, -0.035530541092157364, 0.023784315213561058, -0.0010062219807878137, -0.05145570635795593, 0.012329904362559319, 0.06718727201223373, -0.0005669890670105815, -0.0479670949280262, 0.05138034373521805, 0.01443646103143692, -0.05676046758890152, -0.054887112230062485, 0.008969051763415337, -0.002368062036111951, -0.006208047736436129, 9.457751002628356e-05, -0.034188318997621536, -0.028544127941131592, 0.05295363813638687, 0.06986875832080841, 0.024291036650538445, -0.017601536586880684, 0.01226279977709055, -0.0490960031747818, -0.07673973590135574, -0.007481573615223169, 0.01853412389755249, 0.013458672910928726, 0.061504341661930084, -0.008544058538973331, 0.007236766163259745, 0.008837786503136158, 0.0011726005468517542, -0.036945637315511703, 0.014151427894830704, -0.013813539408147335, 0.03652358427643776, -0.03887156397104263, 0.01334388554096222, -0.029491785913705826, -0.04268386960029602, -0.04502680525183678, 0.02626275271177292, -0.04508308693766594, -0.02513062208890915, -0.06787248700857162, 0.03893064707517624, -0.008746586740016937, -0.0018095102859660983, 0.01117618940770626, -0.012652170844376087, -0.01966940052807331, 0.017078381031751633, 0.0629458948969841, 0.022871077060699463, 0.0992303192615509, -0.0069050476886332035, -0.026887452229857445, 0.026668036356568336, 0.013934471644461155, -0.005666485521942377, 0.037515148520469666, 0.021457772701978683, -0.02709105610847473, 0.04332409054040909, 0.042601943016052246, 0.030126294121146202, -0.039424143731594086, -0.011807111091911793, 0.01977500133216381, -0.05183969438076019, -0.07254166901111603, 0.06410697102546692, 0.037415023893117905, -0.04867105558514595, 0.03688249737024307, 0.005702757742255926, 0.060143060982227325, 0.023359769955277443, -0.011463787406682968, -0.10778477787971497, -0.017238833010196686, 0.001733604702167213, 0.012279950082302094, 0.008795522153377533, -0.018873926252126694, 0.021171223372220993, -0.028072647750377655, 0.006856983527541161, 0.028001802042126656, 0.017994852736592293, 0.00021314312471076846, 0.031846784055233, -0.043711788952350616, 0.022581741213798523, -0.055047858506441116, 0.06526684761047363, -0.03931180760264397, 0.006304435431957245, -0.02807876467704773, 0.02187359519302845, -0.02874412201344967, 0.016171375289559364, 0.025860656052827835, -0.0025267712771892548, -0.06960803270339966, -0.04959377273917198, 0.00817293580621481, 0.07082827389240265, 0.0738464817404747, 0.0072438959032297134, -0.0413593053817749, 0.07109786570072174, -0.0009165160008706152, 0.01923108845949173, 0.024180198088288307, 0.02636478841304779, -0.012823276221752167, 0.002726797480136156, -0.03110291063785553, 0.005307338200509548, -0.05960249900817871, -0.0063100517727434635, 0.05469048395752907, -0.04487473517656326, -0.004888912197202444, 0.02014089748263359, -0.016323883086442947, -0.004077667836099863, -0.01107886154204607, -0.008496222086250782, 0.025546729564666748, -0.02098258212208748, 0.016797667369246483, -0.015459747985005379, 0.05004371330142021, 0.06638839840888977, 0.027727510780096054, 0.06675581634044647, -0.03216005116701126, 0.02295946329832077, 0.01875586062669754, -0.02141326665878296, 0.08689133822917938, 0.022447597235441208, -0.008302443660795689, 0.0395890511572361, 0.000821028312202543, 0.0029190797358751297, -0.03954504057765007, 0.014864247292280197, 0.03280691057443619, 0.04296402633190155, -0.012732316739857197, -0.008438564836978912, -0.0793742686510086, 0.04115850850939751, 0.0008347743423655629, 0.018775058910250664, -0.027690494433045387, -0.057649966329336166, -0.02522934041917324, 0.015585902146995068, 0.009655390866100788, 0.00188725464977324, 0.08034471422433853, -0.026780419051647186, 0.0075853061862289906, -0.009944514371454716, -0.004359095823019743, 0.04257865995168686, -0.016149751842021942, -0.03479691222310066, -0.022559238597750664, -0.012421653605997562, 0.009417477995157242, 0.012492155656218529, -0.060844410210847855, 0.022141030058264732, 0.05332658812403679, -0.10247734189033508, -0.01945464313030243, 0.02984309010207653, 0.021800322458148003, -0.019943447783589363, 0.0400092676281929, -0.029205672442913055, -0.06341417878866196, -0.03553006052970886, -0.07029183954000473, 0.01939276233315468, -5.486988357006339e-06, -0.0639316663146019, -0.003592168213799596, 0.024108756333589554, 0.0032152303028851748, -0.07436365634202957, 0.023082584142684937, 0.012205014005303383, -0.042351678013801575, -0.05024275556206703, 0.006368252914398909, -0.004732151981443167, 0.011058999225497246, 0.06403528153896332, -0.02365264855325222, 0.0433138832449913, -0.017529653385281563, 0.0025779581628739834, 0.02190254256129265, 0.001361220609396696, 0.019310755655169487, -0.012704957276582718, 0.012570634484291077, 0.012702079489827156, -0.006959754973649979, -0.020220045000314713, -0.053774088621139526, 0.08403781801462173, -0.027178246527910233, 0.011611196212470531, -0.06985942274332047, -0.02287766896188259, 0.009529436007142067, -0.03909105807542801, -0.0309207234531641, -0.007772345561534166, -0.009859781712293625, -0.05302350968122482, -0.01062257494777441, -0.03920213133096695, -0.038850825279951096, 0.013598067685961723, 0.010091319680213928, -0.012555188499391079, -0.019397100433707237, -0.003212996758520603, -0.02662958949804306, 0.02924560196697712, -0.04747018218040466, 0.018444422632455826, -0.0426216647028923, -0.0034935756120830774, 0.027604321017861366, -0.010996663011610508, 0.04033105820417404, 0.021297013387084007, -0.04320169612765312, 0.030912263318896294, 0.05243371054530144, 0.04653710126876831, -0.010574549436569214, -0.0022320670541375875, -0.01370102446526289, -0.10010698437690735, -0.011592010036110878, 0.06651469320058823, 0.03166501969099045, -0.0057481867261230946, -0.06607870757579803, -0.05128421261906624, -0.06367605924606323, 0.027163289487361908, -0.025118472054600716, -0.02538200654089451, -0.012980857864022255, -0.0007391562685370445, 0.016174498945474625, -0.007842853665351868, -0.004127388820052147, 0.031324438750743866, -0.0056974380277097225, -0.049117375165224075, -0.003617862705141306, -0.003178901271894574, 0.001270851818844676, 0.017204120755195618, -0.04375322535634041, -0.0041956412605941296, 0.05927826836705208, -0.05545738339424133, 0.06343437731266022, -0.0398838073015213, -0.003485088935121894, -0.015782149508595467, -0.02256394922733307, -0.017493924126029015, -0.01194930449128151, 0.04778014495968819, 0.0052975378930568695, 0.03831835836172104, -0.058595940470695496, 0.05601407214999199, -0.016857009381055832, 0.0076309675350785255, 0.02129058726131916, 0.00152535957749933, -0.017913086339831352, -0.00011344564700266346, 0.034850478172302246, -0.045468769967556, -0.03568172827363014, -0.023384276777505875, -0.01632511615753174, -0.0907067283987999, 0.08412066102027893, 0.006625920534133911, 0.016337307170033455, 0.1019853726029396, -0.05193684995174408, 0.017556384205818176, 8.584701572544873e-05, 0.06337527185678482, -0.018259098753333092, -0.013280045241117477, -0.002405306790024042, 0.05583781749010086, 0.0013291771756485105, -0.05726560950279236, 0.05229585990309715, 0.039637863636016846, -0.010174582712352276, -0.001710032462142408, -0.0025245200376957655, -0.011256755329668522, 0.07308586686849594, 0.03097348101437092, 0.020108379423618317, -0.002882343251258135, -0.043481048196554184, -0.00043139574700035155, -0.010223324410617352, 0.03593340888619423, -0.021519243717193604, 0.0011364975944161415, 0.01215551421046257, 0.025499392300844193, -0.0171262938529253, -0.035492781549692154, 0.02713075466454029, 0.0777178555727005, 0.0012132292613387108, -0.007242049090564251, 0.0009464130853302777, -0.0656878724694252, -0.02600466087460518, 0.05332158878445625, -0.07210510224103928, -0.02918628789484501, 0.08887547254562378, -0.022257227450609207, 0.008029352873563766, -0.029167568311095238, -0.020669439807534218, -0.031734853982925415, -0.05546899884939194, -0.009117399342358112, 0.052955370396375656, -0.00902624987065792, 0.053548842668533325, 0.014223910868167877, 0.027546603232622147, 0.03941557928919792, -0.0048403688706457615, -0.019552411511540413, -0.0015520320739597082, -0.014969946816563606, 0.018493076786398888, -0.09659569710493088, 0.05219575762748718, -0.043504852801561356, -0.005326489917933941, -0.028493685647845268, 0.021321671083569527, -0.0057910592295229435, -0.04353569075465202, 0.03011913225054741, -0.005623113829642534, 0.027698004618287086, 0.009984520263969898, -0.018613873049616814, 0.031548287719488144, 0.00043610582360997796, -0.008678303100168705, -0.026297755539417267, 0.0029816622845828533, -0.006936382502317429, -0.020401112735271454, -0.05161789432168007, 0.008890454657375813, -0.031117426231503487, 0.027740206569433212, -0.001625572214834392, 0.0175836943089962, 0.0025632900651544333, 0.005830981303006411, 0.01428267266601324, -0.027528168633580208, 0.0002236213331343606, -0.030745984986424446, 0.029100436717271805, 0.012179827317595482, -0.04755549877882004, 0.011405288241803646, -0.020675750449299812, -0.020776182413101196, 0.010862218216061592, -0.004441117402166128, 0.034781716763973236, -0.043000105768442154, 0.009178802371025085, 0.020557481795549393, -0.011569728143513203, 0.019017154350876808, 0.03521430119872093, -0.03790077194571495, 0.015614272095263004, 0.005683187395334244, -0.08917449414730072, 0.02999202534556389, -0.01617341674864292, -0.05338921397924423, -0.03596074879169464, -0.013451549224555492, 0.03274502605199814, 0.01081898994743824, 0.010150902904570103, -0.043345123529434204, 0.08423833549022675, -0.03178439661860466, -0.014672165736556053, -0.09612567722797394, 0.05330156162381172, -0.0371146984398365, 0.04747404158115387, 0.06651309132575989, 0.054158225655555725, 0.018716737627983093, 0.05118705704808235, -0.05191545933485031, 0.04357277601957321, 0.0746140331029892, -0.0028606958221644163, 0.0016580240335315466, -0.0359145849943161, -0.05488311126828194, -0.012704463675618172, 0.012681836262345314, 0.0048772855661809444, -0.024271374568343163, -0.05739358067512512, -0.00837193988263607, 0.025167513638734818, -0.020842643454670906, -6.438153906778867e-33, -0.014205769635736942, -0.04190902039408684, 0.04471533000469208, -0.0014312822604551911, -0.02336721681058407, -0.003465476678684354, 0.04362739622592926, 0.003895869478583336, 5.61216838832479e-05, -0.007814417593181133, 0.009604478254914284, -0.015681713819503784, 0.004348515532910824, 0.022723978385329247, 0.022108040750026703, -0.015206940472126007, 0.028074681758880615, -0.02867787517607212, 0.016550932079553604, 0.006641454994678497, -0.08490141481161118, 0.020309286192059517, -0.02781047858297825, -0.0054250480607151985, -0.0017402052180841565, -0.03450831025838852, -0.020789146423339844, 0.04728236421942711, 0.02563740685582161, -0.015427910722792149, 0.028819933533668518, -0.014109560288488865, 0.0018018597038462758, -0.016024991869926453, 0.015353805385529995, -0.0017320060869678855, -0.03431269899010658, 0.009223682805895805, 0.004699665121734142, 0.0054236846044659615, -0.04064227640628815, 0.009347133338451385, 0.02802242711186409, 0.016384411603212357, 0.037879716604948044, -0.004808962810784578, -0.015965616330504417, -0.02039533667266369, 0.016427885740995407, 0.08366167545318604, -0.09059145301580429, -0.037147220224142075, -0.016349826008081436, 0.007574140559881926, 0.030519982799887657, 0.05925248563289642, -0.01757604256272316, -0.05976613983511925, -0.009995779022574425, -0.01708948239684105, -0.020111598074436188, -0.008901298977434635, -0.007115374319255352, 0.03846725821495056, -0.0045166113413870335, 0.03837623819708824, 0.0033068519551306963, 0.026468072086572647, -0.01777149736881256, -0.008045617491006851, -0.018166346475481987, 0.04337494075298309, -0.06713753938674927, 0.01856272667646408, -0.05380524694919586, 0.02674718201160431, 0.05964895710349083, 0.03216785937547684, 0.049181610345840454, -0.0071816882118582726, -0.027932746335864067, -0.01096492912620306, 0.026388224214315414, -0.011465610936284065, 0.08026458323001862, 0.001252520945854485, -0.0047592646442353725, -0.012445047497749329, 0.020178141072392464, 0.03274619206786156, -0.06382769346237183, 0.07234466075897217, -0.015374450944364071, 0.013299823738634586, 0.011487258598208427, -0.04157058522105217, 0.051970772445201874, -0.004657846875488758, 0.021218301728367805, -0.0037253696937114, -0.03133678063750267, 0.08094138652086258, -0.0016710282070562243, -0.002003110246732831, -0.02418626844882965, 0.02573220618069172, -0.04291786253452301, 0.007064605597406626, 0.0485796295106411, 0.018057487905025482, 0.07041170448064804, 0.04255049303174019, 0.050922147929668427, 0.07998823374509811, -0.027109289541840553, -0.03677086532115936, 0.013801667839288712, -0.06025868281722069, -0.009617524221539497, -0.06332769244909286, 0.057982977479696274, 0.017146864905953407, -0.04201589152216911, -0.007229858543723822, -0.052406370639801025, 0.002917609876021743, 0.023593930527567863, -0.06638733297586441, 0.01692861132323742, -0.055930379778146744, -0.006175708491355181, -0.0442679189145565, 3.0798020134170656e-07, 0.02364977076649666, -0.028600424528121948, 0.022965604439377785, 0.05522807314991951, 0.06550807505846024, -0.04503216594457626, -0.02069655992090702, -0.020539557561278343, 0.00024375293287448585, -0.012851283885538578, 0.04859832301735878, -0.017814889550209045, -0.02607888914644718, -0.01284277904778719, -0.00763700669631362, -0.06568850576877594, 0.014472334645688534, -0.0673551931977272, -0.0340605229139328, 0.0020503846462816, 0.02864057570695877, 0.026576515287160873, -0.03626163303852081, -0.0039121233858168125, 0.01988043077290058, 0.002674682065844536, -0.02378680184483528, -0.020906249061226845, 0.0388324074447155, 0.04154667630791664, 0.0043492852710187435, 0.053607236593961716, 0.003678577020764351, 0.0027523960452526808, -0.007283594459295273, 0.014913778752088547, 0.04172513261437416, 0.037648919969797134, 0.00831113662570715, 0.06137925386428833, 0.029564596712589264, -0.011112859472632408, 0.027534067630767822, 0.04383232444524765, -0.020374296233057976, -0.08210894465446472, 0.03394845500588417, 0.005890099797397852, -0.03179990127682686, 0.023268718272447586, -0.04727340489625931, 0.04134708270430565, -0.014181036502122879, -0.0013511342694982886, 0.02083020657300949, -0.019586754962801933, -0.015439712442457676, 0.026453761383891106, 0.06827297061681747, 0.10640954226255417, -0.03134208172559738, 0.06623908132314682, 0.005685057956725359, 0.0037376389373093843, 0.04129611328244209, -0.021395467221736908, -0.018801789730787277, 2.4497485942128788e-34, -0.00906315166503191, 0.009668096899986267, 0.007922733202576637, -0.0148746557533741, 0.005068013910204172, -0.06020606681704521, -0.031882114708423615, -0.004527906887233257, -0.010602934285998344, -0.004114612005650997, -0.03293554112315178]",position new business development representative department sales level individual contributor reports to director of business development position summary as a new business development representative you will generate profitable sales by building and growing long term client relationships in the business aviation marketplace for both existing and new lines of business. you will draw from your experience to network and prospect for new clients across the united states. being a self motivated results oriented individual will help you succeed. essential functions establish a strong and thriving base of customers through prospecting and networking with your business aviation contacts. develop strategies for working with customers in a primarily virtual manner supplementing with occasional in person networking. accelerate new customer acquisition and maintain accurate sales pipelines and reporting. demonstrate ability to close sales with evidence of strong close percentages. work with marketing to develop and implement effective marketing campaigns help to develop sales strategies process and the ability to train future employees on process strategies develop long term strategic relationships with customers to ensure ifcc is the first call when they need staffing assistance. once new accounts are signed ensure they are properly set up launched and maintained. exhibit superior on going service of all accounts forecasts proposals and account activities while maintaining accurate records in the company crm. meet revenue and sales goals as agreed upon and scheduled. be an integral part of evolving the company s strategic growth model by providing educated input on the market and customer feedback to the executive team. represent the company by attending trade shows and industry events. track and monitor your own results and be proud to share these transparently with management. education and experience minimum 3+ years of sales experience in the staffing and or aviation marketplace a demonstrated track record of selling to a range of decision makers from large enterprise fortune 500 companies to small flight and maintenance departments. staffing experience is a strong plus. experience with crm and ats software skills abilities competencies proficiency in a ms office 365 environment including excel word powerpoint and teams. self motivated exceptional listening skills and the ability to problem solve. must be comfortable in a hands on fast paced environment and have a get it done attitude.,"['position', 'new', 'business', 'development', 'representative', 'department', 'sale', 'level', 'individual', 'contributor', 'report', 'director', 'business', 'development', 'position', 'summary', 'new', 'business', 'development', 'representative', 'generate', 'profitable', 'sale', 'building', 'growing', 'long', 'term', 'client', 'relationship', 'business', 'aviation', 'marketplace', 'existing', 'new', 'line', 'business', 'draw', 'experience', 'network', 'prospect', 'new', 'client', 'across', 'united', 'state', 'self', 'motivated', 'result', 'oriented', 'individual', 'help', 'succeed', 'essential', 'function', 'establish', 'strong', 'thriving', 'base', 'customer', 'prospecting', 'networking', 'business', 'aviation', 'contact', 'develop', 'strategy', 'working', 'customer', 'primarily', 'virtual', 'manner', 'supplementing', 'occasional', 'person', 'networking', 'accelerate', 'new', 'customer', 'acquisition', 'maintain', 'accurate', 'sale', 'pipeline', 'reporting', 'demonstrate', 'ability', 'close', 'sale', 'evidence', 'strong', 'close', 'percentage', 'work', 'marketing', 'develop', 'implement', 'effective', 'marketing', 'campaign', 'help', 'develop', 'sale', 'strategy', 'process', 'ability', 'train', 'future', 'employee', 'process', 'strategy', 'develop', 'long', 'term', 'strategic', 'relationship', 'customer', 'ensure', 'ifcc', 'first', 'call', 'need', 'staffing', 'assistance', 'new', 'account', 'signed', 'ensure', 'properly', 'set', 'launched', 'maintained', 'exhibit', 'superior', 'going', 'service', 'account', 'forecast', 'proposal', 'account', 'activity', 'maintaining', 'accurate', 'record', 'company', 'crm', 'meet', 'revenue', 'sale', 'goal', 'agreed', 'upon', 'scheduled', 'integral', 'part', 'evolving', 'company', 'strategic', 'growth', 'model', 'providing', 'educated', 'input', 'market', 'customer', 'feedback', 'executive', 'team', 'represent', 'company', 'attending', 'trade', 'show', 'industry', 'event', 'track', 'monitor', 'result', 'proud', 'share', 'transparently', 'management', 'education', 'experience', 'minimum', 'year', 'sale', 'experience', 'staffing', 'aviation', 'marketplace', 'demonstrated', 'track', 'record', 'selling', 'range', 'decision', 'maker', 'large', 'enterprise', 'fortune', 'company', 'small', 'flight', 'maintenance', 'department', 'staffing', 'experience', 'strong', 'plus', 'experience', 'crm', 'at', 'software', 'skill', 'ability', 'competency', 'proficiency', 'm', 'office', 'environment', 'including', 'excel', 'word', 'powerpoint', 'team', 'self', 'motivated', 'exceptional', 'listening', 'skill', 'ability', 'problem', 'solve', 'must', 'comfortable', 'hand', 'fast', 'paced', 'environment', 'get', 'done', 'attitude']",position new business development representative department sale level individual contributor report director business development position summary new business development representative generate profitable sale building growing long term client relationship business aviation marketplace existing new line business draw experience network prospect new client across united state self motivated result oriented individual help succeed essential function establish strong thriving base customer prospecting networking business aviation contact develop strategy working customer primarily virtual manner supplementing occasional person networking accelerate new customer acquisition maintain accurate sale pipeline reporting demonstrate ability close sale evidence strong close percentage work marketing develop implement effective marketing campaign help develop sale strategy process ability train future employee process strategy develop long term strategic relationship customer ensure ifcc first call need staffing assistance new account signed ensure properly set launched maintained exhibit superior going service account forecast proposal account activity maintaining accurate record company crm meet revenue sale goal agreed upon scheduled integral part evolving company strategic growth model providing educated input market customer feedback executive team represent company attending trade show industry event track monitor result proud share transparently management education experience minimum year sale experience staffing aviation marketplace demonstrated track record selling range decision maker large enterprise fortune company small flight maintenance department staffing experience strong plus experience crm at software skill ability competency proficiency m office environment including excel word powerpoint team self motivated exceptional listening skill ability problem solve must comfortable hand fast paced environment get done attitude
3884432431,Human Resource Manager,HR,"JOHNSON FEED, INC. IS A FAMILY OWNED AND OPERATED BUSINESS WITH 320 EMPLOYEES AND FIVE LOCATIONS ACROSS SD AND IA. WE OFFER A COMPLETE BENEFITS PACKAGE INCLUDING COMPETITIVE PAY, HEALTH INSURANCE, 401(K) WITH EMPLOYER MATCH, PROFIT SHARING, PAID TIME OFF, PAID HOLIDAYS, AND MORE.
WE ARE AN EQUAL OPPORTUNITY EMPLOYER. 
THIS POSITION REQUIRES FULL-TIME ON-SITE PRESENCE IN OUR CANTON, SD OFFICE.
APPLY THROUGH LINKEDIN OR EMAIL YOUR RESUME TO JOSIEJ@JOHNSONFEEDINC.COM.
JOB SUMMARYTHE HUMAN RESOURCE MANAGER IS RESPONSIBLE FOR DIRECTING, PLANNING, DEVELOPING, IMPLEMENTING, AND ADMINISTRATING MOST OR ALL OF THE HUMAN RESOURCE FUNCTIONS, INCLUDING BUT NOT LIMITED TO RECRUITMENT, ONBOARDING, EMPLOYEE RELATIONS, EMPLOYEE BENEFITS, EMPLOYEE LEAVES OF ABSENCE, AND COMPLIANCE WITH FEDERAL AND STATE HR LAWS.
RESPONSIBILITIESDEVELOP, RECOMMEND, AND IMPLEMENT PERSONNEL POLICIES AND PROCEDURES; PREPARE AND MAINTAIN EMPLOYEE HANDBOOK(S)ASSIST IN DEVELOPING AND IMPLEMENTING A STRATEGIC RECRUITMENT PLAN TO ENSURE THE SELECTION OF HIGHLY QUALIFIED DRIVERSDEVELOP, RECOMMEND, AND IMPLEMENT HIRING AND ONBOARDING PROCESSES TO ENSURE THE ORGANIZATION ATTRACTS, SELECTS, AND INTEGRATES TALENT EFFECTIVELY AND EFFICIENTLYCOORDINATE DAILY BENEFITS PROCESSING, INCLUDING BUT NOT LIMITED TO ENROLLMENTS, TERMINATIONS, EVENT CHANGES, BENEFICIARY ELECTIONS, AND DISABILITY CLAIMSMANAGE END-TO-END PAYROLL PROCESSING FOR A SUBSET OF OUR EMPLOYEESCOORDINATE EMPLOYEE LEAVES OF ABSENCE, INCLUDING BUT NOT LIMITED TO WORKERS' COMPENSATION, FMLA, AND ADA LEAVESENSURE COMPLIANCE WITH ALL COMPANY AND GOVERNMENT REGULATORY STANDARDSPROVIDE COMPREHENSIVE HUMAN RESOURCE SUPPORT TO LEADERSHIP TEAM
JOB REQUIREMENTSBACHELOR’S DEGREE5+ YEARS' OF RELATED HUMAN RESOURCE EXPERIENCEKNOWLEDGE OF EMPLOYMENT LAW AND EMPLOYEE BENEFIT ADMINISTRATIONDEMONSTRATED STRATEGIC, CRITICAL, ANALYTICAL AND INNOVATIVE THINKING SKILLSPROFICIENT IN MICROSOFT OFFICE SUITERECRUITMENT EXPERIENCE IS PREFERRED BUT NOT REQUIREDKNOWLEDGE OF THE TRUCKING INDUSTRY IS PREFERRED BUT NOT REQUIRED","Job title: Human Resource Manager Category: HR Skills: human resource management, employee benefits administration, recruitment, microsoft office suite, strategic planning, analytical thinking, compliance management, onboarding processes, critical thinking, innovative thinking, team leadership, employment law, payroll processing Description: JOHNSON FEED, INC. IS A FAMILY OWNED AND OPERATED BUSINESS WITH 320 EMPLOYEES AND FIVE LOCATIONS ACROSS SD AND IA. WE OFFER A COMPLETE BENEFITS PACKAGE INCLUDING COMPETITIVE PAY, HEALTH INSURANCE, 401(K) WITH EMPLOYER MATCH, PROFIT SHARING, PAID TIME OFF, PAID HOLIDAYS, AND MORE. WE ARE AN EQUAL OPPORTUNITY EMPLOYER. THIS POSITION REQUIRES FULL-TIME ON-SITE PRESENCE IN OUR CANTON, SD OFFICE. APPLY THROUGH LINKEDIN OR EMAIL YOUR RESUME TO JOSIEJ@JOHNSONFEEDINC.COM. JOB SUMMARYTHE HUMAN RESOURCE MANAGER IS RESPONSIBLE FOR DIRECTING, PLANNING, DEVELOPING, IMPLEMENTING, AND ADMINISTRATING MOST OR ALL OF THE HUMAN RESOURCE FUNCTIONS, INCLUDING BUT NOT LIMITED TO RECRUITMENT, ONBOARDING, EMPLOYEE RELATIONS, EMPLOYEE BENEFITS, EMPLOYEE LEAVES OF ABSENCE, AND COMPLIANCE WITH FEDERAL AND STATE HR LAWS. RESPONSIBILITIESDEVELOP, RECOMMEND, AND IMPLEMENT PERSONNEL POLICIES AND PROCEDURES; PREPARE AND MAINTAIN EMPLOYEE HANDBOOK(S)ASSIST IN DEVELOPING AND IMPLEMENTING A STRATEGIC RECRUITMENT PLAN TO ENSURE THE SELECTION OF HIGHLY QUALIFIED DRIVERSDEVELOP, RECOMMEND, AND IMPLEMENT HIRING AND ONBOARDING PROCESSES TO ENSURE THE ORGANIZATION ATTRACTS, SELECTS, AND INTEGRATES TALENT EFFECTIVELY AND EFFICIENTLYCOORDINATE DAILY BENEFITS PROCESSING, INCLUDING BUT NOT LIMITED TO ENROLLMENTS, TERMINATIONS, EVENT CHANGES, BENEFICIARY ELECTIONS, AND DISABILITY CLAIMSMANAGE END-TO-END PAYROLL PROCESSING FOR A SUBSET OF OUR EMPLOYEESCOORDINATE EMPLOYEE LEAVES OF ABSENCE, INCLUDING BUT NOT LIMITED TO WORKERS' COMPENSATION, FMLA, AND ADA LEAVESENSURE COMPLIANCE WITH ALL COMPANY AND GOVERNMENT REGULATORY STANDARDSPROVIDE COMPREHENSIVE HUMAN RESOURCE SUPPORT TO LEADERSHIP TEAM JOB REQUIREMENTSBACHELOR’S DEGREE5+ YEARS' OF RELATED HUMAN RESOURCE EXPERIENCEKNOWLEDGE OF EMPLOYMENT LAW AND EMPLOYEE BENEFIT ADMINISTRATIONDEMONSTRATED STRATEGIC, CRITICAL, ANALYTICAL AND INNOVATIVE THINKING SKILLSPROFICIENT IN MICROSOFT OFFICE SUITERECRUITMENT EXPERIENCE IS PREFERRED BUT NOT REQUIREDKNOWLEDGE OF THE TRUCKING INDUSTRY IS PREFERRED BUT NOT REQUIRED","[""human resource management"", ""employee benefits administration"", ""recruitment"", ""microsoft office suite"", ""strategic planning"", ""analytical thinking"", ""compliance management"", ""onboarding processes"", ""critical thinking"", ""innovative thinking"", ""team leadership"", ""employment law"", ""payroll processing""]","[""human resource management"", ""employee benefits administration"", ""recruitment"", ""microsoft office suite"", ""strategic planning"", ""analytical thinking"", ""compliance management"", ""onboarding processes"", ""critical thinking"", ""innovative thinking"", ""team leadership"", ""employment law"", ""payroll processing""]","JOHNSON FEED, INC. IS A FAMILY OWNED AND OPERATED BUSINESS WITH 320 EMPLOYEES AND FIVE LOCATIONS ACROSS SD AND IA. WE OFFER A COMPLETE BENEFITS PACKAGE INCLUDING COMPETITIVE PAY, HEALTH INSURANCE, 401(K) WITH EMPLOYER MATCH, PROFIT SHARING, PAID TIME OFF, PAID HOLIDAYS, AND MORE.
WE ARE AN EQUAL OPPORTUNITY EMPLOYER. 
THIS POSITION REQUIRES FULL-TIME ON-SITE PRESENCE IN OUR CANTON, SD OFFICE.
APPLY THROUGH LINKEDIN OR EMAIL YOUR RESUME TO JOSIEJ@JOHNSONFEEDINC.COM.
JOB SUMMARYTHE HUMAN RESOURCE MANAGER IS RESPONSIBLE FOR DIRECTING, PLANNING, DEVELOPING, IMPLEMENTING, AND ADMINISTRATING MOST OR ALL OF THE HUMAN RESOURCE FUNCTIONS, INCLUDING BUT NOT LIMITED TO RECRUITMENT, ONBOARDING, EMPLOYEE RELATIONS, EMPLOYEE BENEFITS, EMPLOYEE LEAVES OF ABSENCE, AND COMPLIANCE WITH FEDERAL AND STATE HR LAWS.
RESPONSIBILITIESDEVELOP, RECOMMEND, AND IMPLEMENT PERSONNEL POLICIES AND PROCEDURES; PREPARE AND MAINTAIN EMPLOYEE HANDBOOK(S)ASSIST IN DEVELOPING AND IMPLEMENTING A STRATEGIC RECRUITMENT PLAN TO ENSURE THE SELECTION OF HIGHLY QUALIFIED DRIVERSDEVELOP, RECOMMEND, AND IMPLEMENT HIRING AND ONBOARDING PROCESSES TO ENSURE THE ORGANIZATION ATTRACTS, SELECTS, AND INTEGRATES TALENT EFFECTIVELY AND EFFICIENTLYCOORDINATE DAILY BENEFITS PROCESSING, INCLUDING BUT NOT LIMITED TO ENROLLMENTS, TERMINATIONS, EVENT CHANGES, BENEFICIARY ELECTIONS, AND DISABILITY CLAIMSMANAGE END-TO-END PAYROLL PROCESSING FOR A SUBSET OF OUR EMPLOYEESCOORDINATE EMPLOYEE LEAVES OF ABSENCE, INCLUDING BUT NOT LIMITED TO WORKERS' COMPENSATION, FMLA, AND ADA LEAVESENSURE COMPLIANCE WITH ALL COMPANY AND GOVERNMENT REGULATORY STANDARDSPROVIDE COMPREHENSIVE HUMAN RESOURCE SUPPORT TO LEADERSHIP TEAM
JOB REQUIREMENTSBACHELOR’S DEGREE5+ YEARS' OF RELATED HUMAN RESOURCE EXPERIENCEKNOWLEDGE OF EMPLOYMENT LAW AND EMPLOYEE BENEFIT ADMINISTRATIONDEMONSTRATED STRATEGIC, CRITICAL, ANALYTICAL AND INNOVATIVE THINKING SKILLSPROFICIENT IN MICROSOFT OFFICE SUITERECRUITMENT EXPERIENCE IS PREFERRED BUT NOT REQUIREDKNOWLEDGE OF THE TRUCKING INDUSTRY IS PREFERRED BUT NOT REQUIRED",5.0,"[0.06474585086107254, 0.014172381721436977, -0.006131609436124563, -0.06256278604269028, 0.02668147161602974, 0.0807262733578682, -0.038029395043849945, 0.03639000281691551, 0.03322397917509079, -0.07534606754779816, 0.05591003969311714, 0.010077095590531826, 0.018543656915426254, 0.028109094128012657, -0.0023487377911806107, 0.0036800389643758535, -0.039271701127290726, 0.05165224149823189, -0.01080254651606083, 0.03166136518120766, -0.03478027880191803, 0.03128060698509216, -0.01215548999607563, 0.0026971562765538692, -0.043907057493925095, 0.03087959624826908, 0.01403646171092987, 0.056357886642217636, 0.04269447550177574, 0.032923661172389984, 0.010419227182865143, -0.004124796018004417, 0.005029419902712107, -0.059373196214437485, 2.2388760498870397e-06, 0.027215298265218735, 0.00639949319884181, 0.017910560593008995, -0.03692921623587608, -0.047363076359033585, 0.03999820724129677, -0.11278460174798965, -0.011699735186994076, 0.03406175225973129, 0.030505310744047165, -0.003172660246491432, 0.004737765062600374, -0.03630197048187256, 0.005641794763505459, -0.03330010175704956, -0.012759335339069366, -0.016019310802221298, -0.05413823947310448, -0.01924719102680683, -0.004083885811269283, -0.033860716968774796, 0.01784275658428669, 0.016386695206165314, 0.003416801569983363, -0.0438501350581646, 0.010232709348201752, -0.016118675470352173, 0.008840026333928108, 0.013747865334153175, 0.03601467236876488, 0.014000100083649158, 0.029278866946697235, -0.009026063606142998, 0.05337894335389137, -0.029505550861358643, 0.07735536992549896, 0.023295650258660316, -0.014022749848663807, 0.041498180478811264, 0.024758106097579002, 0.027585236355662346, 0.029651328921318054, -0.0182051919400692, -0.04327299818396568, -0.03005383163690567, -0.06959541887044907, 0.05050242319703102, -0.01276516355574131, -0.07118332386016846, 0.027846628800034523, 0.06303590536117554, 0.007868187502026558, -0.03275523707270622, 0.037447791546583176, 0.017077170312404633, 0.06290455907583237, -0.0030653257854282856, 0.02502291090786457, 0.04773174226284027, -0.01382896862924099, -0.02098223753273487, 0.014501843601465225, -0.083234503865242, 0.029531482607126236, -0.007252044975757599, -0.06565209478139877, 0.0028033838607370853, 0.015939289703965187, 0.04481809586286545, 0.03569811210036278, -0.004513925407081842, -0.008683457970619202, -0.03489771857857704, -0.026799017563462257, 0.024427248165011406, -0.020600451156497, -0.023849714547395706, 0.005933854728937149, -0.028414743021130562, 0.0061974069103598595, 0.024710863828659058, -0.028115978464484215, -0.006224513985216618, 0.02506728656589985, 0.02527570351958275, 0.060164179652929306, 0.015366746112704277, -0.0024186258669942617, 0.023510316386818886, -0.06512097269296646, 0.010449246503412724, 0.0010472823632881045, 0.014675965532660484, 0.01828519068658352, 0.018553398549556732, 0.00998248253017664, 0.008573872968554497, 0.00244181789457798, 0.028093166649341583, 0.0041392166167497635, 0.06451213359832764, -0.01648727059364319, -0.005833777599036694, -0.09786354750394821, 0.01560901291668415, -0.020348459482192993, -0.040871765464544296, -0.07149096578359604, 0.010630504228174686, 0.006400918588042259, -0.010386384092271328, -0.05030225217342377, 0.0015084728365764022, 0.03961305692791939, 0.01828034594655037, -0.005112621933221817, -0.004056262318044901, 0.019693192094564438, -0.000499329820740968, 0.06785879284143448, -0.014948788098990917, 0.021342013031244278, 0.004917916376143694, -0.04065965861082077, 0.066825732588768, -0.010963879525661469, -0.017145946621894836, -0.019748259335756302, 0.04756259545683861, -0.06200665980577469, 0.013166766613721848, 0.0024698555935174227, 0.0016747026238590479, -0.01828538253903389, 0.043417274951934814, 0.04825277626514435, 0.011453358456492424, -0.025966333225369453, 0.06811689585447311, 0.024336425587534904, 0.04959075525403023, 0.027346927672624588, -0.04787715896964073, 0.09881056100130081, 0.06488320231437683, -0.04341467097401619, -0.13285520672798157, 0.006700614467263222, -0.006778556387871504, -0.014765671454370022, 0.028010420501232147, 0.007346168626099825, 0.015849648043513298, -0.027469901368021965, 0.01649901270866394, 0.040433354675769806, -0.013993311673402786, -0.022080378606915474, -0.0014026383869349957, 0.009305944666266441, 0.006078946869820356, -0.11722347885370255, 0.016337787732481956, 0.02006818912923336, 0.022717777639627457, 0.008801939897239208, 0.027629204094409943, -0.029238320887088776, 0.08042025566101074, 0.025853309780359268, -0.0189680065959692, 0.03575991094112396, -0.043992891907691956, 0.0228903666138649, 0.015239887870848179, 0.10341809689998627, 0.013309288769960403, -0.03137414529919624, 0.024912992492318153, 0.0035099219530820847, 0.04246518015861511, 0.07244009524583817, 0.029117997735738754, 0.01665244810283184, 0.04995153471827507, -0.02007114887237549, 0.03918485343456268, -0.05828253924846649, 0.022953227162361145, 0.0021446505561470985, -0.077321857213974, 0.013100684620440006, 0.0006260711816139519, -0.0036621016915887594, 0.019597765058279037, 0.008923927322030067, 0.025738757103681564, -0.041265618056058884, -0.026383202522993088, 0.018673980608582497, 0.028728866949677467, 0.062301620841026306, 0.012844565324485302, -0.01590212807059288, 0.0973997637629509, -0.09805924445390701, 0.0504719614982605, 0.02343735471367836, 0.0066615864634513855, 0.009819958359003067, -0.019481323659420013, -0.039203088730573654, -0.009281240403652191, 0.02680978737771511, 0.026867447420954704, 0.007088483776897192, -0.0012657558545470238, 0.026768900454044342, 0.03563091903924942, -0.0009357462404295802, -0.031041782349348068, -0.0786515325307846, 0.00734145101159811, -0.10201508551836014, 0.039370350539684296, -0.039215706288814545, -0.030577393248677254, -0.025031112134456635, -0.013497728854417801, 0.02418217994272709, -0.013335834257304668, 0.006165109109133482, 0.07069725543260574, 0.029787791892886162, -0.01870497688651085, -0.01964155212044716, 0.03606744110584259, 0.048679545521736145, -0.007075221743434668, -0.027030764147639275, 0.0021613610442727804, -0.018951619043946266, 0.060045402497053146, -0.04024812579154968, -0.0005570522625930607, 0.014142369851469994, -0.03299472853541374, -0.012305846437811852, 0.014336246997117996, -0.020055586472153664, 0.006525523029267788, 0.0486319400370121, -0.0417666956782341, -0.044768135994672775, -0.0416744239628315, 0.02907434105873108, -0.003101894399151206, -2.9325248760869727e-05, -0.02246328443288803, -0.05853041261434555, 0.0018138595623895526, -0.05678215250372887, 0.008926431648433208, -0.032360561192035675, 0.04898057132959366, -0.03983892500400543, 0.0033143428154289722, 0.06186661869287491, -0.0141580980271101, -0.01795530505478382, 0.05426676571369171, -0.006814674939960241, 0.0567803755402565, -0.026851071044802666, -0.048739053308963776, 0.03421614319086075, 0.019667722284793854, 0.04205051064491272, 0.017384786158800125, 0.006224370561540127, -0.01033485122025013, -0.07535083591938019, -0.042661428451538086, -0.011522413231432438, 0.041882678866386414, -0.01187229249626398, 0.03175077959895134, -0.0454893596470356, -0.020352698862552643, 0.02060292847454548, 0.009222717955708504, -0.05565855652093887, -0.023090852424502373, -0.006312755402177572, -0.045671600848436356, 0.0002509435289539397, -0.059231583029031754, -0.04508486017584801, 0.002332930685952306, 0.038065776228904724, -0.04653801769018173, -0.02260696142911911, -0.06811342388391495, -0.0047340127639472485, -0.02097117155790329, -0.0400802381336689, -0.0026406298857182264, -0.06275129318237305, 0.04132905602455139, -0.006085752975195646, 0.00789208710193634, 0.03567094728350639, 0.04502653703093529, -0.0950959175825119, 0.030526120215654373, 0.006347015965729952, 4.113357135793194e-05, -0.018230007961392403, -0.017116805538535118, -0.02693065255880356, -0.003830342087894678, -0.008850162848830223, 0.0526425875723362, -0.02351648546755314, 0.013276686891913414, 0.003762924810871482, -0.02256551943719387, -0.003161106025800109, 0.017326442524790764, 0.014014880172908306, 0.022564249113202095, 0.03248627111315727, -0.044524505734443665, 0.017078576609492302, -0.0032794259022921324, 0.012091347016394138, 0.00331157841719687, 0.018849331885576248, 0.0019207147415727377, -0.020187463611364365, -0.08233718574047089, -0.006374401971697807, 0.02567344717681408, -0.080500528216362, -0.008801005780696869, 0.09106944501399994, 0.03073345497250557, 0.02608431689441204, -0.005253658629953861, 0.008758648298680782, -0.035598330199718475, -0.016443122178316116, -0.02855316922068596, -0.0028499867767095566, 0.017835961654782295, 0.01703352853655815, 0.010039962828159332, -0.09517332166433334, 0.019840797409415245, -0.06616272032260895, -0.008501661941409111, -0.007491191383451223, -0.014319466426968575, -0.03853914514183998, -0.036106862127780914, -0.008138854056596756, 0.033397477120161057, -0.03495922312140465, 0.040304869413375854, -0.008538870140910149, -0.08662683516740799, 0.07918895035982132, -0.006538054905831814, -0.006763170473277569, 0.023920955136418343, 0.000519074616022408, 0.01052896585315466, -0.02999746985733509, 0.0442904531955719, -0.018300112336874008, -0.0758967325091362, -0.015357759781181812, -0.06392783671617508, 0.03295757248997688, -0.047946952283382416, 0.05499136075377464, 0.009496765211224556, 0.023947151377797127, 0.011563782580196857, 0.016507692635059357, -0.017102686688303947, 0.04386281594634056, 0.03534252196550369, 0.01439129188656807, -0.02620106190443039, -0.05393816530704498, 0.019441619515419006, 0.017120756208896637, 0.055947404354810715, -0.024723606184124947, -0.010290550999343395, 0.025402873754501343, 0.019064221531152725, -0.0020801483187824488, 0.012784728780388832, 0.03285083919763565, 0.021083762869238853, -0.005210730247199535, 0.020770594477653503, -0.04439401999115944, 0.038431745022535324, -0.0028187427669763565, 0.00842259544879198, -0.06106807664036751, 0.000177750873262994, 0.06681002676486969, 0.05084473639726639, -0.023417433723807335, -0.038438647985458374, 0.031033245846629143, -0.028964750468730927, -0.016781270503997803, -0.006594454403966665, 0.046462904661893845, -0.053071171045303345, 0.012984160333871841, 0.019658831879496574, 0.03207457810640335, 0.03301209956407547, -0.000910680100787431, -0.029324539005756378, 0.03106098435819149, -0.03959255293011665, 0.04468217492103577, -0.10270952433347702, 0.048102572560310364, -0.02006709948182106, -0.020579595118761063, -0.038621123880147934, 0.04573661834001541, -0.02271309681236744, -0.033698730170726776, 0.04001212120056152, -0.005918888840824366, -0.015972601249814034, -0.03153349459171295, -0.11384953558444977, 0.015698503702878952, -0.041897084563970566, -0.023636048659682274, -0.001768578658811748, 0.0012640870409086347, -0.019679594784975052, -0.02848019264638424, -0.03284016624093056, 0.05025629326701164, -0.012116124853491783, 0.01900693029165268, -0.03337112069129944, 0.02508576400578022, 0.05085667222738266, 0.06464461982250214, -0.010002422146499157, -0.02016771398484707, 0.005002206657081842, -0.05987975746393204, 0.00343918614089489, 0.0008139683632180095, -0.011840011924505234, -0.02736523561179638, -0.011487985029816628, 0.005942906718701124, 0.04720187559723854, -0.046217527240514755, 0.0365159846842289, -0.03497868403792381, -0.007589738816022873, -0.0013327334308996797, 0.03150809183716774, 0.000913637806661427, -0.027018386870622635, -0.03884848952293396, -0.05102000758051872, 0.03896820917725563, -0.04187421128153801, 0.015047896653413773, -0.011678063310682774, -0.046069175004959106, 0.002149251289665699, 0.015528091229498386, 0.015179501846432686, 0.023367855697870255, 0.004980962257832289, 0.002426713705062866, 0.019293466582894325, 0.059183914214372635, 0.012793897651135921, -0.06633894145488739, 0.011174315586686134, -0.0005371994921006262, 0.009487207978963852, 0.03296699747443199, 0.0982305258512497, -0.006201808340847492, 0.03105427511036396, -0.08601279556751251, 0.009665084071457386, -0.017461027950048447, 0.01970224268734455, -0.022505033761262894, 0.014764846302568913, -0.06775958091020584, -0.04548707976937294, 0.025919009000062943, -0.021616915240883827, -0.05239645019173622, 0.007674772758036852, -0.025704069063067436, 0.043141063302755356, 0.010519932024180889, -5.4372494870704755e-33, -0.031423237174749374, -0.05001525953412056, 0.007997512817382812, 0.004226566292345524, -0.00597198773175478, -0.042581018060445786, 0.06243932247161865, -0.03417675942182541, 0.005994558334350586, -0.0025960253551602364, 0.01524392981082201, -0.005790353287011385, -0.010833869688212872, 0.037384651601314545, -0.0076148719526827335, 0.06627237796783447, -0.010534812696278095, -0.021846862509846687, 0.018369022756814957, -0.01780940592288971, -0.05848919600248337, 0.022312229499220848, -0.00491610262542963, 0.06287777423858643, -0.015203245915472507, -0.0414532832801342, -0.02650710567831993, 0.07113760709762573, 0.045803461223840714, -0.006224948447197676, -0.005757383536547422, 0.0007783557521179318, 0.01125516090542078, -0.05902375653386116, 0.03473478555679321, 0.0632820725440979, -0.04223788157105446, -0.006551005411893129, -0.011535441502928734, 0.011178219690918922, -0.02754736691713333, -0.006153310649096966, 0.04870939627289772, 0.004598843399435282, 0.004755724687129259, -0.01087166741490364, 0.009333600290119648, -0.006259656511247158, -0.005329360254108906, 0.0215140487998724, -0.028688455000519753, 0.007764490321278572, -0.04117121174931526, 0.018199216574430466, -0.022766388952732086, 0.01673697680234909, -0.006879650056362152, 0.014686163514852524, -0.08085282891988754, -0.08019054681062698, -0.059234458953142166, -0.028744325041770935, -0.010708335787057877, 0.0015143357450142503, -0.002572581870481372, 0.04036308079957962, -0.0015187561511993408, 0.07637132704257965, -0.03733443096280098, -0.0059778764843940735, -0.03614451736211777, 0.016290510073304176, -0.04553430899977684, 0.006579504813998938, 0.01786811463534832, -0.03884120658040047, 0.001789043191820383, 0.025830235332250595, -0.008686823770403862, -0.01297407504171133, -0.0546717531979084, -0.03098628669977188, 0.020498642697930336, 0.0013402284821495414, 0.029577363282442093, -0.0198911614716053, -0.016108324751257896, -0.03987773135304451, 0.03556305170059204, 0.020423559471964836, 0.019699864089488983, 0.029563141986727715, -0.0859604924917221, 0.007651434279978275, 0.09542583674192429, 0.009056617505848408, 0.027116624638438225, -0.036969881504774094, -0.010109132155776024, -0.056735627353191376, -0.05747077986598015, 0.042185746133327484, -0.02244829200208187, 0.02691471576690674, 0.023807302117347717, -0.0013167749857529998, -0.039506085216999054, -0.028584513813257217, -0.012258058413863182, 0.012881516478955746, 0.04548443481326103, 0.036574821919202805, 0.03987646475434303, -0.03689708933234215, 0.007332959678024054, -0.04696054011583328, 0.0038730285596102476, 0.00418810173869133, -0.0030269124545156956, -0.04098540544509888, 0.07063949853181839, 0.022548848763108253, 0.046035777777433395, 0.022414498031139374, -0.004025962203741074, -0.045203711837530136, 0.012191626243293285, 0.02078843116760254, 0.0001419993059244007, 0.021600738167762756, 0.03346330299973488, -0.04700931906700134, 2.839394710463239e-07, 0.06261776387691498, -0.03854326903820038, -0.00859589222818613, -0.033605415374040604, 0.06563092768192291, -0.03181532770395279, -0.02542681060731411, -0.03527114540338516, 0.02742442488670349, 0.01089913584291935, 0.06402076035737991, -0.02510685659945011, 0.008886601775884628, -0.03600532189011574, -0.009045666083693504, -0.09493972361087799, -0.0245425496250391, -0.03889119252562523, -0.016606474295258522, -0.03551838546991348, 0.04687047377228737, 0.027104420587420464, 0.030263565480709076, -0.04744742438197136, 0.0052272421307861805, -0.009171392768621445, 0.003648875281214714, 0.04398653656244278, 0.00816834531724453, -0.00940241664648056, -0.028935931622982025, -0.013497739098966122, -0.0092523954808712, 0.03446915000677109, -0.019446147605776787, 0.00508540403097868, 0.0539814792573452, 0.08069517463445663, -0.0014613284729421139, 0.031974244862794876, 0.015108178369700909, 0.0009059056756086648, 0.002035369398072362, 0.04777510091662407, 0.018290864303708076, -0.049339983612298965, -0.02297956869006157, 0.04260711744427681, -0.043818097561597824, 0.01191061269491911, -0.03143637627363205, 0.04763520136475563, 0.03078523650765419, 0.0070400540716946125, 0.02039385586977005, 0.030994785949587822, -0.03873297572135925, 0.031862951815128326, 0.03427375480532646, 0.025240866467356682, -0.014569143764674664, -0.05215508118271828, 0.009364180266857147, 0.018014689907431602, 0.06044226139783859, -0.0010983915999531746, -0.0014947145245969296, 2.623441889460036e-34, -0.014249017462134361, 0.015636498108506203, 0.01410102378576994, -0.049238353967666626, 0.015133293345570564, -0.021449130028486252, -0.023715365678071976, -0.0041117556393146515, 0.03840149566531181, -0.02888203039765358, 0.010537042282521725]",johnson feed inc. is a family owned and operated business with 320 employees and five locations across sd and ia. we offer a complete benefits package including competitive pay health insurance 401 k with employer match profit sharing paid time off paid holidays and more. we are an equal opportunity employer. this position requires full time on site presence in our canton sd office. apply through linkedin or email your resume to josiej johnsonfeedinc.com. job summarythe human resource manager is responsible for directing planning developing implementing and administrating most or all of the human resource functions including but not limited to recruitment onboarding employee relations employee benefits employee leaves of absence and compliance with federal and state hr laws. responsibilitiesdevelop recommend and implement personnel policies and procedures prepare and maintain employee handbook s assist in developing and implementing a strategic recruitment plan to ensure the selection of highly qualified driversdevelop recommend and implement hiring and onboarding processes to ensure the organization attracts selects and integrates talent effectively and efficientlycoordinate daily benefits processing including but not limited to enrollments terminations event changes beneficiary elections and disability claimsmanage end to end payroll processing for a subset of our employeescoordinate employee leaves of absence including but not limited to workers compensation fmla and ada leavesensure compliance with all company and government regulatory standardsprovide comprehensive human resource support to leadership team job requirementsbachelor s degree5+ years of related human resource experienceknowledge of employment law and employee benefit administrationdemonstrated strategic critical analytical and innovative thinking skillsproficient in microsoft office suiterecruitment experience is preferred but not requiredknowledge of the trucking industry is preferred but not required,"['johnson', 'feed', 'inc', 'family', 'owned', 'operated', 'business', 'employee', 'five', 'location', 'across', 'sd', 'ia', 'offer', 'complete', 'benefit', 'package', 'including', 'competitive', 'pay', 'health', 'insurance', 'k', 'employer', 'match', 'profit', 'sharing', 'paid', 'time', 'paid', 'holiday', 'equal', 'opportunity', 'employer', 'position', 'requires', 'full', 'time', 'site', 'presence', 'canton', 'sd', 'office', 'apply', 'linkedin', 'email', 'resume', 'josiej', 'johnsonfeedinc', 'com', 'job', 'summarythe', 'human', 'resource', 'manager', 'responsible', 'directing', 'planning', 'developing', 'implementing', 'administrating', 'human', 'resource', 'function', 'including', 'limited', 'recruitment', 'onboarding', 'employee', 'relation', 'employee', 'benefit', 'employee', 'leaf', 'absence', 'compliance', 'federal', 'state', 'hr', 'law', 'responsibilitiesdevelop', 'recommend', 'implement', 'personnel', 'policy', 'procedure', 'prepare', 'maintain', 'employee', 'handbook', 'assist', 'developing', 'implementing', 'strategic', 'recruitment', 'plan', 'ensure', 'selection', 'highly', 'qualified', 'driversdevelop', 'recommend', 'implement', 'hiring', 'onboarding', 'process', 'ensure', 'organization', 'attracts', 'selects', 'integrates', 'talent', 'effectively', 'efficientlycoordinate', 'daily', 'benefit', 'processing', 'including', 'limited', 'enrollment', 'termination', 'event', 'change', 'beneficiary', 'election', 'disability', 'claimsmanage', 'end', 'end', 'payroll', 'processing', 'subset', 'employeescoordinate', 'employee', 'leaf', 'absence', 'including', 'limited', 'worker', 'compensation', 'fmla', 'ada', 'leavesensure', 'compliance', 'company', 'government', 'regulatory', 'standardsprovide', 'comprehensive', 'human', 'resource', 'support', 'leadership', 'team', 'job', 'requirementsbachelor', 'degree5+', 'year', 'related', 'human', 'resource', 'experienceknowledge', 'employment', 'law', 'employee', 'benefit', 'administrationdemonstrated', 'strategic', 'critical', 'analytical', 'innovative', 'thinking', 'skillsproficient', 'microsoft', 'office', 'suiterecruitment', 'experience', 'preferred', 'requiredknowledge', 'trucking', 'industry', 'preferred', 'required']",johnson feed inc family owned operated business employee five location across sd ia offer complete benefit package including competitive pay health insurance k employer match profit sharing paid time paid holiday equal opportunity employer position requires full time site presence canton sd office apply linkedin email resume josiej johnsonfeedinc com job summarythe human resource manager responsible directing planning developing implementing administrating human resource function including limited recruitment onboarding employee relation employee benefit employee leaf absence compliance federal state hr law responsibilitiesdevelop recommend implement personnel policy procedure prepare maintain employee handbook assist developing implementing strategic recruitment plan ensure selection highly qualified driversdevelop recommend implement hiring onboarding process ensure organization attracts selects integrates talent effectively efficientlycoordinate daily benefit processing including limited enrollment termination event change beneficiary election disability claimsmanage end end payroll processing subset employeescoordinate employee leaf absence including limited worker compensation fmla ada leavesensure compliance company government regulatory standardsprovide comprehensive human resource support leadership team job requirementsbachelor degree5+ year related human resource experienceknowledge employment law employee benefit administrationdemonstrated strategic critical analytical innovative thinking skillsproficient microsoft office suiterecruitment experience preferred requiredknowledge trucking industry preferred required
3884433263,Information Technology Analyst II,INFORMATION-TECHNOLOGY,"DESCRIPTION  SUMMARY:THE PLANT INFORMATION TECHNOLOGY IT SPECIALIST ASSISTS THE PLANT IN IT MATTERS, INCLUDING: UNDERSTANDING AND USE OF AURIA CORPORATE POLICIES FOR USERS OF COMPUTERS, NETWORKS, AND PROGRAMS.SET-UP AND SUPPORT OF OFFICE AND PLANT FLOOR PCS AND RELATED APPLICATION PROGRAMS.THE OPERATION, SET-UP, AND CONFIGURATION OF BAR CODE SCANNERS AND HAND-HELD DEVICES.CONFIGURING, DEPLOYING, AND SUPPORTING LABEL PRINTERSDOCUMENTATION OF SHOP FLOOR INFORMATION TECHNOLOGY APPLICATIONS AND INSTALLATIONS.SUPPORT OF OFFICE STAFF APPLICATIONS RELATED TO MICROSOFT OFFICE, E-MAIL, PROJECTION SYSTEMS, AND DATA ENTRY SYSTEMS.SUPPORT OF SHOP FLOOR APPLICATIONS RELATED TO MACHINE AND PROCESS CONTROL SOFTWAREPARTICIPATION IN AND SUPPORT OF MATERIALS PROJECTS RELATED TO ERP AND EDI COMPLIANCE.PARTICIPATION IN AND SUPPORT OF PRODUCTION-DRIVEN PROJECTS RELATED TO INCREASED USE OF TECHNOLOGY ON THE SHOP FLOOR.BACKUP CRITICAL SYSTEMS AND MAINTAIN SPARE EQUIPMENT.MANAGE YEARLY RENEWALS OF SUPPORT CONTRACTS FOR HARDWARE AND SOFTWARE.

 ESSENTIALDUTIESANDRESPONSIBILITIESINCLUDE THE FOLLOWING. OTHER DUTIES MAY BE ASSIGNED. HELPS CORPORATE IT TO SET UP, TRAIN, AND SUPPORT USERS ON DESKTOP OR LAPTOP SYSTEMS, INCLUDING INSTALLATION AND CONFIGURATION OF STANDARD APPLICATIONS VIA OUR DESKTOP MANAGEMENT SOFTWARE.

UNDERSTANDS AND FOLLOWS AURIA AND INDUSTRY-ACCEPTED BEST PRACTICES FOR APPLICATION, INSTALLATION, SET-UP, TRAINING, AND ONGOING SUPPORT TO USERS OF PC-BASED HARDWARE, NETWORKING, AND SOFTWARE APPLICATIONS.

UNDERSTANDS THE BASIC APPLICATION, INSTALLATION, AND SUPPORT OF WIRELESS BARCODING PROGRAMS, INCLUDING LINKS TO VARIOUS TO-BE-IMPLEMENTED SYSTEMS FOR CAPTURING AND USING BARCODED INFORMATION.

WORKS CLOSELY WITH MATERIALS, MANUFACTURING, QUALITY, CONTINUAL IMPROVEMENT, SAFETY, HUMAN RESOURCES, MAINTENANCE, AND FINANCE TO LINK VARIOUS APPLICATIONS TO ALL FUNCTIONS AS NECESSARY.

HELPS TO SET-UP, TRAIN, SUPPORT, AND CONTINUOUSLY IMPROVE THE UNDERSTANDING, USE, AND APPLICATION OF NEW SOFTWARE TO ENHANCE BOTH HOURLY AND SALARY PRODUCTIVITY.

SETUP, MAINTAIN, AND TROUBLESHOOT SITE INFRASTRUCTURE, INCLUDING SERVERS, SWITCHES, AND ACCESS POINTS. SCHEDULE REGULAR BACKUPS AND VERIFY BACKUPS INTEGRITY QUARTERLY.

TROUBLESHOOTS EXISTING PC-BASED APPLICATIONS AND PROVIDES NECESSARY FIXES AND RETRAINING, IF NECESSARY, TO GET AT ROOT CAUSES OF PROBLEMS. DOCUMENTS PC APPLICATIONS WITH USERS FOR FOLLOW-UP AND SUPPORT.

ENSURE SARBANES OXLEY (SOX) AND CSOX IT POLICIES, AS WELL AS OTHER IT AND COMPANY POLICIES, ARE FOLLOWED.

KEEPS TRACK OF SOFTWARE LICENSES FOR APPLICATIONS SUCH AS THE MICROSOFT OFFICE SUITE, WINDOWS SERVER, SQL SERVER, AND OTHERS, AND PROCURES THE NECESSARY LICENSES AS NECESSARY TO ENSURE COMPLIANCE.

MONITORS THE HELP DESK QUEUE AND TAKES OWNERSHIP OF TICKETS ASSIGNED PROMPTLY AND WORKS TO RESOLVE AS QUICKLY AS POSSIBLE WHILE PROVIDING SUPERIOR CUSTOMER SERVICE.

SUPPORTS PLANT LAUNCHES AS IT RELATES TO THE ASSOCIATED TECHNOLOGY.

TRACKS AND MANAGES IT ASSETS (HARDWARE & SOFTWARE) THROUGHOUT THEIR LIFE CYCLE, AND PLANS FOR AND EXECUTES UPGRADES AND REPLACEMENTS REGULARLY TO ENSURE SUPPORT IS AVAILABLE FROM THE MANUFACTURERS.

PLANS AND IMPLEMENTS SECURITY MEASURES TO PROTECT SYSTEMS FROM CYBERATTACKS OR OTHER VULNERABILITIES.

PREPARES THE IT BUDGET AND PROCURES HARDWARE, SOFTWARE, AND SUPPORT CONTRACTS.

SUPPORTS GLOBAL IT PROJECTS AND INITIATIVES, INCLUDING COMMUNICATING EFFECTIVELY WITH CORPORATE IT.

 JOB REQUIREMENTS :

 QUALIFICATIONREQUIREMENTS:MUST BE ABLE TO PERFORM PC-BASED HARDWARE, SOFTWARE, AND NETWORKING DUTIES SATISFACTORILY. THE REQUIREMENTS LISTED BELOW ARE REPRESENTATIVE OF THE KNOWLEDGE, SKILL, AND ABILITY REQUIRED. EDUCATIONANDEXPERIENCE: TECHNICAL KNOWLEDGE OF INFORMATION TECHNOLOGY (IT) SUBJECTS, INCLUDING A BASIC UNDERSTANDING OF PERSONAL COMPUTER (PC) HARDWARE, MS OFFICE APPLICATIONS INCLUDING WORD, POWERPOINT, EXCEL, AND OUTLOOK. EXPERIENCE WITH LAN INFRASTRUCTURE, VMWARE ESXI, MICROSOFT SERVERS, PRINTERS, COPIERS, PHONE & VOICEMAIL SYSTEMS, AND SERVER BACKUP SOFTWARE ARE PREFERRED.ASSOCIATE DEGREE OR HIGHER IN AN IT FIELD IS ALSO PREFERRED.
 MANUFACTURING PROCESS SKILLS: WORK WITH THE SHOP FLOOR, SUPERVISION, AND ENGINEERING PERSONNEL ON PC-BASED INFORMATION TECHNOLOGY TO SUPPORT EXISTING OR NEW PROCESSES. UNDERSTAND BASIC MANUFACTURING PROCESS FLOW CONCEPTS FOR FIRST-IN AND FIRST-OUT (FIFO), QUALITY CONTROL OF PROCESSES, FORGE AND MACHINE OPERATIONS AND SHOP FLOOR COMMUNICATIONS, AND JUST IN TIME MANUFACTURING PROCESSES.COMMUNICATE EFFECTIVELY WITH ALL LEVELS OF THE MANUFACTURING ORGANIZATION, INCLUDING HOURLY USERS ON THE SHOP FLOOR, SUPERVISORS, AND MANAGEMENT. PHYSICAL DEMANDS:THE PHYSICAL DEMANDS OF THE POSITION ARE THOSE THAT MUST BE MET BY AN EMPLOYEE TO PERFORM THE FUNCTIONS OF THE PLANT IT SUPPORT JOB SUCCESSFULLY. REASONABLE ACCOMMODATIONS MAY BE MADE TO ENABLE INDIVIDUALS WITH DISABILITIES TO PERFORM THE ESSENTIAL FUNCTIONS.

OCCASIONALLY WHILE PERFORMING THE DUTIES OF THIS JOB, THE EMPLOYEE IS REQUIRED TO: STAND, WALK, SIT, USE HANDS TO HANDLE, OR FEEL OBJECTS, TOOLS, OR CONTROLS.REACH WITH HANDS AND ARMS, STOOP, KNEEL, CROUCH, OR CRAWL AND TALK OR HEAR.OCCASIONALLY LIFT AND MOVE UP TO 50 POUNDS.SPECIFIC VISION ABILITIES REQUIRED BY THIS JOB INCLUDE CLOSE VISION, DISTANCE VISION, COLOR VISION, PERIPHERAL VISION, DEPTH PERCEPTION, AND THE ABILITY TO ADJUST FOCUS.","Job title: Information Technology Analyst II Category: INFORMATION-TECHNOLOGY Skills: pc hardware, software support, networking, microsoft office suite, lan infrastructure, vmware esxi, microsoft servers, printer configuration, backup software, barcode scanning systems, erp systems, security measures, it asset management, help desk support, technical documentation, team collaboration, training and support, attention to detail, project management, adaptability, edi compliance Description: DESCRIPTION SUMMARY:THE PLANT INFORMATION TECHNOLOGY IT SPECIALIST ASSISTS THE PLANT IN IT MATTERS, INCLUDING: UNDERSTANDING AND USE OF AURIA CORPORATE POLICIES FOR USERS OF COMPUTERS, NETWORKS, AND PROGRAMS.SET-UP AND SUPPORT OF OFFICE AND PLANT FLOOR PCS AND RELATED APPLICATION PROGRAMS.THE OPERATION, SET-UP, AND CONFIGURATION OF BAR CODE SCANNERS AND HAND-HELD DEVICES.CONFIGURING, DEPLOYING, AND SUPPORTING LABEL PRINTERSDOCUMENTATION OF SHOP FLOOR INFORMATION TECHNOLOGY APPLICATIONS AND INSTALLATIONS.SUPPORT OF OFFICE STAFF APPLICATIONS RELATED TO MICROSOFT OFFICE, E-MAIL, PROJECTION SYSTEMS, AND DATA ENTRY SYSTEMS.SUPPORT OF SHOP FLOOR APPLICATIONS RELATED TO MACHINE AND PROCESS CONTROL SOFTWAREPARTICIPATION IN AND SUPPORT OF MATERIALS PROJECTS RELATED TO ERP AND EDI COMPLIANCE.PARTICIPATION IN AND SUPPORT OF PRODUCTION-DRIVEN PROJECTS RELATED TO INCREASED USE OF TECHNOLOGY ON THE SHOP FLOOR.BACKUP CRITICAL SYSTEMS AND MAINTAIN SPARE EQUIPMENT.MANAGE YEARLY RENEWALS OF SUPPORT CONTRACTS FOR HARDWARE AND SOFTWARE. ESSENTIALDUTIESANDRESPONSIBILITIESINCLUDE THE FOLLOWING. OTHER DUTIES MAY BE ASSIGNED. HELPS CORPORATE IT TO SET UP, TRAIN, AND SUPPORT USERS ON DESKTOP OR LAPTOP SYSTEMS, INCLUDING INSTALLATION AND CONFIGURATION OF STANDARD APPLICATIONS VIA OUR DESKTOP MANAGEMENT SOFTWARE. UNDERSTANDS AND FOLLOWS AURIA AND INDUSTRY-ACCEPTED BEST PRACTICES FOR APPLICATION, INSTALLATION, SET-UP, TRAINING, AND ONGOING SUPPORT TO USERS OF PC-BASED HARDWARE, NETWORKING, AND SOFTWARE APPLICATIONS. UNDERSTANDS THE BASIC APPLICATION, INSTALLATION, AND SUPPORT OF WIRELESS BARCODING PROGRAMS, INCLUDING LINKS TO VARIOUS TO-BE-IMPLEMENTED SYSTEMS FOR CAPTURING AND USING BARCODED INFORMATION. WORKS CLOSELY WITH MATERIALS, MANUFACTURING, QUALITY, CONTINUAL IMPROVEMENT, SAFETY, HUMAN RESOURCES, MAINTENANCE, AND FINANCE TO LINK VARIOUS APPLICATIONS TO ALL FUNCTIONS AS NECESSARY. HELPS TO SET-UP, TRAIN, SUPPORT, AND CONTINUOUSLY IMPROVE THE UNDERSTANDING, USE, AND APPLICATION OF NEW SOFTWARE TO ENHANCE BOTH HOURLY AND SALARY PRODUCTIVITY. SETUP, MAINTAIN, AND TROUBLESHOOT SITE INFRASTRUCTURE, INCLUDING SERVERS, SWITCHES, AND ACCESS POINTS. SCHEDULE REGULAR BACKUPS AND VERIFY BACKUPS INTEGRITY QUARTERLY. TROUBLESHOOTS EXISTING PC-BASED APPLICATIONS AND PROVIDES NECESSARY FIXES AND RETRAINING, IF NECESSARY, TO GET AT ROOT CAUSES OF PROBLEMS. DOCUMENTS PC APPLICATIONS WITH USERS FOR FOLLOW-UP AND SUPPORT. ENSURE SARBANES OXLEY (SOX) AND CSOX IT POLICIES, AS WELL AS OTHER IT AND COMPANY POLICIES, ARE FOLLOWED. KEEPS TRACK OF SOFTWARE LICENSES FOR APPLICATIONS SUCH AS THE MICROSOFT OFFICE SUITE, WINDOWS SERVER, SQL SERVER, AND OTHERS, AND PROCURES THE NECESSARY LICENSES AS NECESSARY TO ENSURE COMPLIANCE. MONITORS THE HELP DESK QUEUE AND TAKES OWNERSHIP OF TICKETS ASSIGNED PROMPTLY AND WORKS TO RESOLVE AS QUICKLY AS POSSIBLE WHILE PROVIDING SUPERIOR CUSTOMER SERVICE. SUPPORTS PLANT LAUNCHES AS IT RELATES TO THE ASSOCIATED TECHNOLOGY. TRACKS AND MANAGES IT ASSETS (HARDWARE & SOFT","[""pc hardware"", ""software support"", ""networking"", ""microsoft office suite"", ""lan infrastructure"", ""vmware esxi"", ""microsoft servers"", ""printer configuration"", ""backup software"", ""barcode scanning systems"", ""erp systems"", ""security measures"", ""it asset management"", ""help desk support"", ""technical documentation"", ""team collaboration"", ""training and support"", ""attention to detail"", ""project management"", ""adaptability"", ""edi compliance""]","[""pc hardware"", ""software support"", ""networking"", ""microsoft office suite"", ""lan infrastructure"", ""vmware esxi"", ""microsoft servers"", ""printer configuration"", ""backup software"", ""barcode scanning systems"", ""erp systems"", ""security measures"", ""it asset management"", ""help desk support"", ""technical documentation"", ""team collaboration"", ""training and support"", ""attention to detail"", ""project management"", ""adaptability"", ""edi compliance""]","DESCRIPTION  SUMMARY:THE PLANT INFORMATION TECHNOLOGY IT SPECIALIST ASSISTS THE PLANT IN IT MATTERS, INCLUDING: UNDERSTANDING AND USE OF AURIA CORPORATE POLICIES FOR USERS OF COMPUTERS, NETWORKS, AND PROGRAMS.SET-UP AND SUPPORT OF OFFICE AND PLANT FLOOR PCS AND RELATED APPLICATION PROGRAMS.THE OPERATION, SET-UP, AND CONFIGURATION OF BAR CODE SCANNERS AND HAND-HELD DEVICES.CONFIGURING, DEPLOYING, AND SUPPORTING LABEL PRINTERSDOCUMENTATION OF SHOP FLOOR INFORMATION TECHNOLOGY APPLICATIONS AND INSTALLATIONS.SUPPORT OF OFFICE STAFF APPLICATIONS RELATED TO MICROSOFT OFFICE, E-MAIL, PROJECTION SYSTEMS, AND DATA ENTRY SYSTEMS.SUPPORT OF SHOP FLOOR APPLICATIONS RELATED TO MACHINE AND PROCESS CONTROL SOFTWAREPARTICIPATION IN AND SUPPORT OF MATERIALS PROJECTS RELATED TO ERP AND EDI COMPLIANCE.PARTICIPATION IN AND SUPPORT OF PRODUCTION-DRIVEN PROJECTS RELATED TO INCREASED USE OF TECHNOLOGY ON THE SHOP FLOOR.BACKUP CRITICAL SYSTEMS AND MAINTAIN SPARE EQUIPMENT.MANAGE YEARLY RENEWALS OF SUPPORT CONTRACTS FOR HARDWARE AND SOFTWARE.

 ESSENTIALDUTIESANDRESPONSIBILITIESINCLUDE THE FOLLOWING. OTHER DUTIES MAY BE ASSIGNED. HELPS CORPORATE IT TO SET UP, TRAIN, AND SUPPORT USERS ON DESKTOP OR LAPTOP SYSTEMS, INCLUDING INSTALLATION AND CONFIGURATION OF STANDARD APPLICATIONS VIA OUR DESKTOP MANAGEMENT SOFTWARE.

UNDERSTANDS AND FOLLOWS AURIA AND INDUSTRY-ACCEPTED BEST PRACTICES FOR APPLICATION, INSTALLATION, SET-UP, TRAINING, AND ONGOING SUPPORT TO USERS OF PC-BASED HARDWARE, NETWORKING, AND SOFTWARE APPLICATIONS.

UNDERSTANDS THE BASIC APPLICATION, INSTALLATION, AND SUPPORT OF WIRELESS BARCODING PROGRAMS, INCLUDING LINKS TO VARIOUS TO-BE-IMPLEMENTED SYSTEMS FOR CAPTURING AND USING BARCODED INFORMATION.

WORKS CLOSELY WITH MATERIALS, MANUFACTURING, QUALITY, CONTINUAL IMPROVEMENT, SAFETY, HUMAN RESOURCES, MAINTENANCE, AND FINANCE TO LINK VARIOUS APPLICATIONS TO ALL FUNCTIONS AS NECESSARY.

HELPS TO SET-UP, TRAIN, SUPPORT, AND CONTINUOUSLY IMPROVE THE UNDERSTANDING, USE, AND APPLICATION OF NEW SOFTWARE TO ENHANCE BOTH HOURLY AND SALARY PRODUCTIVITY.

SETUP, MAINTAIN, AND TROUBLESHOOT SITE INFRASTRUCTURE, INCLUDING SERVERS, SWITCHES, AND ACCESS POINTS. SCHEDULE REGULAR BACKUPS AND VERIFY BACKUPS INTEGRITY QUARTERLY.

TROUBLESHOOTS EXISTING PC-BASED APPLICATIONS AND PROVIDES NECESSARY FIXES AND RETRAINING, IF NECESSARY, TO GET AT ROOT CAUSES OF PROBLEMS. DOCUMENTS PC APPLICATIONS WITH USERS FOR FOLLOW-UP AND SUPPORT.

ENSURE SARBANES OXLEY (SOX) AND CSOX IT POLICIES, AS WELL AS OTHER IT AND COMPANY POLICIES, ARE FOLLOWED.

KEEPS TRACK OF SOFTWARE LICENSES FOR APPLICATIONS SUCH AS THE MICROSOFT OFFICE SUITE, WINDOWS SERVER, SQL SERVER, AND OTHERS, AND PROCURES THE NECESSARY LICENSES AS NECESSARY TO ENSURE COMPLIANCE.

MONITORS THE HELP DESK QUEUE AND TAKES OWNERSHIP OF TICKETS ASSIGNED PROMPTLY AND WORKS TO RESOLVE AS QUICKLY AS POSSIBLE WHILE PROVIDING SUPERIOR CUSTOMER SERVICE.

SUPPORTS PLANT LAUNCHES AS IT RELATES TO THE ASSOCIATED TECHNOLOGY.

TRACKS AND MANAGES IT ASSETS (HARDWARE & SOFTWARE) THROUGHOUT THEIR LIFE CYCLE, AND PLANS FOR AND EXECUTES UPGRADES AND REPLACEMENTS REGULARLY TO ENSURE SUPPORT IS AVAILABLE FROM THE MANUFACTURERS.

PLANS AND IMPLEMENTS SECURITY MEASURES TO PROTECT SYSTEMS FROM CYBERATTACKS OR OTHER VULNERABILITIES.

PREPARES THE IT BUDGET AND PROCURES HARDWARE, SOFTWARE, AND SUPPORT CONTRACTS.

SUPPORTS GLOBAL IT PROJECTS AND INITIATIVES, INCLUDING COMMUNICATING EFFECTIVELY WITH CORPORATE IT.

 JOB REQUIREMENTS :

 QUALIFICATIONREQUIREMENTS:MUST BE ABLE TO PERFORM PC-BASED HARDWARE, SOFTWARE, AND NETWORKING DUTIES SATISFACTORILY. THE REQUIREMENTS LISTED BELOW ARE REPRESENTATIVE OF THE KNOWLEDGE, SKILL, AND ABILITY REQUIRED. EDUCATIONANDEXPERIENCE: TECHNICAL KNOWLEDGE OF INFORMATION TECHNOLOGY (IT) SUBJECTS, INCLUDING A BASIC UNDERSTANDING OF PERSONAL COMPUTER (PC) HARDWARE, MS OFFICE APPLICATIONS INCLUDING WORD, POWERPOINT, EXCEL, AND OUTLOOK. EXPERIENCE WITH LAN INFRASTRUCTURE, VMWARE ESXI, MICROSOFT SERVERS, PRINTERS, COPIERS, PHONE & VOICEMAIL SYSTEMS, AND SERVER BACKUP SOFTWARE ARE PREFERRED.ASSOCIATE DEGREE OR HIGHER IN AN IT FIELD IS ALSO PREFERRED.
 MANUFACTURING PROCESS SKILLS: WORK WITH THE SHOP FLOOR, SUPERVISION, AND ENGINEERING PERSONNEL ON PC-BASED INFORMATION TECHNOLOGY TO SUPPORT EXISTING OR NEW PROCESSES. UNDERSTAND BASIC MANUFACTURING PROCESS FLOW CONCEPTS FOR FIRST-IN AND FIRST-OUT (FIFO), QUALITY CONTROL OF PROCESSES, FORGE AND MACHINE OPERATIONS AND SHOP FLOOR COMMUNICATIONS, AND JUST IN TIME MANUFACTURING PROCESSES.COMMUNICATE EFFECTIVELY WITH ALL LEVELS OF THE MANUFACTURING ORGANIZATION, INCLUDING HOURLY USERS ON THE SHOP FLOOR, SUPERVISORS, AND MANAGEMENT. PHYSICAL DEMANDS:THE PHYSICAL DEMANDS OF THE POSITION ARE THOSE THAT MUST BE MET BY AN EMPLOYEE TO PERFORM THE FUNCTIONS OF THE PLANT IT SUPPORT JOB SUCCESSFULLY. REASONABLE ACCOMMODATIONS MAY BE MADE TO ENABLE INDIVIDUALS WITH DISABILITIES TO PERFORM THE ESSENTIAL FUNCTIONS.

OCCASIONALLY WHILE PERFORMING THE DUTIES OF THIS JOB, THE EMPLOYEE IS REQUIRED TO: STAND, WALK, SIT, USE HANDS TO HANDLE, OR FEEL OBJECTS, TOOLS, OR CONTROLS.REACH WITH HANDS AND ARMS, STOOP, KNEEL, CROUCH, OR CRAWL AND TALK OR HEAR.OCCASIONALLY LIFT AND MOVE UP TO 50 POUNDS.SPECIFIC VISION ABILITIES REQUIRED BY THIS JOB INCLUDE CLOSE VISION, DISTANCE VISION, COLOR VISION, PERIPHERAL VISION, DEPTH PERCEPTION, AND THE ABILITY TO ADJUST FOCUS.",0.0,"[0.020209362730383873, -0.038574233651161194, -0.0226901862770319, -0.03448379412293434, -0.028740428388118744, 0.029478097334504128, 0.04578498750925064, 0.02919105812907219, -0.02651267684996128, -0.033859409391880035, 0.044036924839019775, 0.032707180827856064, 0.018384220078587532, 0.05754682421684265, 0.0037456261925399303, -0.007789724040776491, -0.011712850071489811, 0.05058322101831436, -0.01800387166440487, 0.021065520122647285, -0.00413527013733983, 0.022299375385046005, -0.006556942127645016, 0.00900803692638874, -0.07033180445432663, -0.0026419050991535187, -0.001888228696770966, 0.026704158633947372, 0.013172363862395287, 0.019996516406536102, 0.08183661848306656, -0.028356870636343956, 0.016928941011428833, -0.03491164743900299, 2.3857080577727174e-06, 0.011075073853135109, -0.041710272431373596, 0.012837882153689861, -0.04321122542023659, 0.02473287656903267, 0.010789844207465649, 0.011454317718744278, -0.003945943433791399, 0.051936935633420944, 0.010711154900491238, -0.0025675210636109114, 0.043020423501729965, 0.0036532629746943712, -0.02909303642809391, -0.008084380999207497, -0.016001060605049133, 0.037660639733076096, -0.05842320993542671, -0.02870200015604496, -0.0039922879077494144, -0.0695149153470993, 0.016826843842864037, 0.06452900171279907, 0.05861198529601097, 0.04192493110895157, -0.005166542250663042, -0.010866316966712475, 0.01710250787436962, -0.006373838987201452, 0.038270290940999985, 0.048664867877960205, 0.06642521172761917, -0.010425964370369911, -0.007176378276199102, -0.04269702732563019, 0.01960793137550354, -0.012619998306035995, -0.013395759277045727, 0.03205762431025505, -0.03711266815662384, -0.05393384397029877, 0.008867936208844185, -0.04225572571158409, -0.022367848083376884, -0.02792682871222496, -0.018511921167373657, 0.04735761508345604, -0.04738005995750427, -0.03848761320114136, 0.006897392682731152, 0.004409717861562967, -0.02328072488307953, -0.04380548745393753, 0.03102405183017254, 0.032865624874830246, 0.05571099370718002, -0.017452485859394073, 0.011373193934559822, 0.04622073471546173, -0.02156316116452217, -0.006417690776288509, 0.03334498405456543, -0.04263380914926529, 0.01842520572245121, 0.006219249684363604, -0.0345427468419075, -0.021153204143047333, 0.026482513174414635, 0.06347357481718063, 0.0033948542550206184, 0.012290764600038528, -0.026405667886137962, 0.009274855256080627, -0.02591117098927498, 0.018711812794208527, 0.02360009029507637, -0.07255300134420395, -0.02941591665148735, -0.01627933792769909, 0.02586250752210617, 0.02646039053797722, 0.02485077641904354, 0.0004297035629861057, -0.015152999199926853, 0.0662665143609047, 0.06429668515920639, 0.012328230775892735, 0.008892820216715336, 0.006372284144163132, -0.024216456338763237, 0.0027429237961769104, -0.05659068375825882, 0.018118422478437424, 0.011602364480495453, 0.005133401602506638, -0.01894191838800907, 0.013902303762733936, 0.019275162369012833, 0.0061649433337152, 0.011902399361133575, -0.003075714921578765, 0.013421611860394478, 0.037957802414894104, -0.05017568916082382, -0.026104014366865158, 0.018647082149982452, -0.03300571069121361, -0.052863188087940216, 0.04795399308204651, -0.007184745278209448, -0.008352733217179775, -0.05991116538643837, 0.018727630376815796, -0.02303186058998108, 0.02378830686211586, 0.03634319454431534, 0.00529886782169342, -0.0301539096981287, 0.004359722137451172, 0.07533666491508484, 0.01574990339577198, 0.050783902406692505, -0.05166921764612198, -0.03514745086431503, 0.053180087357759476, -0.009389187209308147, -0.05724353715777397, 0.01999591290950775, 0.04032893478870392, -0.05490337312221527, -0.01571539416909218, -0.0032863924279809, 0.03244556859135628, -0.01549986470490694, -0.05751287564635277, 0.010542790405452251, 0.0009967104997485876, 0.01166924461722374, 0.09887094795703888, -0.0010107852285727859, -0.0071251592598855495, 0.04456553980708122, -0.025709841400384903, 0.02652786299586296, 0.06865788996219635, -0.04024794325232506, -0.10508669167757034, 0.05049358680844307, 0.03861411288380623, -0.0025954609736800194, -0.0033807617146521807, -0.07226572185754776, -0.011041351594030857, -0.05770866945385933, -0.02064129337668419, 0.010396693833172321, 0.024553906172513962, -0.06258980184793472, 0.029103858396410942, 0.05810607224702835, 0.013802090659737587, -0.05831422656774521, -0.005759535823017359, -0.0184932928532362, 0.009989261627197266, 0.0029431518632918596, -0.026398254558444023, -0.017109407112002373, 0.09337177127599716, 0.02778511680662632, -0.08218983560800552, 0.01388929970562458, -0.020698562264442444, -0.05309601128101349, 0.017248647287487984, 0.060092952102422714, -0.02429267391562462, -0.04204991087317467, 0.01533558126538992, -0.020108046010136604, 0.04339923709630966, 0.02525981329381466, 0.04184534773230553, -0.03772830218076706, 0.023834912106394768, -0.03469187766313553, 0.03312397003173828, -0.0519808754324913, -0.004815598484128714, -0.002017269842326641, -0.08990539610385895, -0.03001181222498417, 0.050774529576301575, -0.05900084972381592, 0.03190741315484047, -0.005905247759073973, -0.004130057990550995, 0.02300383523106575, 0.01918864995241165, -0.008829843252897263, 0.0031354702077805996, 0.034256018698215485, 0.09063868969678879, 0.012358253821730614, 0.04999620094895363, -0.04296029731631279, -0.014526253566145897, -0.014662688598036766, -0.011612528003752232, 0.06351291388273239, -0.07750033587217331, -0.00761557137593627, 0.0308209341019392, 0.03439057990908623, -0.027119532227516174, -0.017506204545497894, -0.025674374774098396, -0.0007641021511517465, 0.061839815229177475, 0.006373417563736439, -0.0061090849339962006, -0.08632247149944305, 0.02900087647140026, -0.04989754781126976, -0.002502540359273553, -0.02042781375348568, -0.02748597413301468, 0.004197367001324892, -0.007579783909022808, 0.028974123299121857, 0.019890759140253067, 0.020620226860046387, -0.030702102929353714, -0.03007635287940502, -0.0020379959605634212, 0.012437472119927406, 0.06701629608869553, 0.014135204255580902, -0.018052782863378525, -0.06958132237195969, -0.0035889344289898872, 0.005493021570146084, -0.023864908143877983, -0.05244110897183418, 0.01710684970021248, 0.05000191181898117, -0.05693535506725311, -0.0018469900824129581, 0.013752644881606102, -0.010836770758032799, 0.00929710827767849, 0.07578980922698975, -0.10313001275062561, -0.04732479527592659, 0.05372408777475357, 0.010116660967469215, -0.006388375535607338, 0.019960906356573105, 0.02189832180738449, -0.036123115569353104, 0.0009177425527013838, -0.010238423943519592, 0.03618129342794418, -0.04635525494813919, 0.02133641578257084, -0.022870849817991257, -0.009900529868900776, -0.022575173527002335, 0.0062130591832101345, 0.020915452390909195, 0.043042879551649094, 0.042170267552137375, -0.012191398069262505, -0.006129806395620108, -0.001467288238927722, 0.014252652414143085, 0.017203662544488907, 0.02759658545255661, -0.027949854731559753, 0.02237767167389393, 0.024338483810424805, -0.06745102256536484, -0.008826962672173977, -0.017416339367628098, 0.08339136838912964, -0.0007923227385617793, -0.003370879450812936, -0.02861843816936016, -0.02908044494688511, 0.011269311420619488, -0.05298751965165138, -0.08702994138002396, 0.012336228042840958, 0.04340461269021034, -0.06920355558395386, 0.012299604713916779, -0.03144456446170807, -0.08894996345043182, 0.02744428627192974, -0.022631345316767693, -0.04941360279917717, -0.021205853670835495, -0.09831463545560837, -0.042392998933792114, -0.007462828885763884, -0.054019056260585785, -0.012480797246098518, -0.009548578411340714, 0.03787193074822426, 0.04207099229097366, -0.01714368723332882, 0.01592719927430153, 0.023717766627669334, 0.013690038584172726, 0.022568628191947937, 0.055853258818387985, 0.11697062849998474, 0.007131517864763737, -0.005032641813158989, -0.0059214443899691105, -0.0038246316835284233, -0.02608550898730755, -0.0020118223037570715, -0.03997932747006416, 0.047359056770801544, -0.03047691099345684, -0.022161155939102173, -0.047206103801727295, 0.007508561015129089, -0.042093031108379364, 0.03607296198606491, 0.01550363376736641, -0.018308721482753754, 0.01227160356938839, -0.024775512516498566, 0.01562318205833435, -0.004103916697204113, 0.005566923879086971, -0.022650206461548805, -0.00869592186063528, -0.040564149618148804, -0.01916000060737133, 0.027939440682530403, -0.0797741711139679, 0.012364550493657589, 0.0482393316924572, -0.009362367913126945, 0.09343518316745758, -0.003574551083147526, 0.0469108521938324, -0.021051688119769096, -0.026305677369236946, -0.0018122894689440727, -0.006900731008499861, 0.022949576377868652, 0.01566646248102188, -0.00910115521401167, -0.10743211209774017, 0.00041968029108829796, -0.015972444787621498, -0.007820474915206432, 0.03626485913991928, 0.015106434933841228, -0.0030301534570753574, -0.014110627584159374, 0.03702050819993019, -0.027054212987422943, -0.011415410786867142, 0.008335727266967297, 0.026425577700138092, -0.04713895916938782, 0.10103977471590042, -0.0026262260507792234, -0.033384013921022415, 0.0485677495598793, -0.002663463819772005, 0.012745236046612263, 0.02217140793800354, 0.012374249286949635, 0.013115937821567059, -0.0062028756365180016, 0.005836423020809889, 0.04458816722035408, 0.013152938336133957, -0.026705944910645485, 0.06058661267161369, 0.04666054993867874, 0.04696156829595566, -0.00688563846051693, 0.05603745952248573, 0.008409440517425537, 0.02514966018497944, 0.04884278401732445, 0.0019154938636347651, 0.03970714658498764, -0.07506239414215088, -0.03327741101384163, -0.003076192457228899, 0.05509975552558899, 0.00611804099753499, 0.029935317113995552, -0.013027612119913101, -0.046014297753572464, -0.02846752293407917, -0.0044542220421135426, -0.05476064234972, 0.07613357156515121, 0.05382850393652916, -0.013635064475238323, -0.09151145070791245, -0.058222200721502304, -0.02330520749092102, -0.024455441161990166, -0.04122208058834076, 0.011075371876358986, 0.06481324881315231, 0.02832147479057312, 0.03566763922572136, -0.06565402448177338, 0.024185141548514366, -0.043735891580581665, -0.08637595921754837, 0.02034521847963333, 0.013280908577144146, -0.01623706705868244, 0.04478280618786812, 0.045880276709795, -0.04566802456974983, -0.0018665038514882326, -0.011359499767422676, -0.022634293884038925, -0.009086254052817822, -0.02371656522154808, 0.018206462264060974, -0.06856561452150345, -0.03229271247982979, -0.02014906145632267, -0.028858015313744545, -0.037369273602962494, 0.03431515023112297, 0.0010077429469674826, -0.029327167198061943, 0.014226797968149185, -0.0551501028239727, 0.039243195205926895, 0.04480961337685585, -0.06588238477706909, 0.008711589500308037, -0.022030778229236603, 0.034218259155750275, 0.04221123829483986, 0.029407372698187828, -0.022011686116456985, 0.024933846667408943, -0.06028375402092934, 0.024972105398774147, -0.051126595586538315, 0.010884099639952183, 0.03186387941241264, 0.018857363611459732, -0.0017806383548304439, 0.04169274866580963, -0.025727717205882072, -0.036691922694444656, 0.05061544477939606, -0.05149072781205177, 0.00041209455230273306, -0.000870913325343281, -0.04698471352458, -0.0003552949638105929, 0.03765357658267021, 0.005354701541364193, -0.005404677242040634, -0.049941129982471466, 0.04823911190032959, -0.052291542291641235, 0.010913040488958359, 0.03308930993080139, -0.013561204075813293, 0.023573948070406914, 0.04518488422036171, -0.014908114448189735, -0.010551001876592636, -0.036718543618917465, -0.05398601293563843, 0.03133644163608551, -0.020723456516861916, 0.0012844919692724943, -0.004696516320109367, 0.03826907277107239, -0.03501465544104576, 0.03446095809340477, 0.005733632482588291, -0.008613080717623234, 0.05192806199193001, 0.008525153622031212, -0.006473714020103216, -0.09511253237724304, -0.013717166148126125, -0.04469181224703789, 0.043844692409038544, 0.04137128219008446, -0.0004942398518323898, -0.006684749852865934, 0.006544448900967836, -0.02916915901005268, 0.005139973014593124, 0.021268904209136963, 0.015388846397399902, 0.023719267919659615, -0.02177516371011734, -0.04329145327210426, 0.01067603100091219, 0.019616013392806053, 0.025786828249692917, 0.006141345947980881, 0.009037256240844727, -0.010276064276695251, 0.055814892053604126, -0.04731893539428711, -6.196550144750547e-33, -0.008974590338766575, -0.07745864242315292, 0.01918429136276245, 0.05154982581734657, 0.008889079093933105, 0.03428812697529793, 0.03584448993206024, -0.01750319078564644, -0.03915190324187279, -0.03184044361114502, -0.011681042611598969, -0.0005889155436307192, 0.03270694613456726, 0.009389584884047508, -0.017900297418236732, 0.06180384382605553, 0.0009406778262928128, 0.014707992784678936, 0.017487643286585808, -0.031147103756666183, -0.04380391165614128, 0.005777277983725071, 0.040571678429841995, -0.020536180585622787, 0.010294117964804173, -0.015940222889184952, -0.035447679460048676, 0.004575110971927643, 0.0038719249423593283, -0.057966962456703186, 0.03515094518661499, -0.015696702525019646, 0.023439979180693626, -0.010026849806308746, -0.0028827458154410124, 0.11278193444013596, -0.09854338318109512, -0.00157164316624403, -0.021311968564987183, 0.04709642380475998, 0.01876780018210411, -0.04367513209581375, 0.04805981367826462, -0.020106589421629906, -0.029122205451130867, 0.009130670689046383, 0.006652826443314552, 0.004050903953611851, 0.0075781503692269325, 0.018261628225445747, -0.0039089457131922245, -0.008032222278416157, -0.027495592832565308, 0.05150679871439934, -0.019921518862247467, 0.06725384294986725, 7.548646681243554e-05, -0.006452380679547787, -0.03788217529654503, -0.0030844046268612146, 0.011259046383202076, 0.002867235103622079, 0.005556545220315456, -0.011344367638230324, -0.004745373036712408, -0.005168703850358725, -0.029786447063088417, -0.0026545473374426365, 0.0229632668197155, -0.05148673430085182, -0.03628108277916908, 0.03800860792398453, -0.039536409080028534, -0.033468395471572876, 0.010633397847414017, -0.026582922786474228, 0.006991370115429163, 0.04876038432121277, 0.021021924912929535, 0.03414749354124069, -0.019203994423151016, -0.0037614922039210796, -0.026263447478413582, -0.0181337408721447, 0.06604950875043869, 0.007262940518558025, -0.017285294830799103, -0.05309557169675827, 0.013176470063626766, 0.028451135382056236, -0.03278716653585434, 0.06713274866342545, -0.05673660710453987, -0.010684162378311157, 0.06286875903606415, -0.018956366926431656, 0.030824458226561546, 0.0057807303965091705, -0.003098465735092759, 0.02556232549250126, -0.052762411534786224, 0.014840776100754738, 0.005014701280742884, 0.06098981201648712, 0.019843436777591705, 0.0009927984792739153, -0.006200186908245087, 0.03308790549635887, -0.05046825110912323, 0.03955695405602455, 0.038748107850551605, 0.023594144731760025, -0.0030587376095354557, 0.037720970809459686, 0.007177288644015789, -0.024812163785099983, 0.040866583585739136, -0.03126455098390579, -0.016290053725242615, -0.03967912495136261, 0.0421174131333828, -0.026854023337364197, -0.025349752977490425, 0.004194104578346014, -0.04027051478624344, 0.0032244494650512934, -0.02188074216246605, -0.025663839653134346, -0.007992158643901348, 0.014035477302968502, 0.005865354090929031, -0.002922462997958064, 2.940276715435175e-07, 0.042021822184324265, 0.0002791700535453856, 0.03593413159251213, 0.028826342895627022, 0.02628515288233757, -0.07410866022109985, -0.015529772266745567, -0.012794476002454758, -0.016683463007211685, -0.008526272140443325, 0.044459857046604156, -0.042219262570142746, 0.009546792134642601, -0.03928031027317047, 0.02605626918375492, -0.09160195291042328, -0.012143315747380257, -0.020600363612174988, -0.011223891749978065, -0.005307449493557215, 0.09716576337814331, 0.02586357295513153, 0.013933232054114342, -0.012549236416816711, 0.012002541683614254, -0.07168999314308167, -0.012382104061543941, 0.006338546052575111, 0.03931538015604019, -0.01239121425896883, 0.044988639652729034, 0.01912998966872692, 0.01750154234468937, 0.07524494081735611, 0.003996344283223152, -0.02875388413667679, 0.015574092976748943, 0.08876341581344604, -0.010257710702717304, 0.0704294741153717, 0.05109645426273346, -0.10479382425546646, 0.006212461739778519, -0.0038683118764311075, -0.007690904196351767, 0.013512433506548405, 0.015842890366911888, 0.0481315441429615, -0.08257321268320084, -0.034962669014930725, -0.04440951347351074, 0.009388132020831108, 0.0124555304646492, -0.03292125463485718, 0.007094642613083124, -0.027668938040733337, -0.04875434562563896, 0.03927979990839958, 0.031329959630966187, 0.04844142124056816, -0.030299358069896698, -0.057517047971487045, 0.03418448939919472, -0.01506451889872551, 0.06778095662593842, 0.006645499728620052, -0.03527291491627693, 3.1129521754534956e-34, -0.003265417879447341, -0.006469620391726494, -0.021122701466083527, -0.007804139982908964, 0.0009061670280061662, -0.024769853800535202, -0.009755842387676239, -0.026535093784332275, 0.02595553547143936, -0.01569122076034546, -0.017192937433719635]",description summary the plant information technology it specialist assists the plant in it matters including understanding and use of auria corporate policies for users of computers networks and programs.set up and support of office and plant floor pcs and related application programs.the operation set up and configuration of bar code scanners and hand held devices.configuring deploying and supporting label printersdocumentation of shop floor information technology applications and installations.support of office staff applications related to microsoft office e mail projection systems and data entry systems.support of shop floor applications related to machine and process control softwareparticipation in and support of materials projects related to erp and edi compliance.participation in and support of production driven projects related to increased use of technology on the shop floor.backup critical systems and maintain spare equipment.manage yearly renewals of support contracts for hardware and software. essentialdutiesandresponsibilitiesinclude the following. other duties may be assigned. helps corporate it to set up train and support users on desktop or laptop systems including installation and configuration of standard applications via our desktop management software. understands and follows auria and industry accepted best practices for application installation set up training and ongoing support to users of pc based hardware networking and software applications. understands the basic application installation and support of wireless barcoding programs including links to various to be implemented systems for capturing and using barcoded information. works closely with materials manufacturing quality continual improvement safety human resources maintenance and finance to link various applications to all functions as necessary. helps to set up train support and continuously improve the understanding use and application of new software to enhance both hourly and salary productivity. setup maintain and troubleshoot site infrastructure including servers switches and access points. schedule regular backups and verify backups integrity quarterly. troubleshoots existing pc based applications and provides necessary fixes and retraining if necessary to get at root causes of problems. documents pc applications with users for follow up and support. ensure sarbanes oxley sox and csox it policies as well as other it and company policies are followed. keeps track of software licenses for applications such as the microsoft office suite windows server sql server and others and procures the necessary licenses as necessary to ensure compliance. monitors the help desk queue and takes ownership of tickets assigned promptly and works to resolve as quickly as possible while providing superior customer service. supports plant launches as it relates to the associated technology. tracks and manages it assets hardware software throughout their life cycle and plans for and executes upgrades and replacements regularly to ensure support is available from the manufacturers. plans and implements security measures to protect systems from cyberattacks or other vulnerabilities. prepares the it budget and procures hardware software and support contracts. supports global it projects and initiatives including communicating effectively with corporate it. job requirements qualificationrequirements must be able to perform pc based hardware software and networking duties satisfactorily. the requirements listed below are representative of the knowledge skill and ability required. educationandexperience technical knowledge of information technology it subjects including a basic understanding of personal computer pc hardware ms office applications including word powerpoint excel and outlook. experience with lan infrastructure vmware esxi microsoft servers printers copiers phone voicemail systems and server backup software are preferred.associate degree or higher in an it field is also preferred. manufacturing process skills work with the shop floor supervision and engineering personnel on pc based information technology to support existing or new processes. understand basic manufacturing process flow concepts for first in and first out fifo quality control of processes forge and machine operations and shop floor communications and just in time manufacturing processes.communicate effectively with all levels of the manufacturing organization including hourly users on the shop floor supervisors and management. physical demands the physical demands of the position are those that must be met by an employee to perform the functions of the plant it support job successfully. reasonable accommodations may be made to enable individuals with disabilities to perform the essential functions. occasionally while performing the duties of this job the employee is required to stand walk sit use hands to handle or feel objects tools or controls.reach with hands and arms stoop kneel crouch or crawl and talk or hear.occasionally lift and move up to 50 pounds.specific vision abilities required by this job include close vision distance vision color vision peripheral vision depth perception and the ability to adjust focus.,"['description', 'summary', 'plant', 'information', 'technology', 'specialist', 'assist', 'plant', 'matter', 'including', 'understanding', 'use', 'auria', 'corporate', 'policy', 'user', 'computer', 'network', 'program', 'set', 'support', 'office', 'plant', 'floor', 'pc', 'related', 'application', 'program', 'operation', 'set', 'configuration', 'bar', 'code', 'scanner', 'hand', 'held', 'device', 'configuring', 'deploying', 'supporting', 'label', 'printersdocumentation', 'shop', 'floor', 'information', 'technology', 'application', 'installation', 'support', 'office', 'staff', 'application', 'related', 'microsoft', 'office', 'e', 'mail', 'projection', 'system', 'data', 'entry', 'system', 'support', 'shop', 'floor', 'application', 'related', 'machine', 'process', 'control', 'softwareparticipation', 'support', 'material', 'project', 'related', 'erp', 'edi', 'compliance', 'participation', 'support', 'production', 'driven', 'project', 'related', 'increased', 'use', 'technology', 'shop', 'floor', 'backup', 'critical', 'system', 'maintain', 'spare', 'equipment', 'manage', 'yearly', 'renewal', 'support', 'contract', 'hardware', 'software', 'essentialdutiesandresponsibilitiesinclude', 'following', 'duty', 'may', 'assigned', 'help', 'corporate', 'set', 'train', 'support', 'user', 'desktop', 'laptop', 'system', 'including', 'installation', 'configuration', 'standard', 'application', 'via', 'desktop', 'management', 'software', 'understands', 'follows', 'auria', 'industry', 'accepted', 'best', 'practice', 'application', 'installation', 'set', 'training', 'ongoing', 'support', 'user', 'pc', 'based', 'hardware', 'networking', 'software', 'application', 'understands', 'basic', 'application', 'installation', 'support', 'wireless', 'barcoding', 'program', 'including', 'link', 'various', 'implemented', 'system', 'capturing', 'using', 'barcoded', 'information', 'work', 'closely', 'material', 'manufacturing', 'quality', 'continual', 'improvement', 'safety', 'human', 'resource', 'maintenance', 'finance', 'link', 'various', 'application', 'function', 'necessary', 'help', 'set', 'train', 'support', 'continuously', 'improve', 'understanding', 'use', 'application', 'new', 'software', 'enhance', 'hourly', 'salary', 'productivity', 'setup', 'maintain', 'troubleshoot', 'site', 'infrastructure', 'including', 'server', 'switch', 'access', 'point', 'schedule', 'regular', 'backup', 'verify', 'backup', 'integrity', 'quarterly', 'troubleshoots', 'existing', 'pc', 'based', 'application', 'provides', 'necessary', 'fix', 'retraining', 'necessary', 'get', 'root', 'cause', 'problem', 'document', 'pc', 'application', 'user', 'follow', 'support', 'ensure', 'sarbanes', 'oxley', 'sox', 'csox', 'policy', 'well', 'company', 'policy', 'followed', 'keep', 'track', 'software', 'license', 'application', 'microsoft', 'office', 'suite', 'window', 'server', 'sql', 'server', 'others', 'procures', 'necessary', 'license', 'necessary', 'ensure', 'compliance', 'monitor', 'help', 'desk', 'queue', 'take', 'ownership', 'ticket', 'assigned', 'promptly', 'work', 'resolve', 'quickly', 'possible', 'providing', 'superior', 'customer', 'service', 'support', 'plant', 'launch', 'relates', 'associated', 'technology', 'track', 'manages', 'asset', 'hardware', 'software', 'throughout', 'life', 'cycle', 'plan', 'executes', 'upgrade', 'replacement', 'regularly', 'ensure', 'support', 'available', 'manufacturer', 'plan', 'implement', 'security', 'measure', 'protect', 'system', 'cyberattacks', 'vulnerability', 'prepares', 'budget', 'procures', 'hardware', 'software', 'support', 'contract', 'support', 'global', 'project', 'initiative', 'including', 'communicating', 'effectively', 'corporate', 'job', 'requirement', 'qualificationrequirements', 'must', 'able', 'perform', 'pc', 'based', 'hardware', 'software', 'networking', 'duty', 'satisfactorily', 'requirement', 'listed', 'representative', 'knowledge', 'skill', 'ability', 'required', 'educationandexperience', 'technical', 'knowledge', 'information', 'technology', 'subject', 'including', 'basic', 'understanding', 'personal', 'computer', 'pc', 'hardware', 'm', 'office', 'application', 'including', 'word', 'powerpoint', 'excel', 'outlook', 'experience', 'lan', 'infrastructure', 'vmware', 'esxi', 'microsoft', 'server', 'printer', 'copier', 'phone', 'voicemail', 'system', 'server', 'backup', 'software', 'preferred', 'associate', 'degree', 'higher', 'field', 'also', 'preferred', 'manufacturing', 'process', 'skill', 'work', 'shop', 'floor', 'supervision', 'engineering', 'personnel', 'pc', 'based', 'information', 'technology', 'support', 'existing', 'new', 'process', 'understand', 'basic', 'manufacturing', 'process', 'flow', 'concept', 'first', 'first', 'fifo', 'quality', 'control', 'process', 'forge', 'machine', 'operation', 'shop', 'floor', 'communication', 'time', 'manufacturing', 'process', 'communicate', 'effectively', 'level', 'manufacturing', 'organization', 'including', 'hourly', 'user', 'shop', 'floor', 'supervisor', 'management', 'physical', 'demand', 'physical', 'demand', 'position', 'must', 'met', 'employee', 'perform', 'function', 'plant', 'support', 'job', 'successfully', 'reasonable', 'accommodation', 'may', 'made', 'enable', 'individual', 'disability', 'perform', 'essential', 'function', 'occasionally', 'performing', 'duty', 'job', 'employee', 'required', 'stand', 'walk', 'sit', 'use', 'hand', 'handle', 'feel', 'object', 'tool', 'control', 'reach', 'hand', 'arm', 'stoop', 'kneel', 'crouch', 'crawl', 'talk', 'hear', 'occasionally', 'lift', 'move', 'pound', 'specific', 'vision', 'ability', 'required', 'job', 'include', 'close', 'vision', 'distance', 'vision', 'color', 'vision', 'peripheral', 'vision', 'depth', 'perception', 'ability', 'adjust', 'focus']",description summary plant information technology specialist assist plant matter including understanding use auria corporate policy user computer network program set support office plant floor pc related application program operation set configuration bar code scanner hand held device configuring deploying supporting label printersdocumentation shop floor information technology application installation support office staff application related microsoft office e mail projection system data entry system support shop floor application related machine process control softwareparticipation support material project related erp edi compliance participation support production driven project related increased use technology shop floor backup critical system maintain spare equipment manage yearly renewal support contract hardware software essentialdutiesandresponsibilitiesinclude following duty may assigned help corporate set train support user desktop laptop system including installation configuration standard application via desktop management software understands follows auria industry accepted best practice application installation set training ongoing support user pc based hardware networking software application understands basic application installation support wireless barcoding program including link various implemented system capturing using barcoded information work closely material manufacturing quality continual improvement safety human resource maintenance finance link various application function necessary help set train support continuously improve understanding use application new software enhance hourly salary productivity setup maintain troubleshoot site infrastructure including server switch access point schedule regular backup verify backup integrity quarterly troubleshoots existing pc based application provides necessary fix retraining necessary get root cause problem document pc application user follow support ensure sarbanes oxley sox csox policy well company policy followed keep track software license application microsoft office suite window server sql server others procures necessary license necessary ensure compliance monitor help desk queue take ownership ticket assigned promptly work resolve quickly possible providing superior customer service support plant launch relates associated technology track manages asset hardware software throughout life cycle plan executes upgrade replacement regularly ensure support available manufacturer plan implement security measure protect system cyberattacks vulnerability prepares budget procures hardware software support contract support global project initiative including communicating effectively corporate job requirement qualificationrequirements must able perform pc based hardware software networking duty satisfactorily requirement listed representative knowledge skill ability required educationandexperience technical knowledge information technology subject including basic understanding personal computer pc hardware m office application including word powerpoint excel outlook experience lan infrastructure vmware esxi microsoft server printer copier phone voicemail system server backup software preferred associate degree higher field also preferred manufacturing process skill work shop floor supervision engineering personnel pc based information technology support existing new process understand basic manufacturing process flow concept first first fifo quality control process forge machine operation shop floor communication time manufacturing process communicate effectively level manufacturing organization including hourly user shop floor supervisor management physical demand physical demand position must met employee perform function plant support job successfully reasonable accommodation may made enable individual disability perform essential function occasionally performing duty job employee required stand walk sit use hand handle feel object tool control reach hand arm stoop kneel crouch crawl talk hear occasionally lift move pound specific vision ability required job include close vision distance vision color vision peripheral vision depth perception ability adjust focus
3884433564,"Instructor, Computer Information Technology",INFORMATION-TECHNOLOGY,"UNDER THE GENERAL DIRECTION AND SUPERVISION OF THE ASSOCIATE DEAN AND DEAN, THE INSTRUCTOR, COMPUTER INFORMATION TECHNOLOGY CULTIVATES LEARNERS IN A DYNAMIC AND FAST-PACED INDUSTRY. THE INSTRUCTOR IS RESPONSIBLE FOR KEEPING UP-TO-DATE WITH THE CURRENT INDUSTRY AND DEVELOPING/UPDATING COURSES FOR DIFFERENT DELIVERY FORMATS (CLASSROOM, HYBRID, SYNCHRONOUS ONLINE, AND ASYNCHRONOUS ONLINE). THIS IS A FULL-TIME REGULAR POSITION.
COURSES ARE FOCUSED ON BUT ARE NOT LIMITED TO WINDOWS COMMAND PROMPT, LINUX COMMAND LINE, BASIC POWERSHELL, IT FUNDAMENTALS, PROGRAMMING LOGIC, AND NETWORKING CONCEPTS. 
SOUTHEAST COMMUNITY COLLEGE OFFERS COMPETITIVE COMPENSATION AND A ROBUST BENEFITS PACKAGE, INCLUDING, BUT NOT LIMITED TO: MEDICAL/DENTAL INSURANCE, 403(B) RETIREMENT WITH COLLEGE MATCHING CONTRIBUTION, VISION INSURANCE, FLEXIBLE SPENDING ACCOUNT, AND TUITION REIMBURSEMENT. SOUTHEAST COMMUNITY COLLEGE ALSO OFFERS EXTENSIVE LEAVE PLANS. IN ADDITION, SOUTHEAST COMMUNITY COLLEGE MAKES AVAILABLE TO ALL FULL-TIME EMPLOYEES THE USE OF “BEN DOLLARS” (CASH-IN-LIEU POTENTIAL FOR CERTAIN COVERAGE LEVELS) TO COVER MEDICAL AND DENTAL PREMIUMS.
ESSENTIAL FUNCTIONSPROVIDE STUDENT INSTRUCTION IN ASSIGNED PROGRAM COURSESCONSTRUCT RELATIONSHIPS WITH DIVERSE LEARNERS;DEVELOP AND DELIVER ENGAGING LESSONS IN ASSIGNED PROGRAM COURSES;BUILD CURRICULUM: LESSON PLANS, ASSIGNMENTS, TESTS (SUBJECT TO PROGRAM APPROVAL);DEVELOPING COURSES IS A SHARED RESPONSIBILITY BASED ON THE DEAN, ASSOCIATE DEAN, AND PROGRAM DIRECTOR(S) AFTER CONSIDERATION OF THE INDUSTRY LEADER’S FEEDBACK.OPERATE ALL APPROPRIATE AUDIO-VISUAL AND MULTIMEDIA EQUIPMENT AND SOFTWARE.
CREATE AND DEVELOP TEACHING AIDS AND SUPPLEMENTSCREATE VISUAL COMMUNICATIONS PRESENTATIONS.ENHANCE ENGAGED LEARNING THROUGH THE COLLEGE’S CURRENT VISUAL/AUDIO EQUIPMENT AND PROGRAM APPLICATIONS.KEEP UP TO DATE WITH CURRENT TRENDS THAT REFLECT METHODS USED IN THE COMPUTER INFORMATION TECHNOLOGY INDUSTRY.
DEVELOP NEW COURSES AND UPDATE EXISTING COURSESCOLLABORATE WITH OTHERS AND ADD, DEVELOP, AND/OR IMPLEMENT CHANGES IN CURRENT COURSES TO KEEP THE COMPUTER INFORMATION TECHNOLOGY PROGRAM CURRENT.DEVELOP COURSES THAT INCLUDE WRITING COURSE OBJECTIVES, SYLLABI, HANDOUTS, AND TESTS, AND RESEARCHING TEXTBOOKS AND ONLINE RESOURCES AND DATA FOR COURSE USE. MAINTAIN AND UPGRADE COMPUTER INFORMATION TECHNOLOGY EQUIPMENTENSURE CLASSROOMS, COMPUTER LAB(S) AND ONLINE EQUIPMENT ARE SUITABLE FOR ENGAGED LEARNING AND ARE IN WORKING ORDER FOR STUDENT USE.
COMPLETE AND MAINTAIN PROGRAM AND STUDENTS RECORDSFOLLOW STATE AND FEDERAL GUIDELINES FOR STUDENT RECORDS.MAINTAIN PERMANENT STUDENT RECORDS: GRADE BOOKS, ATTENDANCE, AND STUDENT ACHIEVEMENT FOR ALL COURSES TAUGHT.USE AND PROMOTE THE ONLINE INSTRUCTIONAL LEARNING MANAGEMENT SOFTWARE (LMS), SELF-SERVICE, OFFICE 365, AND THE HUB.PROVIDE RECOMMENDATIONS FOR CAPITAL EQUIPMENT PURCHASES OF INSTRUCTIONAL SUPPLIES AND EQUIPMENT.
MAINTAIN TECHNICAL COMPETENCY IN THE TEACHING AREAATTEND SEMINARS, PROFESSIONAL ASSOCIATION MEETINGS, CONFERENCES, EDUCATIONAL WORKSHOPS, OR OTHER RELATED TRAINING SESSIONS TO STAY TECHNICALLY COMPETENT.PARTICIPATE IN COLLEGE ACTIVITIES RELATED TO PROFESSIONAL DEVELOPMENT, DIVERSITY, AND SAFETY.PARTICIPATE IN AREA CAMPUS-BASED PROGRAM ACTIVITIES AND TEAMSACTIVELY ENGAGE IN, AND SUPPORT PROGRAM ACTIVITIES (ADVISORY TEAM MEETINGS, OPEN HOUSE, DIVISION MEETINGS, ETC.) AND COLLEGE ACTIVITIES AND TEAMS AS REQUESTED.
ACT AS A PROGRAM ADVISOR FOR STUDENTS IN THE COMPUTER INFORMATION TECHNOLOGY PROGRAM.MENTOR, SUPPORT, AND ADVISE STUDENTS ON ACADEMIC STANDING, PROGRESS, AND THE ACADEMIC MAP DEMONSTRATING COURSES NEEDED FOR GRADUATION;EXPLAIN COLLEGE POLICIES AND PROCEDURES TO STUDENTS TO COMPLETE ALL RECORDS AND FORMS ETC., AS NEEDED FOR ARTICULATION AND PROGRAM OPERATION.
INDIVIDUAL DEVELOPMENT PLANDEVELOP AN INDIVIDUALIZED DEVELOPMENT PLAN IN COOPERATION WITH THE ASSOCIATE DEAN AND AS DEFINED AND SUPPORTED ON THE PROFESSIONAL DEVELOPMENT WEBSITE.
PROFESSIONAL DEVELOPMENTFACULTY MUST COMPILE (3) DIFFERENT PROFESSIONAL DEVELOPMENT ACTIVITIES DURING THE YEAR AS DEFINED AND SUPPORTED ON THE PROFESSIONAL DEVELOPMENT WEBSITE.
ANNUAL SAFETY TRAININGFACULTY MUST COMPLETE ALL ANNUAL SAFETY TRAINING AS REQUIRED BY THE COLLEGE.PERFORM OTHER CAMPUS AND PROGRAM DUTIES AS ASSIGNED INCLUDING, BUT NOT LIMITED TO: SUBSTITUTE TEACH AS REQUIRED, BUDGET DEVELOPMENT, ADVISE CO-PROGRAM DIRECTORS AS REQUESTED, SUPPORT AND PROMOTE THE COLLEGE, THE CAMPUS, AND THE COMPUTER INFORMATION TECHNOLOGY PROGRAM, SUPPORT STUDENT RECRUITMENT, ASSIST IN THE SECURITY OF ALL COLLEGE AND PROGRAM FACILITIES, INSTRUMENTS, TOOLS, MATERIALS, AND EQUIPMENT, AND ASSIST IN SUPERVISING STUDENT HELP.PARTICIPATION IN DETERMINING AND UPDATING THE STRATEGIC PLAN AND COMPLETION OF THE ANNUAL ASSESSMENT PROCESS.TEACH EVENING CONTINUING EDUCATION OR OFF-CAMPUS COMPUTER INFORMATION TECHNOLOGY CLASSES OR CUSTOMIZED TRAINING CLASSES.
MARGINAL FUNCTIONSSERVE AS PROGRAM ADVISOR FOR THE COMPUTER INFORMATION TECHNOLOGY PROGRAM, PROVIDE INSTRUCTIONAL ASSISTANCE TO OTHER COLLEGE DIVISIONS AND PROGRAMS AS REQUESTED, ENSURE QUALITY EDUCATION FOR STUDENTS, AND THAT COLLEGE POLICIES AND PROCEDURES ARE FOLLOWED.TEACH EVENING CONTINUING EDUCATION OR OFF-CAMPUS COMPUTER INFORMATION TECHNOLOGY CLASSES OR CUSTOMIZED TRAINING CLASSES.PERFORM OTHER RELATED DUTIES WITHIN THE DIVISION/PROGRAM AS ASSIGNED.MAY BE REQUIRED TO PERFORM ASSOCIATED DUTIES, FUNCTIONS, OR ASSIGNMENTS IN OTHER DIVISIONS/PROGRAMS/AREAS AS REQUIRED.PERFORM OTHER COLLEGE FUNCTIONS AND DUTIES AS ASSIGNED.MUST BE ABLE TO WORK VARIED DAYS, HOURS, SHIFTS, LOCATIONS, AND CAMPUSES AS REQUIRED. WORK SCHEDULES (HOURS/DAYS/WORK LOCATION) ARE SCHEDULED BY SOUTHEAST COMMUNITY COLLEGE BASED ON THE NEEDS OF THE COLLEGE. WORK HOURS, SHIFTS, DAYS, AND WORK LOCATIONS MAY VARY DEPENDING ON THE NEEDS OF SOUTHEAST COMMUNITY COLLEGE AND ARE SUBJECT TO MODIFICATION. EMERGENCY OR SCHEDULED SPECIAL ACTIVITIES MAY REQUIRE HOURS OUTSIDE OF THE REGULAR WORKWEEK.REQUIRED KNOWLEDGE, SKILLS, AND ABILITIESPOSSESS SPECIFIC KNOWLEDGE AND EXPERIENCE IN THE COMPUTER INFORMATION TECHNOLOGY FIELD. THIS WILL INCLUDE THE FOLLOWING, FOCUSING ON, BUT NOT LIMITED TO, WINDOWS COMMAND PROMPT, LINUX COMMAND LINE, POWERSHELL, IT FUNDAMENTALS, PROGRAMMING LOGIC, AND NETWORKING CONCEPTS.ABILITY TO MAINTAIN CLASSROOM AND COMPUTER LAB ENVIRONMENTS CONDUCIVE TO LEARNING, INCLUDING CLASSROOM MANAGEMENT AND CONFLICT RESOLUTION.POSSESS POSITIVE AND COOPERATIVE INTERACTION WITH COLLEAGUES, STAFF, STUDENTS, AND SUPERVISORS.DEMONSTRATE EFFECTIVE ORAL AND WRITTEN COMMUNICATION RELEVANT TO TEACHING DIVERSE STUDENTS.DEVISE AND UTILIZE APPROPRIATE EVALUATION METHODS FOR THE CLASSROOM, LABORATORY, INTERNET, AND/OR DISTANCE LEARNING USE THAT SIMULATE REAL BUSINESS AND INDUSTRY PROCESSES.OBJECTIVELY EVALUATE ASSIGNMENTS AND LAB ACTIVITIES COMPLETED BY STUDENTS.PREPARE LECTURES, TESTS, QUIZZES, AND ENGAGED LEARNING LABORATORY EXPERIENCES PERTINENT TO THE CURRICULUM.GRADE ALL ASSIGNED WORK WITHIN SEVEN CALENDAR DAYS. KEEP STUDENTS INFORMED VIA FEEDBACK ON THEIR PROGRESS.ABILITY TO ORGANIZE AND PRESENT LOGICAL COURSE MATERIAL IN A TIMELY MANNER USING EFFECTIVE COMMUNICATION SKILLS; PREPARE AND PROVIDE THIS INFORMATION FOR VARIOUS CLASSROOM FORMATS, INCLUDING ONLINE LEARNING MANAGEMENT SYSTEMS (LMS).ACTIVELY RESEARCH CLASSROOM MATERIAL FOR LECTURES/LESSONS. MAINTAIN QUALITY RESOURCES IN BOOKS, PEOPLE, COMPUTER INFORMATION TECHNOLOGY ASSOCIATIONS, AND/OR THE INTERNET.CONDUCTS CLASSROOM INSTRUCTION FOR THE ENTIRE TIME AS DESCRIBED BY THE COURSE DESCRIPTIONS FOR ALL ASSIGNED PROGRAM COURSES.ABILITY TO LECTURE/INSTRUCT FOR TWO (2) HOURS.PARTICIPATE, DEVELOP, AND IMPLEMENT COLLEGE RECRUITING ACTIVITIES TO ATTRACT STUDENTS TO A CAREER IN COMPUTER INFORMATION TECHNOLOGY.PARTICIPATE AS A COOPERATIVE TEAM MEMBER OF THE COMPUTER INFORMATION TECHNOLOGY FACULTY TO STRENGTHEN THE PROGRAM, RESPOND TO INDUSTRY NEEDS TO PREPARE STUDENT WORKERS, AND HELP STUDENTS DEVELOP POSITIVE WORK ETHICS FOR SUCCESSFUL EMPLOYMENT.ABILITY TO LIFT AND CARRY UP TO (50) FIFTY POUNDS FOR SHORT DISTANCES, AND MOVE TABLES, CHAIRS, AND MEDIA EQUIPMENT.ABILITY TO COMMUNICATE EFFECTIVELY BOTH IN WRITING, IN PERSON, AND ON THE PHONE.ABILITY TO USE BASIC COMPUTER SKILLS.THE INDIVIDUAL MUST POSSESS THE ABOVE SKILLS AND ABILITIES OR BE ABLE TO EXPLAIN AND DEMONSTRATE THAT THE INDIVIDUAL CAN PERFORM THE ESSENTIAL FUNCTIONS OF THE JOB, WITH OR WITHOUT REASONABLE ACCOMMODATION, USING SOME OTHER COMBINATION OF SKILLS AND ABILITIES.
MINIMUM QUALIFICATIONS:ASSOCIATE OF APPLIED SCIENCE DEGREE IN COMPUTER INFORMATION TECHNOLOGY AND/OR BACHELOR’S DEGREE IN ANY FIELDTESTED* EXPERIENCE AS DEFINED BY THE PROGRAM IN COMPUTER INFORMATION TECHNOLOGY*THE EXAMINATION WILL INCLUDE KNOWLEDGE AND/OR PHYSICAL DEMONSTRATION OF COMPETENCIES RELATED TO COMPUTER HARDWARE FUNCTIONS AND TERMINOLOGY, WINDOWS AND LINUX OPERATING SYSTEM FILE MANAGEMENT COMMANDS, PROGRAMMING LOGIC, AND FOUNDATIONAL NETWORK CONCEPTS. RELEVANT INDUSTRY-RECOGNIZED CERTIFICATES COULD REPLACE THE NEED FOR THE EXAMINATION PROCESS.
RELEVANT CERTIFICATIONS THAT MAY SUBSTITUTE FOR TESTED EXPERIENCE WOULD INCLUDE BUT ARE NOT LIMITED TO TESTOUT PC PRO OR COMPTIA A+ CERTIFICATIONS, MCSA: WINDOWS SERVER 2016 EXAMS 70-740 OR 70-742 EXAMS, COMP TIA SECURITY + OR SECURITY PRO CERTIFICATIONS, OR LPIC-2 LINUX PROFESSIONAL INSTITUTE CERTIFICATION.","Job title: Instructor, Computer Information Technology Category: INFORMATION-TECHNOLOGY Skills: it fundamentals, programming logic, networking concepts, computer hardware functions, comptia a+ certification, adaptability, conflict resolution, mentoring, engagement, professional development, student support, windows command prompt, linux command line, powershell, audio-visual equipment operation, learning management systems lms, curriculum development, mcsa windows server 2016, comptia security+ certification, lpic-2 linux professional institute certification, diversity awareness Description: UNDER THE GENERAL DIRECTION AND SUPERVISION OF THE ASSOCIATE DEAN AND DEAN, THE INSTRUCTOR, COMPUTER INFORMATION TECHNOLOGY CULTIVATES LEARNERS IN A DYNAMIC AND FAST-PACED INDUSTRY. THE INSTRUCTOR IS RESPONSIBLE FOR KEEPING UP-TO-DATE WITH THE CURRENT INDUSTRY AND DEVELOPING/UPDATING COURSES FOR DIFFERENT DELIVERY FORMATS (CLASSROOM, HYBRID, SYNCHRONOUS ONLINE, AND ASYNCHRONOUS ONLINE). THIS IS A FULL-TIME REGULAR POSITION. COURSES ARE FOCUSED ON BUT ARE NOT LIMITED TO WINDOWS COMMAND PROMPT, LINUX COMMAND LINE, BASIC POWERSHELL, IT FUNDAMENTALS, PROGRAMMING LOGIC, AND NETWORKING CONCEPTS. SOUTHEAST COMMUNITY COLLEGE OFFERS COMPETITIVE COMPENSATION AND A ROBUST BENEFITS PACKAGE, INCLUDING, BUT NOT LIMITED TO: MEDICAL/DENTAL INSURANCE, 403(B) RETIREMENT WITH COLLEGE MATCHING CONTRIBUTION, VISION INSURANCE, FLEXIBLE SPENDING ACCOUNT, AND TUITION REIMBURSEMENT. SOUTHEAST COMMUNITY COLLEGE ALSO OFFERS EXTENSIVE LEAVE PLANS. IN ADDITION, SOUTHEAST COMMUNITY COLLEGE MAKES AVAILABLE TO ALL FULL-TIME EMPLOYEES THE USE OF “BEN DOLLARS” (CASH-IN-LIEU POTENTIAL FOR CERTAIN COVERAGE LEVELS) TO COVER MEDICAL AND DENTAL PREMIUMS. ESSENTIAL FUNCTIONSPROVIDE STUDENT INSTRUCTION IN ASSIGNED PROGRAM COURSESCONSTRUCT RELATIONSHIPS WITH DIVERSE LEARNERS;DEVELOP AND DELIVER ENGAGING LESSONS IN ASSIGNED PROGRAM COURSES;BUILD CURRICULUM: LESSON PLANS, ASSIGNMENTS, TESTS (SUBJECT TO PROGRAM APPROVAL);DEVELOPING COURSES IS A SHARED RESPONSIBILITY BASED ON THE DEAN, ASSOCIATE DEAN, AND PROGRAM DIRECTOR(S) AFTER CONSIDERATION OF THE INDUSTRY LEADER’S FEEDBACK.OPERATE ALL APPROPRIATE AUDIO-VISUAL AND MULTIMEDIA EQUIPMENT AND SOFTWARE. CREATE AND DEVELOP TEACHING AIDS AND SUPPLEMENTSCREATE VISUAL COMMUNICATIONS PRESENTATIONS.ENHANCE ENGAGED LEARNING THROUGH THE COLLEGE’S CURRENT VISUAL/AUDIO EQUIPMENT AND PROGRAM APPLICATIONS.KEEP UP TO DATE WITH CURRENT TRENDS THAT REFLECT METHODS USED IN THE COMPUTER INFORMATION TECHNOLOGY INDUSTRY. DEVELOP NEW COURSES AND UPDATE EXISTING COURSESCOLLABORATE WITH OTHERS AND ADD, DEVELOP, AND/OR IMPLEMENT CHANGES IN CURRENT COURSES TO KEEP THE COMPUTER INFORMATION TECHNOLOGY PROGRAM CURRENT.DEVELOP COURSES THAT INCLUDE WRITING COURSE OBJECTIVES, SYLLABI, HANDOUTS, AND TESTS, AND RESEARCHING TEXTBOOKS AND ONLINE RESOURCES AND DATA FOR COURSE USE. MAINTAIN AND UPGRADE COMPUTER INFORMATION TECHNOLOGY EQUIPMENTENSURE CLASSROOMS, COMPUTER LAB(S) AND ONLINE EQUIPMENT ARE SUITABLE FOR ENGAGED LEARNING AND ARE IN WORKING ORDER FOR STUDENT USE. COMPLETE AND MAINTAIN PROGRAM AND STUDENTS RECORDSFOLLOW STATE AND FEDERAL GUIDELINES FOR STUDENT RECORDS.MAINTAIN PERMANENT STUDENT RECORDS: GRADE BOOKS, ATTENDANCE, AND STUDENT ACHIEVEMENT FOR ALL COURSES TAUGHT.USE AND PROMOTE THE ONLINE INSTRUCTIONAL LEARNING MANAGEMENT SOFTWARE (LMS), SELF-SERVICE, OFFICE 365, AND THE HUB.PROVIDE RECOMMENDATIONS FOR CAPITAL EQUIPMENT PURCHASES OF INSTRUCTIONAL SUPPLIES AND E","[""it fundamentals"", ""programming logic"", ""networking concepts"", ""computer hardware functions"", ""comptia a+ certification"", ""adaptability"", ""conflict resolution"", ""mentoring"", ""engagement"", ""professional development"", ""student support"", ""windows command prompt"", ""linux command line"", ""powershell"", ""audio-visual equipment operation"", ""learning management systems lms"", ""curriculum development"", ""mcsa windows server 2016"", ""comptia security+ certification"", ""lpic-2 linux professional institute certification"", ""diversity awareness""]","[""it fundamentals"", ""programming logic"", ""networking concepts"", ""computer hardware functions"", ""comptia a+ certification"", ""adaptability"", ""conflict resolution"", ""mentoring"", ""engagement"", ""professional development"", ""student support"", ""windows command prompt"", ""linux command line"", ""powershell"", ""audio-visual equipment operation"", ""learning management systems lms"", ""curriculum development"", ""mcsa windows server 2016"", ""comptia security+ certification"", ""lpic-2 linux professional institute certification"", ""diversity awareness""]","UNDER THE GENERAL DIRECTION AND SUPERVISION OF THE ASSOCIATE DEAN AND DEAN, THE INSTRUCTOR, COMPUTER INFORMATION TECHNOLOGY CULTIVATES LEARNERS IN A DYNAMIC AND FAST-PACED INDUSTRY. THE INSTRUCTOR IS RESPONSIBLE FOR KEEPING UP-TO-DATE WITH THE CURRENT INDUSTRY AND DEVELOPING/UPDATING COURSES FOR DIFFERENT DELIVERY FORMATS (CLASSROOM, HYBRID, SYNCHRONOUS ONLINE, AND ASYNCHRONOUS ONLINE). THIS IS A FULL-TIME REGULAR POSITION.
COURSES ARE FOCUSED ON BUT ARE NOT LIMITED TO WINDOWS COMMAND PROMPT, LINUX COMMAND LINE, BASIC POWERSHELL, IT FUNDAMENTALS, PROGRAMMING LOGIC, AND NETWORKING CONCEPTS. 
SOUTHEAST COMMUNITY COLLEGE OFFERS COMPETITIVE COMPENSATION AND A ROBUST BENEFITS PACKAGE, INCLUDING, BUT NOT LIMITED TO: MEDICAL/DENTAL INSURANCE, 403(B) RETIREMENT WITH COLLEGE MATCHING CONTRIBUTION, VISION INSURANCE, FLEXIBLE SPENDING ACCOUNT, AND TUITION REIMBURSEMENT. SOUTHEAST COMMUNITY COLLEGE ALSO OFFERS EXTENSIVE LEAVE PLANS. IN ADDITION, SOUTHEAST COMMUNITY COLLEGE MAKES AVAILABLE TO ALL FULL-TIME EMPLOYEES THE USE OF “BEN DOLLARS” (CASH-IN-LIEU POTENTIAL FOR CERTAIN COVERAGE LEVELS) TO COVER MEDICAL AND DENTAL PREMIUMS.
ESSENTIAL FUNCTIONSPROVIDE STUDENT INSTRUCTION IN ASSIGNED PROGRAM COURSESCONSTRUCT RELATIONSHIPS WITH DIVERSE LEARNERS;DEVELOP AND DELIVER ENGAGING LESSONS IN ASSIGNED PROGRAM COURSES;BUILD CURRICULUM: LESSON PLANS, ASSIGNMENTS, TESTS (SUBJECT TO PROGRAM APPROVAL);DEVELOPING COURSES IS A SHARED RESPONSIBILITY BASED ON THE DEAN, ASSOCIATE DEAN, AND PROGRAM DIRECTOR(S) AFTER CONSIDERATION OF THE INDUSTRY LEADER’S FEEDBACK.OPERATE ALL APPROPRIATE AUDIO-VISUAL AND MULTIMEDIA EQUIPMENT AND SOFTWARE.
CREATE AND DEVELOP TEACHING AIDS AND SUPPLEMENTSCREATE VISUAL COMMUNICATIONS PRESENTATIONS.ENHANCE ENGAGED LEARNING THROUGH THE COLLEGE’S CURRENT VISUAL/AUDIO EQUIPMENT AND PROGRAM APPLICATIONS.KEEP UP TO DATE WITH CURRENT TRENDS THAT REFLECT METHODS USED IN THE COMPUTER INFORMATION TECHNOLOGY INDUSTRY.
DEVELOP NEW COURSES AND UPDATE EXISTING COURSESCOLLABORATE WITH OTHERS AND ADD, DEVELOP, AND/OR IMPLEMENT CHANGES IN CURRENT COURSES TO KEEP THE COMPUTER INFORMATION TECHNOLOGY PROGRAM CURRENT.DEVELOP COURSES THAT INCLUDE WRITING COURSE OBJECTIVES, SYLLABI, HANDOUTS, AND TESTS, AND RESEARCHING TEXTBOOKS AND ONLINE RESOURCES AND DATA FOR COURSE USE. MAINTAIN AND UPGRADE COMPUTER INFORMATION TECHNOLOGY EQUIPMENTENSURE CLASSROOMS, COMPUTER LAB(S) AND ONLINE EQUIPMENT ARE SUITABLE FOR ENGAGED LEARNING AND ARE IN WORKING ORDER FOR STUDENT USE.
COMPLETE AND MAINTAIN PROGRAM AND STUDENTS RECORDSFOLLOW STATE AND FEDERAL GUIDELINES FOR STUDENT RECORDS.MAINTAIN PERMANENT STUDENT RECORDS: GRADE BOOKS, ATTENDANCE, AND STUDENT ACHIEVEMENT FOR ALL COURSES TAUGHT.USE AND PROMOTE THE ONLINE INSTRUCTIONAL LEARNING MANAGEMENT SOFTWARE (LMS), SELF-SERVICE, OFFICE 365, AND THE HUB.PROVIDE RECOMMENDATIONS FOR CAPITAL EQUIPMENT PURCHASES OF INSTRUCTIONAL SUPPLIES AND EQUIPMENT.
MAINTAIN TECHNICAL COMPETENCY IN THE TEACHING AREAATTEND SEMINARS, PROFESSIONAL ASSOCIATION MEETINGS, CONFERENCES, EDUCATIONAL WORKSHOPS, OR OTHER RELATED TRAINING SESSIONS TO STAY TECHNICALLY COMPETENT.PARTICIPATE IN COLLEGE ACTIVITIES RELATED TO PROFESSIONAL DEVELOPMENT, DIVERSITY, AND SAFETY.PARTICIPATE IN AREA CAMPUS-BASED PROGRAM ACTIVITIES AND TEAMSACTIVELY ENGAGE IN, AND SUPPORT PROGRAM ACTIVITIES (ADVISORY TEAM MEETINGS, OPEN HOUSE, DIVISION MEETINGS, ETC.) AND COLLEGE ACTIVITIES AND TEAMS AS REQUESTED.
ACT AS A PROGRAM ADVISOR FOR STUDENTS IN THE COMPUTER INFORMATION TECHNOLOGY PROGRAM.MENTOR, SUPPORT, AND ADVISE STUDENTS ON ACADEMIC STANDING, PROGRESS, AND THE ACADEMIC MAP DEMONSTRATING COURSES NEEDED FOR GRADUATION;EXPLAIN COLLEGE POLICIES AND PROCEDURES TO STUDENTS TO COMPLETE ALL RECORDS AND FORMS ETC., AS NEEDED FOR ARTICULATION AND PROGRAM OPERATION.
INDIVIDUAL DEVELOPMENT PLANDEVELOP AN INDIVIDUALIZED DEVELOPMENT PLAN IN COOPERATION WITH THE ASSOCIATE DEAN AND AS DEFINED AND SUPPORTED ON THE PROFESSIONAL DEVELOPMENT WEBSITE.
PROFESSIONAL DEVELOPMENTFACULTY MUST COMPILE (3) DIFFERENT PROFESSIONAL DEVELOPMENT ACTIVITIES DURING THE YEAR AS DEFINED AND SUPPORTED ON THE PROFESSIONAL DEVELOPMENT WEBSITE.
ANNUAL SAFETY TRAININGFACULTY MUST COMPLETE ALL ANNUAL SAFETY TRAINING AS REQUIRED BY THE COLLEGE.PERFORM OTHER CAMPUS AND PROGRAM DUTIES AS ASSIGNED INCLUDING, BUT NOT LIMITED TO: SUBSTITUTE TEACH AS REQUIRED, BUDGET DEVELOPMENT, ADVISE CO-PROGRAM DIRECTORS AS REQUESTED, SUPPORT AND PROMOTE THE COLLEGE, THE CAMPUS, AND THE COMPUTER INFORMATION TECHNOLOGY PROGRAM, SUPPORT STUDENT RECRUITMENT, ASSIST IN THE SECURITY OF ALL COLLEGE AND PROGRAM FACILITIES, INSTRUMENTS, TOOLS, MATERIALS, AND EQUIPMENT, AND ASSIST IN SUPERVISING STUDENT HELP.PARTICIPATION IN DETERMINING AND UPDATING THE STRATEGIC PLAN AND COMPLETION OF THE ANNUAL ASSESSMENT PROCESS.TEACH EVENING CONTINUING EDUCATION OR OFF-CAMPUS COMPUTER INFORMATION TECHNOLOGY CLASSES OR CUSTOMIZED TRAINING CLASSES.
MARGINAL FUNCTIONSSERVE AS PROGRAM ADVISOR FOR THE COMPUTER INFORMATION TECHNOLOGY PROGRAM, PROVIDE INSTRUCTIONAL ASSISTANCE TO OTHER COLLEGE DIVISIONS AND PROGRAMS AS REQUESTED, ENSURE QUALITY EDUCATION FOR STUDENTS, AND THAT COLLEGE POLICIES AND PROCEDURES ARE FOLLOWED.TEACH EVENING CONTINUING EDUCATION OR OFF-CAMPUS COMPUTER INFORMATION TECHNOLOGY CLASSES OR CUSTOMIZED TRAINING CLASSES.PERFORM OTHER RELATED DUTIES WITHIN THE DIVISION/PROGRAM AS ASSIGNED.MAY BE REQUIRED TO PERFORM ASSOCIATED DUTIES, FUNCTIONS, OR ASSIGNMENTS IN OTHER DIVISIONS/PROGRAMS/AREAS AS REQUIRED.PERFORM OTHER COLLEGE FUNCTIONS AND DUTIES AS ASSIGNED.MUST BE ABLE TO WORK VARIED DAYS, HOURS, SHIFTS, LOCATIONS, AND CAMPUSES AS REQUIRED. WORK SCHEDULES (HOURS/DAYS/WORK LOCATION) ARE SCHEDULED BY SOUTHEAST COMMUNITY COLLEGE BASED ON THE NEEDS OF THE COLLEGE. WORK HOURS, SHIFTS, DAYS, AND WORK LOCATIONS MAY VARY DEPENDING ON THE NEEDS OF SOUTHEAST COMMUNITY COLLEGE AND ARE SUBJECT TO MODIFICATION. EMERGENCY OR SCHEDULED SPECIAL ACTIVITIES MAY REQUIRE HOURS OUTSIDE OF THE REGULAR WORKWEEK.REQUIRED KNOWLEDGE, SKILLS, AND ABILITIESPOSSESS SPECIFIC KNOWLEDGE AND EXPERIENCE IN THE COMPUTER INFORMATION TECHNOLOGY FIELD. THIS WILL INCLUDE THE FOLLOWING, FOCUSING ON, BUT NOT LIMITED TO, WINDOWS COMMAND PROMPT, LINUX COMMAND LINE, POWERSHELL, IT FUNDAMENTALS, PROGRAMMING LOGIC, AND NETWORKING CONCEPTS.ABILITY TO MAINTAIN CLASSROOM AND COMPUTER LAB ENVIRONMENTS CONDUCIVE TO LEARNING, INCLUDING CLASSROOM MANAGEMENT AND CONFLICT RESOLUTION.POSSESS POSITIVE AND COOPERATIVE INTERACTION WITH COLLEAGUES, STAFF, STUDENTS, AND SUPERVISORS.DEMONSTRATE EFFECTIVE ORAL AND WRITTEN COMMUNICATION RELEVANT TO TEACHING DIVERSE STUDENTS.DEVISE AND UTILIZE APPROPRIATE EVALUATION METHODS FOR THE CLASSROOM, LABORATORY, INTERNET, AND/OR DISTANCE LEARNING USE THAT SIMULATE REAL BUSINESS AND INDUSTRY PROCESSES.OBJECTIVELY EVALUATE ASSIGNMENTS AND LAB ACTIVITIES COMPLETED BY STUDENTS.PREPARE LECTURES, TESTS, QUIZZES, AND ENGAGED LEARNING LABORATORY EXPERIENCES PERTINENT TO THE CURRICULUM.GRADE ALL ASSIGNED WORK WITHIN SEVEN CALENDAR DAYS. KEEP STUDENTS INFORMED VIA FEEDBACK ON THEIR PROGRESS.ABILITY TO ORGANIZE AND PRESENT LOGICAL COURSE MATERIAL IN A TIMELY MANNER USING EFFECTIVE COMMUNICATION SKILLS; PREPARE AND PROVIDE THIS INFORMATION FOR VARIOUS CLASSROOM FORMATS, INCLUDING ONLINE LEARNING MANAGEMENT SYSTEMS (LMS).ACTIVELY RESEARCH CLASSROOM MATERIAL FOR LECTURES/LESSONS. MAINTAIN QUALITY RESOURCES IN BOOKS, PEOPLE, COMPUTER INFORMATION TECHNOLOGY ASSOCIATIONS, AND/OR THE INTERNET.CONDUCTS CLASSROOM INSTRUCTION FOR THE ENTIRE TIME AS DESCRIBED BY THE COURSE DESCRIPTIONS FOR ALL ASSIGNED PROGRAM COURSES.ABILITY TO LECTURE/INSTRUCT FOR TWO (2) HOURS.PARTICIPATE, DEVELOP, AND IMPLEMENT COLLEGE RECRUITING ACTIVITIES TO ATTRACT STUDENTS TO A CAREER IN COMPUTER INFORMATION TECHNOLOGY.PARTICIPATE AS A COOPERATIVE TEAM MEMBER OF THE COMPUTER INFORMATION TECHNOLOGY FACULTY TO STRENGTHEN THE PROGRAM, RESPOND TO INDUSTRY NEEDS TO PREPARE STUDENT WORKERS, AND HELP STUDENTS DEVELOP POSITIVE WORK ETHICS FOR SUCCESSFUL EMPLOYMENT.ABILITY TO LIFT AND CARRY UP TO (50) FIFTY POUNDS FOR SHORT DISTANCES, AND MOVE TABLES, CHAIRS, AND MEDIA EQUIPMENT.ABILITY TO COMMUNICATE EFFECTIVELY BOTH IN WRITING, IN PERSON, AND ON THE PHONE.ABILITY TO USE BASIC COMPUTER SKILLS.THE INDIVIDUAL MUST POSSESS THE ABOVE SKILLS AND ABILITIES OR BE ABLE TO EXPLAIN AND DEMONSTRATE THAT THE INDIVIDUAL CAN PERFORM THE ESSENTIAL FUNCTIONS OF THE JOB, WITH OR WITHOUT REASONABLE ACCOMMODATION, USING SOME OTHER COMBINATION OF SKILLS AND ABILITIES.
MINIMUM QUALIFICATIONS:ASSOCIATE OF APPLIED SCIENCE DEGREE IN COMPUTER INFORMATION TECHNOLOGY AND/OR BACHELOR’S DEGREE IN ANY FIELDTESTED* EXPERIENCE AS DEFINED BY THE PROGRAM IN COMPUTER INFORMATION TECHNOLOGY*THE EXAMINATION WILL INCLUDE KNOWLEDGE AND/OR PHYSICAL DEMONSTRATION OF COMPETENCIES RELATED TO COMPUTER HARDWARE FUNCTIONS AND TERMINOLOGY, WINDOWS AND LINUX OPERATING SYSTEM FILE MANAGEMENT COMMANDS, PROGRAMMING LOGIC, AND FOUNDATIONAL NETWORK CONCEPTS. RELEVANT INDUSTRY-RECOGNIZED CERTIFICATES COULD REPLACE THE NEED FOR THE EXAMINATION PROCESS.
RELEVANT CERTIFICATIONS THAT MAY SUBSTITUTE FOR TESTED EXPERIENCE WOULD INCLUDE BUT ARE NOT LIMITED TO TESTOUT PC PRO OR COMPTIA A+ CERTIFICATIONS, MCSA: WINDOWS SERVER 2016 EXAMS 70-740 OR 70-742 EXAMS, COMP TIA SECURITY + OR SECURITY PRO CERTIFICATIONS, OR LPIC-2 LINUX PROFESSIONAL INSTITUTE CERTIFICATION.",3.0,"[0.03937619924545288, -0.03072243556380272, -0.019635548815131187, -0.008334847167134285, -0.02296868897974491, 0.05945207178592682, -0.006009845063090324, -0.028090819716453552, -0.01462713535875082, -0.0443483404815197, 0.05154912546277046, -0.004847558215260506, 0.02408270724117756, 0.04133063554763794, -0.006978264544159174, -0.026698967441916466, 0.0027493895031511784, 0.050749316811561584, -0.048921551555395126, 0.016195133328437805, -0.009495015256106853, 0.04106900468468666, -0.057266414165496826, 0.006293343845754862, -0.005313401110470295, -0.05912965163588524, 0.010118587873876095, 0.04856851324439049, 0.038262177258729935, 0.020293502137064934, 0.08163542300462723, -0.025950487703084946, -0.005230526439845562, -0.04283570870757103, 2.75441584562941e-06, -0.02371872402727604, -0.00868107471615076, 0.025722023099660873, -0.07647718489170074, 0.03217581659555435, 2.0930983737343922e-06, 0.05901486054062843, -0.01013114769011736, 0.032681193202733994, -0.005070068407803774, 0.06275099515914917, -0.005534830037504435, -0.003329961560666561, -0.0037932635750621557, -0.030571160838007927, -0.020106084644794464, -0.05983169004321098, -0.12468035519123077, -0.017365101724863052, -0.041179489344358444, 0.02350647933781147, 0.008784256875514984, -0.02292615734040737, 0.03822574019432068, -0.017265284433960915, -0.010157677344977856, -0.06301704049110413, -0.011124720796942711, -0.023495027795433998, 0.06428009271621704, 0.06288018077611923, 0.033561479300260544, 0.029028525575995445, 0.0037715884391218424, -0.0400114580988884, 0.020690159872174263, 0.023987114429473877, 0.04240025579929352, 0.04714880883693695, -0.006185490172356367, -0.02061682939529419, -0.01958382874727249, 0.015613661147654057, -0.028782986104488373, -0.012854127213358879, -0.01979888044297695, 0.04501710087060928, -0.06094123050570488, 0.015325244516134262, 0.07888811826705933, -0.007288344204425812, -0.011417566798627377, -0.034928131848573685, 0.0166150014847517, 0.04813914746046066, 0.005974750034511089, -0.024550970643758774, 0.029618700966238976, 0.06672170013189316, -0.011523858644068241, -0.004606934729963541, -0.008206085301935673, 0.003217491554096341, 0.009005521424114704, 0.03284400701522827, -0.027293037623167038, 0.014697727747261524, 0.017205361276865005, 0.062145914882421494, 0.005011326167732477, 0.010012046433985233, 0.011373150162398815, 0.026030519977211952, -0.0263101477175951, 0.09498724341392517, -0.00516385305672884, 0.027318531647324562, -0.004741772077977657, 0.03300684317946434, 0.04712958633899689, 0.014580232091248035, -0.019466377794742584, 0.016793429851531982, -0.015570065937936306, 0.10711211711168289, 0.016831273213028908, -0.00730837183073163, -0.00639627268537879, 0.05171659588813782, -0.00538655836135149, -0.003987813368439674, 0.0180659182369709, -0.007644385099411011, 0.0024175732396543026, 0.025574659928679466, 0.010232370346784592, 0.011380983516573906, 0.005737718194723129, 0.029741458594799042, 0.013371177949011326, 0.011549565941095352, -0.00815900880843401, 0.0359877310693264, -0.05718532204627991, -0.043455932289361954, -0.0280035138130188, 0.018711205571889877, -0.04588430002331734, 0.011095097288489342, -0.026567572727799416, -0.006839867681264877, -0.03647017478942871, 0.051971305161714554, 0.01657429151237011, 0.025789033621549606, 0.01994140073657036, 0.01680011674761772, 0.06061071529984474, -0.013223596848547459, 0.13229338824748993, 0.031682807952165604, 0.01442593801766634, -0.035609517246484756, -0.03503795713186264, 0.06803600490093231, 0.009744442999362946, -0.030913282185792923, -0.045557040721178055, 0.05765238031744957, -0.01733955182135105, 0.014985759742558002, 0.004609982017427683, 0.02102186344563961, 0.01796085014939308, 0.0017802289221435785, -0.029869237914681435, 0.01999676041305065, -0.01761583983898163, 0.04985829442739487, -0.022241903468966484, 0.032255519181489944, -0.004338973201811314, -0.0356789156794548, 0.020981838926672935, 0.03963348641991615, -0.0006485843332484365, -0.1068148985505104, 0.03234037756919861, -0.027654176577925682, -0.004780761897563934, -0.0046199653297662735, -0.01684749871492386, 0.02950279973447323, -0.0392640195786953, -0.020636631175875664, -0.012948780320584774, -0.03965843841433525, -0.030296675860881805, 0.02033662609755993, 0.015551312826573849, -0.04332681745290756, -0.044458307325839996, -0.00013488632976077497, 0.020309675484895706, -0.0379348024725914, 0.04428208991885185, -0.05473688989877701, 0.019596239551901817, 0.14316801726818085, 0.005646565929055214, -0.034077249467372894, 0.003350086510181427, -0.043065402656793594, 0.03674960881471634, 0.03521693870425224, 0.05539438873529434, 0.018977178260684013, -0.00769939785823226, 0.0014606744516640902, 0.024171456694602966, 0.02064361609518528, 0.03570476174354553, 0.04479491710662842, 0.013864400796592236, 0.004486782941967249, 0.005174701567739248, 0.061032600700855255, -0.05032569169998169, 0.0015674360329285264, -0.001454379060305655, -0.08829162269830704, -0.007700695656239986, 0.04035544395446777, -0.043819669634103775, 0.015318924561142921, 0.012405299581587315, -0.009886177256703377, -0.017098670825362206, -0.012145654298365116, -0.0031405407935380936, -0.04190615192055702, -0.021037206053733826, 0.02264978177845478, 0.027493877336382866, -0.012161063961684704, -0.03683779016137123, -0.017812252044677734, 0.022060411050915718, -0.021265987306833267, 0.09277217090129852, -0.03643292188644409, -0.014789347536861897, 0.05316069349646568, 0.03397087752819061, -0.0070503405295312405, 0.009225226007401943, 0.010837878100574017, -0.03477631136775017, 0.05405102297663689, 0.005872953683137894, 0.04735540598630905, -0.016409803181886673, 0.028307998552918434, -0.05516929551959038, -0.019676579162478447, -0.03204245865345001, -0.07117749005556107, -0.05129120498895645, -0.014551570639014244, 0.02388201840221882, -0.01510439720004797, -0.002473593456670642, 0.023591864854097366, -0.015620420686900616, -0.010699433274567127, -0.023700041696429253, 0.028551168739795685, -0.04494193196296692, -0.009524927474558353, -0.01991104893386364, -0.030420133844017982, -0.019878242164850235, -0.020565835759043694, -0.03082919493317604, 0.01703548990190029, 0.003071508603170514, -0.006219279021024704, -0.04049041122198105, -0.017335431650280952, 0.0033583370968699455, 0.008299045264720917, 0.0666920393705368, -0.07353563606739044, -0.04130605608224869, 0.07141335308551788, 0.04616563394665718, 0.004262606613337994, -0.02086152695119381, -0.004372956696897745, -0.04496433213353157, -0.04265965148806572, -0.03807120397686958, 0.03822049871087074, -0.04009232670068741, 0.050294164568185806, -0.02103150263428688, -0.014767717570066452, 0.011927521787583828, -0.008902271278202534, 0.020038753747940063, 0.01226523146033287, 0.035546187311410904, 0.006621573120355606, -0.045144036412239075, -0.0037718121893703938, 0.013412662781774998, 0.007331519387662411, 0.03747372701764107, -0.06685430556535721, -0.040923744440078735, 0.017827529460191727, -0.02920839563012123, -0.07729572802782059, 0.010291732847690582, -0.03411748632788658, -0.0022748771589249372, 0.02705874666571617, -0.0017473637126386166, -0.030198100954294205, -0.004901431035250425, -0.018427332863211632, -0.11464934051036835, -0.03421163931488991, 0.018214328214526176, -0.046404819935560226, -0.006534413900226355, -0.04688813537359238, -0.059422530233860016, 0.008499283343553543, 0.01730942912399769, 0.00876288115978241, -0.03762926906347275, -0.01638319529592991, -0.034696903079748154, -0.00484698498621583, -0.06335548311471939, 0.02403106354176998, -0.03997763991355896, 0.06888512521982193, 0.026158833876252174, -0.039635635912418365, 0.06246161460876465, 0.021473126485943794, 0.007618865463882685, -0.03727562725543976, 0.03336554765701294, 0.07017935067415237, -0.010249536484479904, -0.018912069499492645, 0.004186701029539108, -0.051942285150289536, -0.01831142045557499, 0.021562878042459488, -0.06217517703771591, -0.007404792588204145, 0.010137751698493958, 0.01238182745873928, 0.05551977828145027, -0.05144975334405899, -0.0006958006997592747, -0.00010734589159255847, 0.07114491611719131, -0.037848711013793945, 0.043819863349199295, 0.0331784151494503, -0.008457975462079048, 0.0053037116304039955, -0.06108863279223442, 0.04754965379834175, -0.0014633663231506944, -0.05799064412713051, -0.016215389594435692, 0.0045539080165326595, -0.046601977199316025, -0.030399003997445107, 0.04203139618039131, -0.03637400269508362, 0.0507451668381691, -0.03723997622728348, 0.051591597497463226, -0.0012267869897186756, -0.01807630993425846, -0.032620612531900406, 0.03697611764073372, -0.002975419396534562, 0.006990383379161358, 0.008221922442317009, -0.05110181123018265, 0.0007050361018627882, -0.05427573621273041, 0.018241630867123604, 0.03463390842080116, -0.024338530376553535, -0.0037361790891736746, 0.01930828206241131, 0.04415132477879524, -0.02840268984436989, -0.0018197341123595834, 0.049697402864694595, 0.047378167510032654, -0.07149815559387207, 0.06965799629688263, -0.04432973265647888, -0.059977732598781586, -0.006499170325696468, -0.008003964088857174, -0.019081376492977142, -0.010287322103977203, 0.03400973230600357, -0.018457666039466858, -0.0586698092520237, 0.00973832979798317, 0.04316724091768265, 0.04798536375164986, -0.02881753444671631, 0.0251177828758955, 0.06911996752023697, 0.05577397719025612, -0.015984121710062027, 0.0428755022585392, -0.05356702208518982, 0.06155196949839592, 0.03823959082365036, -0.00017713755369186401, -0.036877021193504333, -0.052666958421468735, 0.03961683809757233, 0.0008422380196861923, 0.0007793873664923012, 0.023539915680885315, 0.04778365045785904, -0.01496342197060585, 0.004065181128680706, -0.0037623082753270864, 0.03992405906319618, 0.017728427425026894, 0.06843263655900955, 0.010205848142504692, -0.028178324922919273, -0.08156578987836838, 0.024608196690678596, 0.024852998554706573, -0.06822207570075989, -0.036152180284261703, -0.006569442804902792, 0.04911397397518158, 0.0029726100619882345, -0.012238061986863613, -0.11828382313251495, -0.011830724775791168, -0.050508834421634674, -0.048020653426647186, 0.028162021189928055, -0.022709619253873825, 0.030684608966112137, 0.01187678799033165, 0.020037071779370308, -0.05537697672843933, 0.04303440451622009, 0.02408100664615631, -0.0453447550535202, 0.05512991547584534, 0.013585345819592476, 0.02159263752400875, -0.010773899033665657, 0.039193812757730484, 0.019686957821249962, -0.017175262793898582, -0.04166609048843384, 0.02366260439157486, -0.0021139634773135185, -0.046582456678152084, 0.052381210029125214, -0.047603487968444824, 0.0033214299473911524, 0.05739019438624382, -0.023104634135961533, 0.004495645873248577, -0.033284567296504974, 0.000791082507930696, 0.021611288189888, -0.020536251366138458, -0.05013476312160492, 0.03421090543270111, -0.0520758181810379, 0.0541321337223053, -0.02262604609131813, -0.010518116876482964, -0.050502438098192215, 0.036643389612436295, -0.017111672088503838, 0.008200506679713726, 0.030655711889266968, -0.048731714487075806, -0.008340274915099144, -0.015169156715273857, -0.016419660300016403, -0.011768661439418793, -0.034326955676078796, 0.004766125697642565, -0.0043027158826589584, 0.010674135759472847, 0.06784997135400772, -0.004941951483488083, 0.08275385200977325, -0.010511497966945171, -0.019579056650400162, 0.02360917627811432, -0.010475357063114643, 0.022170472890138626, 0.027927586808800697, -0.05734841898083687, 0.003259049030020833, 0.006839678157120943, -0.04869990050792694, 0.031648896634578705, 0.005794069729745388, 0.02404511719942093, -0.023876307532191277, -0.056302063167095184, 0.02962823584675789, 0.022015130147337914, 0.004286148585379124, 0.03217500075697899, -0.0035998725797981024, -0.05164109170436859, 0.032329656183719635, -0.037693340331315994, 0.02163071371614933, -0.008601309731602669, 0.013403546996414661, -0.014360928907990456, 0.06249361112713814, 0.004737360868602991, 0.024988984689116478, -0.03292601928114891, 0.01101276557892561, 0.03015775978565216, -0.007647726684808731, 0.0003798646794166416, -0.010236633941531181, 0.004380802158266306, -0.019191015511751175, -0.019374774768948555, 0.014492851682007313, -0.013736843131482601, 0.04205774888396263, 0.012441331520676613, 0.010040966793894768, 0.00014329027908388525, -6.174583828753525e-33, -0.024512603878974915, -0.004214204382151365, 0.015873238444328308, 0.05264945328235626, 0.03234400600194931, 0.012331781908869743, 0.051606856286525726, 0.007225730922073126, -0.04302293434739113, -0.011080989614129066, 0.004686966072767973, 0.010300412774085999, 0.03545360639691353, 0.05651484802365303, -0.01546042412519455, 0.007032661233097315, -0.019138751551508904, 0.02709784545004368, 0.019259139895439148, -0.0024660835042595863, -0.04600561782717705, 0.009183923713862896, 0.06423210352659225, 0.0018572598928585649, 0.0384066142141819, -0.011406635865569115, -0.027883797883987427, -0.04039283096790314, 0.022032303735613823, -0.02687462978065014, -0.02232052944600582, 0.024052023887634277, -0.008933191187679768, -0.01903998665511608, 0.022245315834879875, 0.04074804484844208, -0.007285809610038996, -0.017472820356488228, -0.029728621244430542, 0.034781165421009064, -0.006089918781071901, -0.03786572068929672, 0.0175186637789011, 0.020754555240273476, 0.0012474004179239273, -0.031133124604821205, 0.019205573946237564, 0.03195861354470253, 0.031230410560965538, 0.02492224983870983, -0.051485802978277206, -0.0028121727518737316, -0.05321289971470833, 0.012657278217375278, -0.06581677496433258, 0.0022490117698907852, -0.02156676910817623, 0.008589268662035465, -0.01749497465789318, 0.03769030049443245, 0.008786427788436413, 0.020910125225782394, -0.0032050106674432755, -0.01703163981437683, -0.045433200895786285, 0.0025510999839752913, 0.016406215727329254, 0.06025896221399307, -0.044741176068782806, -0.055806539952754974, -0.025654904544353485, -0.0028666513971984386, -0.013788409531116486, 0.022750917822122574, 0.01028029527515173, -0.024493232369422913, -0.004720849450677633, -0.00710083544254303, 0.08592253923416138, -0.029990892857313156, -0.0746564194560051, -0.019986771047115326, -0.06322865188121796, -0.04025967791676521, 0.02113051898777485, 0.0013621288817375898, -0.0009104402270168066, 0.014871404506266117, 0.04078264534473419, -0.010889004915952682, -0.008755914866924286, 0.04869501665234566, -0.05676155537366867, -0.017086191102862358, 0.026399176567792892, -0.01910623349249363, 0.04955892264842987, -0.020916331559419632, -0.010208893567323685, 0.019123587757349014, -0.08424678444862366, 0.0003049756633117795, 0.016567964106798172, 0.004650395829230547, 0.016780583187937737, 0.003154282458126545, -0.01255862321704626, 0.05358113348484039, -0.0067762047983706, 0.026228005066514015, 5.745092857978307e-05, -0.01168467104434967, 0.032087452709674835, 0.008047184906899929, -0.017842821776866913, -0.02528695948421955, 0.006603010464459658, -0.004460992757230997, -0.00772929098457098, -0.07008451223373413, 0.004689578898251057, -0.08895920217037201, -0.004749948624521494, -0.024048184975981712, -0.02838103100657463, -0.0075285849161446095, -0.010920697823166847, 0.005338606890290976, -0.008716312237083912, -0.05893053114414215, 0.06140085309743881, -0.05106952786445618, 3.4056932918247185e-07, 0.015575481578707695, 0.04324318841099739, -0.012036214582622051, -0.04921089857816696, 0.039228394627571106, -0.0766802430152893, -0.004629132803529501, -0.020430628210306168, 0.014618349261581898, 0.03811933472752571, 0.05315940082073212, -0.014327787794172764, 0.02709343656897545, -0.04456135630607605, 0.034287016838788986, -0.09200990200042725, -0.053607676178216934, -0.06612633913755417, -0.01257561519742012, -0.021056586876511574, 0.11010649800300598, 0.0038891935255378485, 0.05380529910326004, -0.03888789191842079, -0.004137253854423761, -0.025947827845811844, -0.0504690557718277, 0.02349046990275383, 0.034319620579481125, -0.028376737609505653, 0.03908390924334526, 0.011736971326172352, 0.017026087269186974, 0.054537683725357056, -0.0312181506305933, -0.01711827889084816, 0.008653173223137856, 0.0989697203040123, -0.0017441199161112309, 0.06449860334396362, -0.007131608203053474, -0.05602240934967995, -0.020668745040893555, -0.005435006693005562, 0.010596105828881264, -0.019296729937195778, 0.03718549385666847, 0.0007988775032572448, -0.06986721605062485, -0.0440559908747673, -0.06700972467660904, 0.04751951992511749, 0.02074691653251648, -0.004626149777323008, 0.016642281785607338, -0.03682257980108261, -0.057455457746982574, 0.035660527646541595, 0.01779537834227085, 0.007766709662973881, -0.013095136731863022, -0.061257366091012955, 0.05891655385494232, 0.005608685780316591, 0.08799389004707336, 0.0036857391241937876, -0.0411246120929718, 3.5406571725326273e-34, -0.011850295588374138, -0.05591916665434837, 0.027821941301226616, -0.059587251394987106, -0.011460330337285995, 0.009510612115263939, -0.001275605638511479, 0.008124510757625103, 0.001099219429306686, 0.04446103423833847, -0.04691458120942116]",under the general direction and supervision of the associate dean and dean the instructor computer information technology cultivates learners in a dynamic and fast paced industry. the instructor is responsible for keeping up to date with the current industry and developing updating courses for different delivery formats classroom hybrid synchronous online and asynchronous online . this is a full time regular position. courses are focused on but are not limited to windows command prompt linux command line basic powershell it fundamentals programming logic and networking concepts. southeast community college offers competitive compensation and a robust benefits package including but not limited to medical dental insurance 403 b retirement with college matching contribution vision insurance flexible spending account and tuition reimbursement. southeast community college also offers extensive leave plans. in addition southeast community college makes available to all full time employees the use of ben dollars cash in lieu potential for certain coverage levels to cover medical and dental premiums. essential functionsprovide student instruction in assigned program coursesconstruct relationships with diverse learners develop and deliver engaging lessons in assigned program courses build curriculum lesson plans assignments tests subject to program approval developing courses is a shared responsibility based on the dean associate dean and program director s after consideration of the industry leader s feedback.operate all appropriate audio visual and multimedia equipment and software. create and develop teaching aids and supplementscreate visual communications presentations.enhance engaged learning through the college s current visual audio equipment and program applications.keep up to date with current trends that reflect methods used in the computer information technology industry. develop new courses and update existing coursescollaborate with others and add develop and or implement changes in current courses to keep the computer information technology program current.develop courses that include writing course objectives syllabi handouts and tests and researching textbooks and online resources and data for course use. maintain and upgrade computer information technology equipmentensure classrooms computer lab s and online equipment are suitable for engaged learning and are in working order for student use. complete and maintain program and students recordsfollow state and federal guidelines for student records.maintain permanent student records grade books attendance and student achievement for all courses taught.use and promote the online instructional learning management software lms self service office 365 and the hub.provide recommendations for capital equipment purchases of instructional supplies and equipment. maintain technical competency in the teaching areaattend seminars professional association meetings conferences educational workshops or other related training sessions to stay technically competent.participate in college activities related to professional development diversity and safety.participate in area campus based program activities and teamsactively engage in and support program activities advisory team meetings open house division meetings etc. and college activities and teams as requested. act as a program advisor for students in the computer information technology program.mentor support and advise students on academic standing progress and the academic map demonstrating courses needed for graduation explain college policies and procedures to students to complete all records and forms etc. as needed for articulation and program operation. individual development plandevelop an individualized development plan in cooperation with the associate dean and as defined and supported on the professional development website. professional developmentfaculty must compile 3 different professional development activities during the year as defined and supported on the professional development website. annual safety trainingfaculty must complete all annual safety training as required by the college.perform other campus and program duties as assigned including but not limited to substitute teach as required budget development advise co program directors as requested support and promote the college the campus and the computer information technology program support student recruitment assist in the security of all college and program facilities instruments tools materials and equipment and assist in supervising student help.participation in determining and updating the strategic plan and completion of the annual assessment process.teach evening continuing education or off campus computer information technology classes or customized training classes. marginal functionsserve as program advisor for the computer information technology program provide instructional assistance to other college divisions and programs as requested ensure quality education for students and that college policies and procedures are followed.teach evening continuing education or off campus computer information technology classes or customized training classes.perform other related duties within the division program as assigned.may be required to perform associated duties functions or assignments in other divisions programs areas as required.perform other college functions and duties as assigned.must be able to work varied days hours shifts locations and campuses as required. work schedules hours days work location are scheduled by southeast community college based on the needs of the college. work hours shifts days and work locations may vary depending on the needs of southeast community college and are subject to modification. emergency or scheduled special activities may require hours outside of the regular workweek.required knowledge skills and abilitiespossess specific knowledge and experience in the computer information technology field. this will include the following focusing on but not limited to windows command prompt linux command line powershell it fundamentals programming logic and networking concepts.ability to maintain classroom and computer lab environments conducive to learning including classroom management and conflict resolution.possess positive and cooperative interaction with colleagues staff students and supervisors.demonstrate effective oral and written communication relevant to teaching diverse students.devise and utilize appropriate evaluation methods for the classroom laboratory internet and or distance learning use that simulate real business and industry processes.objectively evaluate assignments and lab activities completed by students.prepare lectures tests quizzes and engaged learning laboratory experiences pertinent to the curriculum.grade all assigned work within seven calendar days. keep students informed via feedback on their progress.ability to organize and present logical course material in a timely manner using effective communication skills prepare and provide this information for various classroom formats including online learning management systems lms .actively research classroom material for lectures lessons. maintain quality resources in books people computer information technology associations and or the internet.conducts classroom instruction for the entire time as described by the course descriptions for all assigned program courses.ability to lecture instruct for two 2 hours.participate develop and implement college recruiting activities to attract students to a career in computer information technology.participate as a cooperative team member of the computer information technology faculty to strengthen the program respond to industry needs to prepare student workers and help students develop positive work ethics for successful employment.ability to lift and carry up to 50 fifty pounds for short distances and move tables chairs and media equipment.ability to communicate effectively both in writing in person and on the phone.ability to use basic computer skills.the individual must possess the above skills and abilities or be able to explain and demonstrate that the individual can perform the essential functions of the job with or without reasonable accommodation using some other combination of skills and abilities. minimum qualifications associate of applied science degree in computer information technology and or bachelor s degree in any fieldtested experience as defined by the program in computer information technology the examination will include knowledge and or physical demonstration of competencies related to computer hardware functions and terminology windows and linux operating system file management commands programming logic and foundational network concepts. relevant industry recognized certificates could replace the need for the examination process. relevant certifications that may substitute for tested experience would include but are not limited to testout pc pro or comptia a+ certifications mcsa windows server 2016 exams 70 740 or 70 742 exams comp tia security + or security pro certifications or lpic 2 linux professional institute certification.,"['general', 'direction', 'supervision', 'associate', 'dean', 'dean', 'instructor', 'computer', 'information', 'technology', 'cultivates', 'learner', 'dynamic', 'fast', 'paced', 'industry', 'instructor', 'responsible', 'keeping', 'date', 'current', 'industry', 'developing', 'updating', 'course', 'different', 'delivery', 'format', 'classroom', 'hybrid', 'synchronous', 'online', 'asynchronous', 'online', 'full', 'time', 'regular', 'position', 'course', 'focused', 'limited', 'window', 'command', 'prompt', 'linux', 'command', 'line', 'basic', 'powershell', 'fundamental', 'programming', 'logic', 'networking', 'concept', 'southeast', 'community', 'college', 'offer', 'competitive', 'compensation', 'robust', 'benefit', 'package', 'including', 'limited', 'medical', 'dental', 'insurance', 'b', 'retirement', 'college', 'matching', 'contribution', 'vision', 'insurance', 'flexible', 'spending', 'account', 'tuition', 'reimbursement', 'southeast', 'community', 'college', 'also', 'offer', 'extensive', 'leave', 'plan', 'addition', 'southeast', 'community', 'college', 'make', 'available', 'full', 'time', 'employee', 'use', 'ben', 'dollar', 'cash', 'lieu', 'potential', 'certain', 'coverage', 'level', 'cover', 'medical', 'dental', 'premium', 'essential', 'functionsprovide', 'student', 'instruction', 'assigned', 'program', 'coursesconstruct', 'relationship', 'diverse', 'learner', 'develop', 'deliver', 'engaging', 'lesson', 'assigned', 'program', 'course', 'build', 'curriculum', 'lesson', 'plan', 'assignment', 'test', 'subject', 'program', 'approval', 'developing', 'course', 'shared', 'responsibility', 'based', 'dean', 'associate', 'dean', 'program', 'director', 'consideration', 'industry', 'leader', 'feedback', 'operate', 'appropriate', 'audio', 'visual', 'multimedia', 'equipment', 'software', 'create', 'develop', 'teaching', 'aid', 'supplementscreate', 'visual', 'communication', 'presentation', 'enhance', 'engaged', 'learning', 'college', 'current', 'visual', 'audio', 'equipment', 'program', 'application', 'keep', 'date', 'current', 'trend', 'reflect', 'method', 'used', 'computer', 'information', 'technology', 'industry', 'develop', 'new', 'course', 'update', 'existing', 'coursescollaborate', 'others', 'add', 'develop', 'implement', 'change', 'current', 'course', 'keep', 'computer', 'information', 'technology', 'program', 'current', 'develop', 'course', 'include', 'writing', 'course', 'objective', 'syllabus', 'handout', 'test', 'researching', 'textbook', 'online', 'resource', 'data', 'course', 'use', 'maintain', 'upgrade', 'computer', 'information', 'technology', 'equipmentensure', 'classroom', 'computer', 'lab', 'online', 'equipment', 'suitable', 'engaged', 'learning', 'working', 'order', 'student', 'use', 'complete', 'maintain', 'program', 'student', 'recordsfollow', 'state', 'federal', 'guideline', 'student', 'record', 'maintain', 'permanent', 'student', 'record', 'grade', 'book', 'attendance', 'student', 'achievement', 'course', 'taught', 'use', 'promote', 'online', 'instructional', 'learning', 'management', 'software', 'lm', 'self', 'service', 'office', 'hub', 'provide', 'recommendation', 'capital', 'equipment', 'purchase', 'instructional', 'supply', 'equipment', 'maintain', 'technical', 'competency', 'teaching', 'areaattend', 'seminar', 'professional', 'association', 'meeting', 'conference', 'educational', 'workshop', 'related', 'training', 'session', 'stay', 'technically', 'competent', 'participate', 'college', 'activity', 'related', 'professional', 'development', 'diversity', 'safety', 'participate', 'area', 'campus', 'based', 'program', 'activity', 'teamsactively', 'engage', 'support', 'program', 'activity', 'advisory', 'team', 'meeting', 'open', 'house', 'division', 'meeting', 'etc', 'college', 'activity', 'team', 'requested', 'act', 'program', 'advisor', 'student', 'computer', 'information', 'technology', 'program', 'mentor', 'support', 'advise', 'student', 'academic', 'standing', 'progress', 'academic', 'map', 'demonstrating', 'course', 'needed', 'graduation', 'explain', 'college', 'policy', 'procedure', 'student', 'complete', 'record', 'form', 'etc', 'needed', 'articulation', 'program', 'operation', 'individual', 'development', 'plandevelop', 'individualized', 'development', 'plan', 'cooperation', 'associate', 'dean', 'defined', 'supported', 'professional', 'development', 'website', 'professional', 'developmentfaculty', 'must', 'compile', 'different', 'professional', 'development', 'activity', 'year', 'defined', 'supported', 'professional', 'development', 'website', 'annual', 'safety', 'trainingfaculty', 'must', 'complete', 'annual', 'safety', 'training', 'required', 'college', 'perform', 'campus', 'program', 'duty', 'assigned', 'including', 'limited', 'substitute', 'teach', 'required', 'budget', 'development', 'advise', 'co', 'program', 'director', 'requested', 'support', 'promote', 'college', 'campus', 'computer', 'information', 'technology', 'program', 'support', 'student', 'recruitment', 'assist', 'security', 'college', 'program', 'facility', 'instrument', 'tool', 'material', 'equipment', 'assist', 'supervising', 'student', 'help', 'participation', 'determining', 'updating', 'strategic', 'plan', 'completion', 'annual', 'assessment', 'process', 'teach', 'evening', 'continuing', 'education', 'campus', 'computer', 'information', 'technology', 'class', 'customized', 'training', 'class', 'marginal', 'functionsserve', 'program', 'advisor', 'computer', 'information', 'technology', 'program', 'provide', 'instructional', 'assistance', 'college', 'division', 'program', 'requested', 'ensure', 'quality', 'education', 'student', 'college', 'policy', 'procedure', 'followed', 'teach', 'evening', 'continuing', 'education', 'campus', 'computer', 'information', 'technology', 'class', 'customized', 'training', 'class', 'perform', 'related', 'duty', 'within', 'division', 'program', 'assigned', 'may', 'required', 'perform', 'associated', 'duty', 'function', 'assignment', 'division', 'program', 'area', 'required', 'perform', 'college', 'function', 'duty', 'assigned', 'must', 'able', 'work', 'varied', 'day', 'hour', 'shift', 'location', 'campus', 'required', 'work', 'schedule', 'hour', 'day', 'work', 'location', 'scheduled', 'southeast', 'community', 'college', 'based', 'need', 'college', 'work', 'hour', 'shift', 'day', 'work', 'location', 'may', 'vary', 'depending', 'need', 'southeast', 'community', 'college', 'subject', 'modification', 'emergency', 'scheduled', 'special', 'activity', 'may', 'require', 'hour', 'outside', 'regular', 'workweek', 'required', 'knowledge', 'skill', 'abilitiespossess', 'specific', 'knowledge', 'experience', 'computer', 'information', 'technology', 'field', 'include', 'following', 'focusing', 'limited', 'window', 'command', 'prompt', 'linux', 'command', 'line', 'powershell', 'fundamental', 'programming', 'logic', 'networking', 'concept', 'ability', 'maintain', 'classroom', 'computer', 'lab', 'environment', 'conducive', 'learning', 'including', 'classroom', 'management', 'conflict', 'resolution', 'possess', 'positive', 'cooperative', 'interaction', 'colleague', 'staff', 'student', 'supervisor', 'demonstrate', 'effective', 'oral', 'written', 'communication', 'relevant', 'teaching', 'diverse', 'student', 'devise', 'utilize', 'appropriate', 'evaluation', 'method', 'classroom', 'laboratory', 'internet', 'distance', 'learning', 'use', 'simulate', 'real', 'business', 'industry', 'process', 'objectively', 'evaluate', 'assignment', 'lab', 'activity', 'completed', 'student', 'prepare', 'lecture', 'test', 'quiz', 'engaged', 'learning', 'laboratory', 'experience', 'pertinent', 'curriculum', 'grade', 'assigned', 'work', 'within', 'seven', 'calendar', 'day', 'keep', 'student', 'informed', 'via', 'feedback', 'progress', 'ability', 'organize', 'present', 'logical', 'course', 'material', 'timely', 'manner', 'using', 'effective', 'communication', 'skill', 'prepare', 'provide', 'information', 'various', 'classroom', 'format', 'including', 'online', 'learning', 'management', 'system', 'lm', 'actively', 'research', 'classroom', 'material', 'lecture', 'lesson', 'maintain', 'quality', 'resource', 'book', 'people', 'computer', 'information', 'technology', 'association', 'internet', 'conduct', 'classroom', 'instruction', 'entire', 'time', 'described', 'course', 'description', 'assigned', 'program', 'course', 'ability', 'lecture', 'instruct', 'two', 'hour', 'participate', 'develop', 'implement', 'college', 'recruiting', 'activity', 'attract', 'student', 'career', 'computer', 'information', 'technology', 'participate', 'cooperative', 'team', 'member', 'computer', 'information', 'technology', 'faculty', 'strengthen', 'program', 'respond', 'industry', 'need', 'prepare', 'student', 'worker', 'help', 'student', 'develop', 'positive', 'work', 'ethic', 'successful', 'employment', 'ability', 'lift', 'carry', 'fifty', 'pound', 'short', 'distance', 'move', 'table', 'chair', 'medium', 'equipment', 'ability', 'communicate', 'effectively', 'writing', 'person', 'phone', 'ability', 'use', 'basic', 'computer', 'skill', 'individual', 'must', 'possess', 'skill', 'ability', 'able', 'explain', 'demonstrate', 'individual', 'perform', 'essential', 'function', 'job', 'without', 'reasonable', 'accommodation', 'using', 'combination', 'skill', 'ability', 'minimum', 'qualification', 'associate', 'applied', 'science', 'degree', 'computer', 'information', 'technology', 'bachelor', 'degree', 'fieldtested', 'experience', 'defined', 'program', 'computer', 'information', 'technology', 'examination', 'include', 'knowledge', 'physical', 'demonstration', 'competency', 'related', 'computer', 'hardware', 'function', 'terminology', 'window', 'linux', 'operating', 'system', 'file', 'management', 'command', 'programming', 'logic', 'foundational', 'network', 'concept', 'relevant', 'industry', 'recognized', 'certificate', 'could', 'replace', 'need', 'examination', 'process', 'relevant', 'certification', 'may', 'substitute', 'tested', 'experience', 'would', 'include', 'limited', 'testout', 'pc', 'pro', 'comptia', 'a+', 'certification', 'mcsa', 'window', 'server', 'exam', 'exam', 'comp', 'tia', 'security', 'security', 'pro', 'certification', 'lpic', 'linux', 'professional', 'institute', 'certification']",general direction supervision associate dean dean instructor computer information technology cultivates learner dynamic fast paced industry instructor responsible keeping date current industry developing updating course different delivery format classroom hybrid synchronous online asynchronous online full time regular position course focused limited window command prompt linux command line basic powershell fundamental programming logic networking concept southeast community college offer competitive compensation robust benefit package including limited medical dental insurance b retirement college matching contribution vision insurance flexible spending account tuition reimbursement southeast community college also offer extensive leave plan addition southeast community college make available full time employee use ben dollar cash lieu potential certain coverage level cover medical dental premium essential functionsprovide student instruction assigned program coursesconstruct relationship diverse learner develop deliver engaging lesson assigned program course build curriculum lesson plan assignment test subject program approval developing course shared responsibility based dean associate dean program director consideration industry leader feedback operate appropriate audio visual multimedia equipment software create develop teaching aid supplementscreate visual communication presentation enhance engaged learning college current visual audio equipment program application keep date current trend reflect method used computer information technology industry develop new course update existing coursescollaborate others add develop implement change current course keep computer information technology program current develop course include writing course objective syllabus handout test researching textbook online resource data course use maintain upgrade computer information technology equipmentensure classroom computer lab online equipment suitable engaged learning working order student use complete maintain program student recordsfollow state federal guideline student record maintain permanent student record grade book attendance student achievement course taught use promote online instructional learning management software lm self service office hub provide recommendation capital equipment purchase instructional supply equipment maintain technical competency teaching areaattend seminar professional association meeting conference educational workshop related training session stay technically competent participate college activity related professional development diversity safety participate area campus based program activity teamsactively engage support program activity advisory team meeting open house division meeting etc college activity team requested act program advisor student computer information technology program mentor support advise student academic standing progress academic map demonstrating course needed graduation explain college policy procedure student complete record form etc needed articulation program operation individual development plandevelop individualized development plan cooperation associate dean defined supported professional development website professional developmentfaculty must compile different professional development activity year defined supported professional development website annual safety trainingfaculty must complete annual safety training required college perform campus program duty assigned including limited substitute teach required budget development advise co program director requested support promote college campus computer information technology program support student recruitment assist security college program facility instrument tool material equipment assist supervising student help participation determining updating strategic plan completion annual assessment process teach evening continuing education campus computer information technology class customized training class marginal functionsserve program advisor computer information technology program provide instructional assistance college division program requested ensure quality education student college policy procedure followed teach evening continuing education campus computer information technology class customized training class perform related duty within division program assigned may required perform associated duty function assignment division program area required perform college function duty assigned must able work varied day hour shift location campus required work schedule hour day work location scheduled southeast community college based need college work hour shift day work location may vary depending need southeast community college subject modification emergency scheduled special activity may require hour outside regular workweek required knowledge skill abilitiespossess specific knowledge experience computer information technology field include following focusing limited window command prompt linux command line powershell fundamental programming logic networking concept ability maintain classroom computer lab environment conducive learning including classroom management conflict resolution possess positive cooperative interaction colleague staff student supervisor demonstrate effective oral written communication relevant teaching diverse student devise utilize appropriate evaluation method classroom laboratory internet distance learning use simulate real business industry process objectively evaluate assignment lab activity completed student prepare lecture test quiz engaged learning laboratory experience pertinent curriculum grade assigned work within seven calendar day keep student informed via feedback progress ability organize present logical course material timely manner using effective communication skill prepare provide information various classroom format including online learning management system lm actively research classroom material lecture lesson maintain quality resource book people computer information technology association internet conduct classroom instruction entire time described course description assigned program course ability lecture instruct two hour participate develop implement college recruiting activity attract student career computer information technology participate cooperative team member computer information technology faculty strengthen program respond industry need prepare student worker help student develop positive work ethic successful employment ability lift carry fifty pound short distance move table chair medium equipment ability communicate effectively writing person phone ability use basic computer skill individual must possess skill ability able explain demonstrate individual perform essential function job without reasonable accommodation using combination skill ability minimum qualification associate applied science degree computer information technology bachelor degree fieldtested experience defined program computer information technology examination include knowledge physical demonstration competency related computer hardware function terminology window linux operating system file management command programming logic foundational network concept relevant industry recognized certificate could replace need examination process relevant certification may substitute tested experience would include limited testout pc pro comptia a+ certification mcsa window server exam exam comp tia security security pro certification lpic linux professional institute certification
